# A conformance case of JPEG-Unround, written by conformance/generate.py: the quantized
# coefficients of a picture and the options of its reconstruction; what the Python
# implementation made of them; the exact centres; and what bounds the rounding of that
# run, from which conformance/bounds.py computes the tolerances at the end (docs/math.md, 9).
# Each line is a keyword and its values. Numbers are decimal, each double the shortest
# decimal that reads back as it; an exact centre is hi:lo, two doubles whose sum is the
# value to about 2^-106 of it.
name colour444-tv-step
picture 16 24 ycbcr
component 0 1 1 2 3
table 0 24 16 15 24 36 60 76 92 18 18 21 28 39 87 90 82 21 20 24 36 60 86 104 84 21 26 33 44 76 130 120 93 27 33 56 84 102 164 154 116 36 52 82 96 122 156 170 138 74 96 117 130 154 182 180 152 108 138 142 147 168 150 154 148
levels 0 0 12 -1 -6 1 0 0 0 0 6 2 -2 0 0 0 0 0 -4 -1 1 0 0 0 0 0 -1 0 0 0 0 0 0 0 1 1 0 0 0 0 0 0 0 0 0 0 0 0 0 0 0 0 0 0 0 0 0 0 0 0 0 0 0 0 0 0 -1 6 0 1 0 0 0 0 -4 3 0 -1 0 0 0 0 1 -3 0 0 0 0 0 0 0 -1 0 0 0 0 0 0 -1 0 0 0 0 0 0 0 0 0 0 0 0 0 0 0 0 0 0 0 0 0 0 0 0 0 0 0 0 0 0 0 -11 -2 1 -1 0 0 0 0 4 -5 -4 -1 0 0 0 0 2 2 1 0 0 0 0 0 -1 1 0 0 0 0 0 0 1 -1 0 0 0 0 0 0 0 0 0 0 0 0 0 0 0 0 0 0 0 0 0 0 0 0 0 0 0 0 0 0
levels 0 1 -9 -1 4 0 0 0 0 0 5 -3 0 0 0 0 0 0 2 3 -2 1 0 0 0 0 -2 -1 0 0 0 0 0 0 1 1 0 0 0 0 0 0 0 -1 0 0 0 0 0 0 0 0 0 0 0 0 0 0 0 0 0 0 0 0 0 0 -2 -3 0 -1 0 0 0 0 4 1 0 1 0 0 0 0 -1 -4 0 1 0 0 0 0 2 0 0 0 0 0 0 0 -1 -1 0 0 0 0 0 0 1 1 0 0 0 0 0 0 0 0 0 0 0 0 0 0 0 0 0 0 0 0 0 0 2 1 -1 0 0 0 0 0 -11 3 3 1 0 0 0 0 2 0 1 0 0 0 0 0 -2 1 1 0 0 0 0 0 1 0 0 0 0 0 0 0 -1 0 0 0 0 0 0 0 0 0 0 0 0 0 0 0 0 0 0 0 0 0 0 0
component 1 1 1 2 3
table 1 26 27 36 70 148 148 148 148 27 32 39 99 148 148 148 148 36 39 84 148 148 148 148 148 70 99 148 148 148 148 148 148 148 148 148 148 148 148 148 148 148 148 148 148 148 148 148 148 148 148 148 148 148 148 148 148 148 148 148 148 148 148 148 148
levels 1 0 -4 -3 0 0 0 0 0 0 0 0 0 0 0 0 0 0 0 0 0 0 0 0 0 0 0 0 0 0 0 0 0 0 0 0 0 0 0 0 0 0 0 0 0 0 0 0 0 0 0 0 0 0 0 0 0 0 0 0 0 0 0 0 0 0 6 -2 0 0 0 0 0 0 -1 0 0 0 0 0 0 0 0 0 0 0 0 0 0 0 0 0 0 0 0 0 0 0 0 0 0 0 0 0 0 0 0 0 0 0 0 0 0 0 0 0 0 0 0 0 0 0 0 0 0 0 0 0 0 0 9 1 0 0 0 0 0 0 -1 0 0 0 0 0 0 0 0 0 0 0 0 0 0 0 0 0 0 0 0 0 0 0 0 0 0 0 0 0 0 0 0 0 0 0 0 0 0 0 0 0 0 0 0 0 0 0 0 0 0 0 0 0 0 0
levels 1 1 -1 -1 0 0 0 0 0 0 -2 -1 0 0 0 0 0 0 0 0 0 0 0 0 0 0 0 0 0 0 0 0 0 0 0 0 0 0 0 0 0 0 0 0 0 0 0 0 0 0 0 0 0 0 0 0 0 0 0 0 0 0 0 0 0 0 2 -1 0 0 0 0 0 0 2 -1 0 0 0 0 0 0 0 0 0 0 0 0 0 0 0 0 0 0 0 0 0 0 0 0 0 0 0 0 0 0 0 0 0 0 0 0 0 0 0 0 0 0 0 0 0 0 0 0 0 0 0 0 0 0 3 0 0 0 0 0 0 0 4 0 0 0 0 0 0 0 0 0 0 0 0 0 0 0 0 0 0 0 0 0 0 0 0 0 0 0 0 0 0 0 0 0 0 0 0 0 0 0 0 0 0 0 0 0 0 0 0 0 0 0 0 0 0 0
component 2 1 1 2 3
table 2 26 27 36 70 148 148 148 148 27 32 39 99 148 148 148 148 36 39 84 148 148 148 148 148 70 99 148 148 148 148 148 148 148 148 148 148 148 148 148 148 148 148 148 148 148 148 148 148 148 148 148 148 148 148 148 148 148 148 148 148 148 148 148 148
levels 2 0 4 3 0 0 0 0 0 0 0 0 0 0 0 0 0 0 0 0 0 0 0 0 0 0 0 0 0 0 0 0 0 0 0 0 0 0 0 0 0 0 0 0 0 0 0 0 0 0 0 0 0 0 0 0 0 0 0 0 0 0 0 0 0 0 -6 2 0 0 0 0 0 0 1 0 0 0 0 0 0 0 0 0 0 0 0 0 0 0 0 0 0 0 0 0 0 0 0 0 0 0 0 0 0 0 0 0 0 0 0 0 0 0 0 0 0 0 0 0 0 0 0 0 0 0 0 0 0 0 -9 0 0 0 0 0 0 0 1 0 0 0 0 0 0 0 1 0 0 0 0 0 0 0 0 0 0 0 0 0 0 0 0 0 0 0 0 0 0 0 0 0 0 0 0 0 0 0 0 0 0 0 0 0 0 0 0 0 0 0 0 0 0 0
levels 2 1 1 1 0 0 0 0 0 0 2 1 0 0 0 0 0 0 0 0 0 0 0 0 0 0 0 0 0 0 0 0 0 0 0 0 0 0 0 0 0 0 0 0 0 0 0 0 0 0 0 0 0 0 0 0 0 0 0 0 0 0 0 0 0 0 -2 1 0 0 0 0 0 0 -2 1 0 0 0 0 0 0 0 0 0 0 0 0 0 0 0 0 0 0 0 0 0 0 0 0 0 0 0 0 0 0 0 0 0 0 0 0 0 0 0 0 0 0 0 0 0 0 0 0 0 0 0 0 0 0 -3 0 0 0 0 0 0 0 -4 0 0 0 0 0 0 0 0 0 0 0 0 0 0 0 0 0 0 0 0 0 0 0 0 0 0 0 0 0 0 0 0 0 0 0 0 0 0 0 0 0 0 0 0 0 0 0 0 0 0 0 0 0 0 0
options --method tv --alpha 1.0 --alpha1 1.0 --alpha0 2.0 --channels coupled --mu 0.001 --mu-scale 1.0 --mu-power 1.0 --weight-power 2.0 --dc-weight 0.0 --centres mmse --slack 0.0 --slack-cost 0.0 --relative-tolerance 0.0 --partial-tolerance 0.0 --step-product 0.99 --record-every 1 --free-radius 255.0 --iterations 1 --tolerance 0.0 --relaxation 1.0 --subgradient-iterations 50 --subgradient-record-every 1 --subgradient-step 0.5 --subgradient-decay 0.5
steps 1.9267848867997692 0.06422616289332565
weights 0 0.0 3.90625e-06 4.444444444444444e-06 1.7361111111111112e-06 7.71604938271605e-07 2.7777777777777776e-07 1.7313019390581717e-07 1.1814744801512288e-07 3.08641975308642e-06 3.08641975308642e-06 2.2675736961451247e-06 1.2755102040816327e-06 6.574621959237344e-07 1.321178491214163e-07 1.234567901234568e-07 1.48720999405116e-07 2.2675736961451247e-06 2.5e-06 1.7361111111111112e-06 7.71604938271605e-07 2.7777777777777776e-07 1.3520822065981612e-07 9.245562130177515e-08 1.417233560090703e-07 2.2675736961451247e-06 1.4792899408284024e-06 9.182736455463728e-07 5.165289256198347e-07 1.7313019390581717e-07 5.9171597633136094e-08 6.944444444444444e-08 1.1562030292519366e-07 1.3717421124828533e-06 9.182736455463728e-07 3.1887755102040816e-07 1.417233560090703e-07 9.611687812379854e-08 3.7180249851279e-08 4.2165626581210995e-08 7.431629013079668e-08 7.71604938271605e-07 3.698224852071006e-07 1.48720999405116e-07 1.0850694444444445e-07 6.718624025799516e-08 4.10913872452334e-08 3.4602076124567476e-08 5.2509976895610165e-08 1.8261504747991236e-07 1.0850694444444445e-07 7.305135510263715e-08 5.9171597633136094e-08 4.2165626581210995e-08 3.018959062915107e-08 3.08641975308642e-08 4.328254847645429e-08 8.573388203017833e-08 5.2509976895610165e-08 4.959333465582226e-08 4.627701420704336e-08 3.543083900226757e-08 4.444444444444445e-08 4.2165626581210995e-08 4.565376186997809e-08
lower 0 0 1300.0 -24.0 -97.5 12.0 -18.0 -30.0 -38.0 -46.0 99.0 27.0 -52.5 -14.0 -19.5 -43.5 -45.0 -41.0 -94.5 -30.0 12.0 -18.0 -30.0 -43.0 -52.0 -42.0 -31.5 -13.0 -16.5 -22.0 -38.0 -65.0 -60.0 -46.5 13.5 16.5 -28.0 -42.0 -51.0 -82.0 -77.0 -58.0 -18.0 -26.0 -41.0 -48.0 -61.0 -78.0 -85.0 -69.0 -37.0 -48.0 -58.5 -65.0 -77.0 -91.0 -90.0 -76.0 -54.0 -69.0 -71.0 -73.5 -84.0 -75.0 -77.0 -74.0 988.0 88.0 -7.5 12.0 -18.0 -30.0 -38.0 -46.0 -81.0 45.0 -10.5 -42.0 -19.5 -43.5 -45.0 -41.0 10.5 -70.0 -12.0 -18.0 -30.0 -43.0 -52.0 -42.0 -10.5 -39.0 -16.5 -22.0 -38.0 -65.0 -60.0 -46.5 -40.5 -16.5 -28.0 -42.0 -51.0 -82.0 -77.0 -58.0 -18.0 -26.0 -41.0 -48.0 -61.0 -78.0 -85.0 -69.0 -37.0 -48.0 -58.5 -65.0 -77.0 -91.0 -90.0 -76.0 -54.0 -69.0 -71.0 -73.5 -84.0 -75.0 -77.0 -74.0 748.0 -40.0 7.5 -36.0 -18.0 -30.0 -38.0 -46.0 63.0 -99.0 -94.5 -42.0 -19.5 -43.5 -45.0 -41.0 31.5 30.0 12.0 -18.0 -30.0 -43.0 -52.0 -42.0 -31.5 13.0 -16.5 -22.0 -38.0 -65.0 -60.0 -46.5 13.5 -49.5 -28.0 -42.0 -51.0 -82.0 -77.0 -58.0 -18.0 -26.0 -41.0 -48.0 -61.0 -78.0 -85.0 -69.0 -37.0 -48.0 -58.5 -65.0 -77.0 -91.0 -90.0 -76.0 -54.0 -69.0 -71.0 -73.5 -84.0 -75.0 -77.0 -74.0
lower 0 1 796.0 -24.0 52.5 -12.0 -18.0 -30.0 -38.0 -46.0 81.0 -63.0 -10.5 -14.0 -19.5 -43.5 -45.0 -41.0 31.5 50.0 -60.0 18.0 -30.0 -43.0 -52.0 -42.0 -52.5 -39.0 -16.5 -22.0 -38.0 -65.0 -60.0 -46.5 13.5 16.5 -28.0 -42.0 -51.0 -82.0 -77.0 -58.0 -18.0 -78.0 -41.0 -48.0 -61.0 -78.0 -85.0 -69.0 -37.0 -48.0 -58.5 -65.0 -77.0 -91.0 -90.0 -76.0 -54.0 -69.0 -71.0 -73.5 -84.0 -75.0 -77.0 -74.0 964.0 -56.0 -7.5 -36.0 -18.0 -30.0 -38.0 -46.0 63.0 9.0 -10.5 14.0 -19.5 -43.5 -45.0 -41.0 -31.5 -90.0 -12.0 18.0 -30.0 -43.0 -52.0 -42.0 31.5 -13.0 -16.5 -22.0 -38.0 -65.0 -60.0 -46.5 -40.5 -49.5 -28.0 -42.0 -51.0 -82.0 -77.0 -58.0 18.0 26.0 -41.0 -48.0 -61.0 -78.0 -85.0 -69.0 -37.0 -48.0 -58.5 -65.0 -77.0 -91.0 -90.0 -76.0 -54.0 -69.0 -71.0 -73.5 -84.0 -75.0 -77.0 -74.0 1060.0 8.0 -22.5 -12.0 -18.0 -30.0 -38.0 -46.0 -207.0 45.0 52.5 14.0 -19.5 -43.5 -45.0 -41.0 31.5 -10.0 12.0 -18.0 -30.0 -43.0 -52.0 -42.0 -52.5 13.0 16.5 -22.0 -38.0 -65.0 -60.0 -46.5 13.5 -16.5 -28.0 -42.0 -51.0 -82.0 -77.0 -58.0 -54.0 -26.0 -41.0 -48.0 -61.0 -78.0 -85.0 -69.0 -37.0 -48.0 -58.5 -65.0 -77.0 -91.0 -90.0 -76.0 -54.0 -69.0 -71.0 -73.5 -84.0 -75.0 -77.0 -74.0
upper 0 0 1324.0 -8.0 -82.5 36.0 18.0 30.0 38.0 46.0 117.0 45.0 -31.5 14.0 19.5 43.5 45.0 41.0 -73.5 -10.0 36.0 18.0 30.0 43.0 52.0 42.0 -10.5 13.0 16.5 22.0 38.0 65.0 60.0 46.5 40.5 49.5 28.0 42.0 51.0 82.0 77.0 58.0 18.0 26.0 41.0 48.0 61.0 78.0 85.0 69.0 37.0 48.0 58.5 65.0 77.0 91.0 90.0 76.0 54.0 69.0 71.0 73.5 84.0 75.0 77.0 74.0 1012.0 104.0 7.5 36.0 18.0 30.0 38.0 46.0 -63.0 63.0 10.5 -14.0 19.5 43.5 45.0 41.0 31.5 -50.0 12.0 18.0 30.0 43.0 52.0 42.0 10.5 -13.0 16.5 22.0 38.0 65.0 60.0 46.5 -13.5 16.5 28.0 42.0 51.0 82.0 77.0 58.0 18.0 26.0 41.0 48.0 61.0 78.0 85.0 69.0 37.0 48.0 58.5 65.0 77.0 91.0 90.0 76.0 54.0 69.0 71.0 73.5 84.0 75.0 77.0 74.0 772.0 -24.0 22.5 -12.0 18.0 30.0 38.0 46.0 81.0 -81.0 -73.5 -14.0 19.5 43.5 45.0 41.0 52.5 50.0 36.0 18.0 30.0 43.0 52.0 42.0 -10.5 39.0 16.5 22.0 38.0 65.0 60.0 46.5 40.5 -16.5 28.0 42.0 51.0 82.0 77.0 58.0 18.0 26.0 41.0 48.0 61.0 78.0 85.0 69.0 37.0 48.0 58.5 65.0 77.0 91.0 90.0 76.0 54.0 69.0 71.0 73.5 84.0 75.0 77.0 74.0
upper 0 1 820.0 -8.0 67.5 12.0 18.0 30.0 38.0 46.0 99.0 -45.0 10.5 14.0 19.5 43.5 45.0 41.0 52.5 70.0 -36.0 54.0 30.0 43.0 52.0 42.0 -31.5 -13.0 16.5 22.0 38.0 65.0 60.0 46.5 40.5 49.5 28.0 42.0 51.0 82.0 77.0 58.0 18.0 -26.0 41.0 48.0 61.0 78.0 85.0 69.0 37.0 48.0 58.5 65.0 77.0 91.0 90.0 76.0 54.0 69.0 71.0 73.5 84.0 75.0 77.0 74.0 988.0 -40.0 7.5 -12.0 18.0 30.0 38.0 46.0 81.0 27.0 10.5 42.0 19.5 43.5 45.0 41.0 -10.5 -70.0 12.0 54.0 30.0 43.0 52.0 42.0 52.5 13.0 16.5 22.0 38.0 65.0 60.0 46.5 -13.5 -16.5 28.0 42.0 51.0 82.0 77.0 58.0 54.0 78.0 41.0 48.0 61.0 78.0 85.0 69.0 37.0 48.0 58.5 65.0 77.0 91.0 90.0 76.0 54.0 69.0 71.0 73.5 84.0 75.0 77.0 74.0 1084.0 24.0 -7.5 12.0 18.0 30.0 38.0 46.0 -189.0 63.0 73.5 42.0 19.5 43.5 45.0 41.0 52.5 10.0 36.0 18.0 30.0 43.0 52.0 42.0 -31.5 39.0 49.5 22.0 38.0 65.0 60.0 46.5 40.5 16.5 28.0 42.0 51.0 82.0 77.0 58.0 -18.0 26.0 41.0 48.0 61.0 78.0 85.0 69.0 37.0 48.0 58.5 65.0 77.0 91.0 90.0 76.0 54.0 69.0 71.0 73.5 84.0 75.0 77.0 74.0
centres 0 0 1312.0 -15.421400863131844 -89.39352899360925 21.072340386650517 -0.0 -0.0 -0.0 -0.0 107.73474230271107 35.46611853702832 -40.908236817129655 -0.0 -0.0 -0.0 -0.0 -0.0 -83.10991896839558 -19.236374984607142 21.68442087022536 -0.0 -0.0 -0.0 -0.0 -0.0 -19.687020315428057 -0.0 -0.0 -0.0 -0.0 -0.0 -0.0 -0.0 24.57645911892461 28.97446803164446 -0.0 -0.0 -0.0 -0.0 -0.0 -0.0 -0.0 -0.0 -0.0 -0.0 -0.0 -0.0 -0.0 -0.0 -0.0 -0.0 -0.0 -0.0 -0.0 -0.0 -0.0 -0.0 -0.0 -0.0 -0.0 -0.0 -0.0 -0.0 -0.0 -0.0 1000.0 95.42140086313185 -0.0 21.072340386650517 -0.0 -0.0 -0.0 -0.0 -71.73474230271107 53.46611853702832 -0.0 -24.584397117758936 -0.0 -0.0 -0.0 -0.0 20.109918968395572 -59.23637498460714 -0.0 -0.0 -0.0 -0.0 -0.0 -0.0 -0.0 -22.828368752204725 -0.0 -0.0 -0.0 -0.0 -0.0 -0.0 -24.57645911892461 -0.0 -0.0 -0.0 -0.0 -0.0 -0.0 -0.0 -0.0 -0.0 -0.0 -0.0 -0.0 -0.0 -0.0 -0.0 -0.0 -0.0 -0.0 -0.0 -0.0 -0.0 -0.0 -0.0 -0.0 -0.0 -0.0 -0.0 -0.0 -0.0 -0.0 -0.0 760.0 -31.421400863131844 14.393528993609262 -21.072340386650517 -0.0 -0.0 -0.0 -0.0 71.73474230271107 -89.46611853702832 -82.90823681712966 -24.584397117758936 -0.0 -0.0 -0.0 -0.0 41.10991896839557 39.236374984607146 21.68442087022536 -0.0 -0.0 -0.0 -0.0 -0.0 -19.687020315428057 22.828368752204725 -0.0 -0.0 -0.0 -0.0 -0.0 -0.0 24.57645911892461 -28.97446803164446 -0.0 -0.0 -0.0 -0.0 -0.0 -0.0 -0.0 -0.0 -0.0 -0.0 -0.0 -0.0 -0.0 -0.0 -0.0 -0.0 -0.0 -0.0 -0.0 -0.0 -0.0 -0.0 -0.0 -0.0 -0.0 -0.0 -0.0 -0.0 -0.0 -0.0
centres 0 1 808.0 -15.421400863131844 59.393528993609266 -0.0 -0.0 -0.0 -0.0 -0.0 89.73474230271107 -53.46611853702832 -0.0 -0.0 -0.0 -0.0 -0.0 -0.0 41.10991896839557 59.23637498460714 -45.68442087022537 29.233860921580956 -0.0 -0.0 -0.0 -0.0 -40.68702031542806 -22.828368752204725 -0.0 -0.0 -0.0 -0.0 -0.0 -0.0 24.57645911892461 28.97446803164446 -0.0 -0.0 -0.0 -0.0 -0.0 -0.0 -0.0 -42.22668799783916 -0.0 -0.0 -0.0 -0.0 -0.0 -0.0 -0.0 -0.0 -0.0 -0.0 -0.0 -0.0 -0.0 -0.0 -0.0 -0.0 -0.0 -0.0 -0.0 -0.0 -0.0 -0.0 976.0 -47.42140086313184 -0.0 -21.072340386650517 -0.0 -0.0 -0.0 -0.0 71.73474230271107 17.466118537028322 -0.0 24.584397117758936 -0.0 -0.0 -0.0 -0.0 -20.109918968395572 -79.23637498460714 -0.0 29.233860921580956 -0.0 -0.0 -0.0 -0.0 40.68702031542806 -0.0 -0.0 -0.0 -0.0 -0.0 -0.0 -0.0 -24.57645911892461 -28.97446803164446 -0.0 -0.0 -0.0 -0.0 -0.0 -0.0 29.233860921580956 42.22668799783916 -0.0 -0.0 -0.0 -0.0 -0.0 -0.0 -0.0 -0.0 -0.0 -0.0 -0.0 -0.0 -0.0 -0.0 -0.0 -0.0 -0.0 -0.0 -0.0 -0.0 -0.0 -0.0 1072.0 15.421400863131844 -14.393528993609262 -0.0 -0.0 -0.0 -0.0 -0.0 -197.73474230271106 53.46611853702832 61.908236817129655 24.584397117758936 -0.0 -0.0 -0.0 -0.0 41.10991896839557 -0.0 21.68442087022536 -0.0 -0.0 -0.0 -0.0 -0.0 -40.68702031542806 22.828368752204725 24.62424226968743 -0.0 -0.0 -0.0 -0.0 -0.0 24.57645911892461 -0.0 -0.0 -0.0 -0.0 -0.0 -0.0 -0.0 -29.233860921580956 -0.0 -0.0 -0.0 -0.0 -0.0 -0.0 -0.0 -0.0 -0.0 -0.0 -0.0 -0.0 -0.0 -0.0 -0.0 -0.0 -0.0 -0.0 -0.0 -0.0 -0.0 -0.0 -0.0
exact-centres 0 0 1312.0:0.0 -15.421400863131844:-7.796574699690926e-17 -89.39352899360927:3.415079206876249e-15 21.072340386650513:1.7454349578761268e-15 0.0:0.0 0.0:0.0 0.0:0.0 0.0:0.0 107.73474230271107:3.731054935264776e-15 35.46611853702832:9.219676804692098e-16 -40.908236817129655:-2.9534693007732426e-15 0.0:0.0 0.0:0.0 0.0:0.0 0.0:0.0 0.0:0.0 -83.10991896839558:4.265552072423832e-15 -19.236374984607142:1.88401028087593e-16 21.684420870225363:-1.6657344038214794e-15 0.0:0.0 0.0:0.0 0.0:0.0 0.0:0.0 0.0:0.0 -19.687020315428054:-1.217818047500068e-15 0.0:0.0 0.0:0.0 0.0:0.0 0.0:0.0 0.0:0.0 0.0:0.0 0.0:0.0 24.57645911892461:-8.08767456259437e-16 28.97446803164446:-1.596829821570889e-15 0.0:0.0 0.0:0.0 0.0:0.0 0.0:0.0 0.0:0.0 0.0:0.0 0.0:0.0 0.0:0.0 0.0:0.0 0.0:0.0 0.0:0.0 0.0:0.0 0.0:0.0 0.0:0.0 0.0:0.0 0.0:0.0 0.0:0.0 0.0:0.0 0.0:0.0 0.0:0.0 0.0:0.0 0.0:0.0 0.0:0.0 0.0:0.0 0.0:0.0 0.0:0.0 0.0:0.0 0.0:0.0 0.0:0.0 0.0:0.0 1000.0:0.0 95.42140086313185:-7.027461610604093e-15 0.0:0.0 21.072340386650513:1.7454349578761268e-15 0.0:0.0 0.0:0.0 0.0:0.0 0.0:0.0 -71.73474230271107:-3.731054935264776e-15 53.46611853702832:9.219676804692098e-16 0.0:0.0 -24.584397117758932:-1.4442218377220644e-15 0.0:0.0 0.0:0.0 0.0:0.0 0.0:0.0 20.109918968395572:-7.128383936233308e-16 -59.23637498460714:-3.3643126507129078e-15 0.0:0.0 0.0:0.0 0.0:0.0 0.0:0.0 0.0:0.0 0.0:0.0 0.0:0.0 -22.828368752204725:1.8152844160115477e-16 0.0:0.0 0.0:0.0 0.0:0.0 0.0:0.0 0.0:0.0 0.0:0.0 -24.57645911892461:8.08767456259437e-16 0.0:0.0 0.0:0.0 0.0:0.0 0.0:0.0 0.0:0.0 0.0:0.0 0.0:0.0 0.0:0.0 0.0:0.0 0.0:0.0 0.0:0.0 0.0:0.0 0.0:0.0 0.0:0.0 0.0:0.0 0.0:0.0 0.0:0.0 0.0:0.0 0.0:0.0 0.0:0.0 0.0:0.0 0.0:0.0 0.0:0.0 0.0:0.0 0.0:0.0 0.0:0.0 0.0:0.0 0.0:0.0 0.0:0.0 0.0:0.0 0.0:0.0 760.0:0.0 -31.421400863131844:-7.796574699690926e-17 14.393528993609262:1.3763447192425205e-16 -21.072340386650513:-1.7454349578761268e-15 0.0:0.0 0.0:0.0 0.0:0.0 0.0:0.0 71.73474230271107:3.731054935264776e-15 -89.46611853702832:-9.219676804692098e-16 -82.90823681712966:4.151958056827759e-15 -24.584397117758932:-1.4442218377220644e-15 0.0:0.0 0.0:0.0 0.0:0.0 0.0:0.0 41.10991896839557:2.8398752851771702e-15 39.23637498460714:3.3643126507129078e-15 21.684420870225363:-1.6657344038214794e-15 0.0:0.0 0.0:0.0 0.0:0.0 0.0:0.0 0.0:0.0 -19.687020315428054:-1.217818047500068e-15 22.828368752204725:-1.8152844160115477e-16 0.0:0.0 0.0:0.0 0.0:0.0 0.0:0.0 0.0:0.0 0.0:0.0 24.57645911892461:-8.08767456259437e-16 -28.97446803164446:1.596829821570889e-15 0.0:0.0 0.0:0.0 0.0:0.0 0.0:0.0 0.0:0.0 0.0:0.0 0.0:0.0 0.0:0.0 0.0:0.0 0.0:0.0 0.0:0.0 0.0:0.0 0.0:0.0 0.0:0.0 0.0:0.0 0.0:0.0 0.0:0.0 0.0:0.0 0.0:0.0 0.0:0.0 0.0:0.0 0.0:0.0 0.0:0.0 0.0:0.0 0.0:0.0 0.0:0.0 0.0:0.0 0.0:0.0 0.0:0.0 0.0:0.0
exact-centres 0 1 808.0:0.0 -15.421400863131844:-7.796574699690926e-17 59.393528993609266:-3.415079206876249e-15 0.0:0.0 0.0:0.0 0.0:0.0 0.0:0.0 0.0:0.0 89.73474230271107:3.731054935264776e-15 -53.46611853702832:-9.219676804692098e-16 0.0:0.0 0.0:0.0 0.0:0.0 0.0:0.0 0.0:0.0 0.0:0.0 41.10991896839557:2.8398752851771702e-15 59.23637498460714:3.3643126507129078e-15 -45.68442087022536:-1.8869792749790217e-15 29.233860921580956:-6.378077295937534e-16 0.0:0.0 0.0:0.0 0.0:0.0 0.0:0.0 -40.68702031542806:2.334895631300433e-15 -22.828368752204725:1.8152844160115477e-16 0.0:0.0 0.0:0.0 0.0:0.0 0.0:0.0 0.0:0.0 0.0:0.0 24.57645911892461:-8.08767456259437e-16 28.97446803164446:-1.596829821570889e-15 0.0:0.0 0.0:0.0 0.0:0.0 0.0:0.0 0.0:0.0 0.0:0.0 0.0:0.0 -42.22668799783916:1.3178590301308804e-16 0.0:0.0 0.0:0.0 0.0:0.0 0.0:0.0 0.0:0.0 0.0:0.0 0.0:0.0 0.0:0.0 0.0:0.0 0.0:0.0 0.0:0.0 0.0:0.0 0.0:0.0 0.0:0.0 0.0:0.0 0.0:0.0 0.0:0.0 0.0:0.0 0.0:0.0 0.0:0.0 0.0:0.0 0.0:0.0 976.0:0.0 -47.42140086313184:-7.796574699690926e-17 0.0:0.0 -21.072340386650513:-1.7454349578761268e-15 0.0:0.0 0.0:0.0 0.0:0.0 0.0:0.0 71.73474230271107:3.731054935264776e-15 17.466118537028322:9.219676804692098e-16 0.0:0.0 24.584397117758932:1.4442218377220644e-15 0.0:0.0 0.0:0.0 0.0:0.0 0.0:0.0 -20.109918968395572:7.128383936233308e-16 -79.23637498460714:-3.3643126507129078e-15 0.0:0.0 29.233860921580956:-6.378077295937534e-16 0.0:0.0 0.0:0.0 0.0:0.0 0.0:0.0 40.68702031542806:-2.334895631300433e-15 0.0:0.0 0.0:0.0 0.0:0.0 0.0:0.0 0.0:0.0 0.0:0.0 0.0:0.0 -24.57645911892461:8.08767456259437e-16 -28.97446803164446:1.596829821570889e-15 0.0:0.0 0.0:0.0 0.0:0.0 0.0:0.0 0.0:0.0 0.0:0.0 29.233860921580956:-6.378077295937534e-16 42.22668799783916:-1.3178590301308804e-16 0.0:0.0 0.0:0.0 0.0:0.0 0.0:0.0 0.0:0.0 0.0:0.0 0.0:0.0 0.0:0.0 0.0:0.0 0.0:0.0 0.0:0.0 0.0:0.0 0.0:0.0 0.0:0.0 0.0:0.0 0.0:0.0 0.0:0.0 0.0:0.0 0.0:0.0 0.0:0.0 0.0:0.0 0.0:0.0 1072.0:0.0 15.421400863131844:7.796574699690926e-17 -14.393528993609262:-1.3763447192425205e-16 0.0:0.0 0.0:0.0 0.0:0.0 0.0:0.0 0.0:0.0 -197.73474230271108:1.0479799779937228e-14 53.46611853702832:9.219676804692098e-16 61.908236817129655:2.9534693007732426e-15 24.584397117758932:1.4442218377220644e-15 0.0:0.0 0.0:0.0 0.0:0.0 0.0:0.0 41.10991896839557:2.8398752851771702e-15 0.0:0.0 21.684420870225363:-1.6657344038214794e-15 0.0:0.0 0.0:0.0 0.0:0.0 0.0:0.0 0.0:0.0 -40.68702031542806:2.334895631300433e-15 22.828368752204725:-1.8152844160115477e-16 24.624242269687432:-1.6150037500063339e-15 0.0:0.0 0.0:0.0 0.0:0.0 0.0:0.0 0.0:0.0 24.57645911892461:-8.08767456259437e-16 0.0:0.0 0.0:0.0 0.0:0.0 0.0:0.0 0.0:0.0 0.0:0.0 0.0:0.0 -29.233860921580956:6.378077295937534e-16 0.0:0.0 0.0:0.0 0.0:0.0 0.0:0.0 0.0:0.0 0.0:0.0 0.0:0.0 0.0:0.0 0.0:0.0 0.0:0.0 0.0:0.0 0.0:0.0 0.0:0.0 0.0:0.0 0.0:0.0 0.0:0.0 0.0:0.0 0.0:0.0 0.0:0.0 0.0:0.0 0.0:0.0 0.0:0.0 0.0:0.0
weights 1 0.0 1.3717421124828533e-06 7.71604938271605e-07 2.0408163265306124e-07 4.565376186997809e-08 4.565376186997809e-08 4.565376186997809e-08 4.565376186997809e-08 1.3717421124828533e-06 9.765625e-07 6.574621959237344e-07 1.0203040506070809e-07 4.565376186997809e-08 4.565376186997809e-08 4.565376186997809e-08 4.565376186997809e-08 7.71604938271605e-07 6.574621959237344e-07 1.417233560090703e-07 4.565376186997809e-08 4.565376186997809e-08 4.565376186997809e-08 4.565376186997809e-08 4.565376186997809e-08 2.0408163265306124e-07 1.0203040506070809e-07 4.565376186997809e-08 4.565376186997809e-08 4.565376186997809e-08 4.565376186997809e-08 4.565376186997809e-08 4.565376186997809e-08 4.565376186997809e-08 4.565376186997809e-08 4.565376186997809e-08 4.565376186997809e-08 4.565376186997809e-08 4.565376186997809e-08 4.565376186997809e-08 4.565376186997809e-08 4.565376186997809e-08 4.565376186997809e-08 4.565376186997809e-08 4.565376186997809e-08 4.565376186997809e-08 4.565376186997809e-08 4.565376186997809e-08 4.565376186997809e-08 4.565376186997809e-08 4.565376186997809e-08 4.565376186997809e-08 4.565376186997809e-08 4.565376186997809e-08 4.565376186997809e-08 4.565376186997809e-08 4.565376186997809e-08 4.565376186997809e-08 4.565376186997809e-08 4.565376186997809e-08 4.565376186997809e-08 4.565376186997809e-08 4.565376186997809e-08 4.565376186997809e-08 4.565376186997809e-08
lower 1 0 907.0 -94.5 -18.0 -35.0 -74.0 -74.0 -74.0 -74.0 -13.5 -16.0 -19.5 -49.5 -74.0 -74.0 -74.0 -74.0 -18.0 -19.5 -42.0 -74.0 -74.0 -74.0 -74.0 -74.0 -35.0 -49.5 -74.0 -74.0 -74.0 -74.0 -74.0 -74.0 -74.0 -74.0 -74.0 -74.0 -74.0 -74.0 -74.0 -74.0 -74.0 -74.0 -74.0 -74.0 -74.0 -74.0 -74.0 -74.0 -74.0 -74.0 -74.0 -74.0 -74.0 -74.0 -74.0 -74.0 -74.0 -74.0 -74.0 -74.0 -74.0 -74.0 -74.0 -74.0 1167.0 -67.5 -18.0 -35.0 -74.0 -74.0 -74.0 -74.0 -40.5 -16.0 -19.5 -49.5 -74.0 -74.0 -74.0 -74.0 -18.0 -19.5 -42.0 -74.0 -74.0 -74.0 -74.0 -74.0 -35.0 -49.5 -74.0 -74.0 -74.0 -74.0 -74.0 -74.0 -74.0 -74.0 -74.0 -74.0 -74.0 -74.0 -74.0 -74.0 -74.0 -74.0 -74.0 -74.0 -74.0 -74.0 -74.0 -74.0 -74.0 -74.0 -74.0 -74.0 -74.0 -74.0 -74.0 -74.0 -74.0 -74.0 -74.0 -74.0 -74.0 -74.0 -74.0 -74.0 1245.0 13.5 -18.0 -35.0 -74.0 -74.0 -74.0 -74.0 -40.5 -16.0 -19.5 -49.5 -74.0 -74.0 -74.0 -74.0 -18.0 -19.5 -42.0 -74.0 -74.0 -74.0 -74.0 -74.0 -35.0 -49.5 -74.0 -74.0 -74.0 -74.0 -74.0 -74.0 -74.0 -74.0 -74.0 -74.0 -74.0 -74.0 -74.0 -74.0 -74.0 -74.0 -74.0 -74.0 -74.0 -74.0 -74.0 -74.0 -74.0 -74.0 -74.0 -74.0 -74.0 -74.0 -74.0 -74.0 -74.0 -74.0 -74.0 -74.0 -74.0 -74.0 -74.0 -74.0
lower 1 1 985.0 -40.5 -18.0 -35.0 -74.0 -74.0 -74.0 -74.0 -67.5 -48.0 -19.5 -49.5 -74.0 -74.0 -74.0 -74.0 -18.0 -19.5 -42.0 -74.0 -74.0 -74.0 -74.0 -74.0 -35.0 -49.5 -74.0 -74.0 -74.0 -74.0 -74.0 -74.0 -74.0 -74.0 -74.0 -74.0 -74.0 -74.0 -74.0 -74.0 -74.0 -74.0 -74.0 -74.0 -74.0 -74.0 -74.0 -74.0 -74.0 -74.0 -74.0 -74.0 -74.0 -74.0 -74.0 -74.0 -74.0 -74.0 -74.0 -74.0 -74.0 -74.0 -74.0 -74.0 1063.0 -40.5 -18.0 -35.0 -74.0 -74.0 -74.0 -74.0 40.5 -48.0 -19.5 -49.5 -74.0 -74.0 -74.0 -74.0 -18.0 -19.5 -42.0 -74.0 -74.0 -74.0 -74.0 -74.0 -35.0 -49.5 -74.0 -74.0 -74.0 -74.0 -74.0 -74.0 -74.0 -74.0 -74.0 -74.0 -74.0 -74.0 -74.0 -74.0 -74.0 -74.0 -74.0 -74.0 -74.0 -74.0 -74.0 -74.0 -74.0 -74.0 -74.0 -74.0 -74.0 -74.0 -74.0 -74.0 -74.0 -74.0 -74.0 -74.0 -74.0 -74.0 -74.0 -74.0 1089.0 -13.5 -18.0 -35.0 -74.0 -74.0 -74.0 -74.0 94.5 -16.0 -19.5 -49.5 -74.0 -74.0 -74.0 -74.0 -18.0 -19.5 -42.0 -74.0 -74.0 -74.0 -74.0 -74.0 -35.0 -49.5 -74.0 -74.0 -74.0 -74.0 -74.0 -74.0 -74.0 -74.0 -74.0 -74.0 -74.0 -74.0 -74.0 -74.0 -74.0 -74.0 -74.0 -74.0 -74.0 -74.0 -74.0 -74.0 -74.0 -74.0 -74.0 -74.0 -74.0 -74.0 -74.0 -74.0 -74.0 -74.0 -74.0 -74.0 -74.0 -74.0 -74.0 -74.0
upper 1 0 933.0 -67.5 18.0 35.0 74.0 74.0 74.0 74.0 13.5 16.0 19.5 49.5 74.0 74.0 74.0 74.0 18.0 19.5 42.0 74.0 74.0 74.0 74.0 74.0 35.0 49.5 74.0 74.0 74.0 74.0 74.0 74.0 74.0 74.0 74.0 74.0 74.0 74.0 74.0 74.0 74.0 74.0 74.0 74.0 74.0 74.0 74.0 74.0 74.0 74.0 74.0 74.0 74.0 74.0 74.0 74.0 74.0 74.0 74.0 74.0 74.0 74.0 74.0 74.0 1193.0 -40.5 18.0 35.0 74.0 74.0 74.0 74.0 -13.5 16.0 19.5 49.5 74.0 74.0 74.0 74.0 18.0 19.5 42.0 74.0 74.0 74.0 74.0 74.0 35.0 49.5 74.0 74.0 74.0 74.0 74.0 74.0 74.0 74.0 74.0 74.0 74.0 74.0 74.0 74.0 74.0 74.0 74.0 74.0 74.0 74.0 74.0 74.0 74.0 74.0 74.0 74.0 74.0 74.0 74.0 74.0 74.0 74.0 74.0 74.0 74.0 74.0 74.0 74.0 1271.0 40.5 18.0 35.0 74.0 74.0 74.0 74.0 -13.5 16.0 19.5 49.5 74.0 74.0 74.0 74.0 18.0 19.5 42.0 74.0 74.0 74.0 74.0 74.0 35.0 49.5 74.0 74.0 74.0 74.0 74.0 74.0 74.0 74.0 74.0 74.0 74.0 74.0 74.0 74.0 74.0 74.0 74.0 74.0 74.0 74.0 74.0 74.0 74.0 74.0 74.0 74.0 74.0 74.0 74.0 74.0 74.0 74.0 74.0 74.0 74.0 74.0 74.0 74.0
upper 1 1 1011.0 -13.5 18.0 35.0 74.0 74.0 74.0 74.0 -40.5 -16.0 19.5 49.5 74.0 74.0 74.0 74.0 18.0 19.5 42.0 74.0 74.0 74.0 74.0 74.0 35.0 49.5 74.0 74.0 74.0 74.0 74.0 74.0 74.0 74.0 74.0 74.0 74.0 74.0 74.0 74.0 74.0 74.0 74.0 74.0 74.0 74.0 74.0 74.0 74.0 74.0 74.0 74.0 74.0 74.0 74.0 74.0 74.0 74.0 74.0 74.0 74.0 74.0 74.0 74.0 1089.0 -13.5 18.0 35.0 74.0 74.0 74.0 74.0 67.5 -16.0 19.5 49.5 74.0 74.0 74.0 74.0 18.0 19.5 42.0 74.0 74.0 74.0 74.0 74.0 35.0 49.5 74.0 74.0 74.0 74.0 74.0 74.0 74.0 74.0 74.0 74.0 74.0 74.0 74.0 74.0 74.0 74.0 74.0 74.0 74.0 74.0 74.0 74.0 74.0 74.0 74.0 74.0 74.0 74.0 74.0 74.0 74.0 74.0 74.0 74.0 74.0 74.0 74.0 74.0 1115.0 13.5 18.0 35.0 74.0 74.0 74.0 74.0 121.5 16.0 19.5 49.5 74.0 74.0 74.0 74.0 18.0 19.5 42.0 74.0 74.0 74.0 74.0 74.0 35.0 49.5 74.0 74.0 74.0 74.0 74.0 74.0 74.0 74.0 74.0 74.0 74.0 74.0 74.0 74.0 74.0 74.0 74.0 74.0 74.0 74.0 74.0 74.0 74.0 74.0 74.0 74.0 74.0 74.0 74.0 74.0 74.0 74.0 74.0 74.0 74.0 74.0 74.0 74.0
centres 1 0 920.0 -79.31188326269321 -0.0 -0.0 -0.0 -0.0 -0.0 -0.0 -0.0 -0.0 -0.0 -0.0 -0.0 -0.0 -0.0 -0.0 -0.0 -0.0 -0.0 -0.0 -0.0 -0.0 -0.0 -0.0 -0.0 -0.0 -0.0 -0.0 -0.0 -0.0 -0.0 -0.0 -0.0 -0.0 -0.0 -0.0 -0.0 -0.0 -0.0 -0.0 -0.0 -0.0 -0.0 -0.0 -0.0 -0.0 -0.0 -0.0 -0.0 -0.0 -0.0 -0.0 -0.0 -0.0 -0.0 -0.0 -0.0 -0.0 -0.0 -0.0 -0.0 -0.0 -0.0 -0.0 1180.0 -52.311883262693215 -0.0 -0.0 -0.0 -0.0 -0.0 -0.0 -25.656533020287085 -0.0 -0.0 -0.0 -0.0 -0.0 -0.0 -0.0 -0.0 -0.0 -0.0 -0.0 -0.0 -0.0 -0.0 -0.0 -0.0 -0.0 -0.0 -0.0 -0.0 -0.0 -0.0 -0.0 -0.0 -0.0 -0.0 -0.0 -0.0 -0.0 -0.0 -0.0 -0.0 -0.0 -0.0 -0.0 -0.0 -0.0 -0.0 -0.0 -0.0 -0.0 -0.0 -0.0 -0.0 -0.0 -0.0 -0.0 -0.0 -0.0 -0.0 -0.0 -0.0 -0.0 -0.0 -0.0 1258.0 25.311883262693215 -0.0 -0.0 -0.0 -0.0 -0.0 -0.0 -25.656533020287085 -0.0 -0.0 -0.0 -0.0 -0.0 -0.0 -0.0 -0.0 -0.0 -0.0 -0.0 -0.0 -0.0 -0.0 -0.0 -0.0 -0.0 -0.0 -0.0 -0.0 -0.0 -0.0 -0.0 -0.0 -0.0 -0.0 -0.0 -0.0 -0.0 -0.0 -0.0 -0.0 -0.0 -0.0 -0.0 -0.0 -0.0 -0.0 -0.0 -0.0 -0.0 -0.0 -0.0 -0.0 -0.0 -0.0 -0.0 -0.0 -0.0 -0.0 -0.0 -0.0 -0.0 -0.0 -0.0
centres 1 1 998.0 -25.311883262693215 -0.0 -0.0 -0.0 -0.0 -0.0 -0.0 -52.656533020287085 -25.985654152516403 -0.0 -0.0 -0.0 -0.0 -0.0 -0.0 -0.0 -0.0 -0.0 -0.0 -0.0 -0.0 -0.0 -0.0 -0.0 -0.0 -0.0 -0.0 -0.0 -0.0 -0.0 -0.0 -0.0 -0.0 -0.0 -0.0 -0.0 -0.0 -0.0 -0.0 -0.0 -0.0 -0.0 -0.0 -0.0 -0.0 -0.0 -0.0 -0.0 -0.0 -0.0 -0.0 -0.0 -0.0 -0.0 -0.0 -0.0 -0.0 -0.0 -0.0 -0.0 -0.0 -0.0 -0.0 1076.0 -25.311883262693215 -0.0 -0.0 -0.0 -0.0 -0.0 -0.0 52.656533020287085 -25.985654152516403 -0.0 -0.0 -0.0 -0.0 -0.0 -0.0 -0.0 -0.0 -0.0 -0.0 -0.0 -0.0 -0.0 -0.0 -0.0 -0.0 -0.0 -0.0 -0.0 -0.0 -0.0 -0.0 -0.0 -0.0 -0.0 -0.0 -0.0 -0.0 -0.0 -0.0 -0.0 -0.0 -0.0 -0.0 -0.0 -0.0 -0.0 -0.0 -0.0 -0.0 -0.0 -0.0 -0.0 -0.0 -0.0 -0.0 -0.0 -0.0 -0.0 -0.0 -0.0 -0.0 -0.0 -0.0 1102.0 -0.0 -0.0 -0.0 -0.0 -0.0 -0.0 -0.0 106.65653302028709 -0.0 -0.0 -0.0 -0.0 -0.0 -0.0 -0.0 -0.0 -0.0 -0.0 -0.0 -0.0 -0.0 -0.0 -0.0 -0.0 -0.0 -0.0 -0.0 -0.0 -0.0 -0.0 -0.0 -0.0 -0.0 -0.0 -0.0 -0.0 -0.0 -0.0 -0.0 -0.0 -0.0 -0.0 -0.0 -0.0 -0.0 -0.0 -0.0 -0.0 -0.0 -0.0 -0.0 -0.0 -0.0 -0.0 -0.0 -0.0 -0.0 -0.0 -0.0 -0.0 -0.0 -0.0 -0.0
exact-centres 1 0 920.0:0.0 -79.31188326269321:9.718865666431276e-16 0.0:0.0 0.0:0.0 0.0:0.0 0.0:0.0 0.0:0.0 0.0:0.0 0.0:0.0 0.0:0.0 0.0:0.0 0.0:0.0 0.0:0.0 0.0:0.0 0.0:0.0 0.0:0.0 0.0:0.0 0.0:0.0 0.0:0.0 0.0:0.0 0.0:0.0 0.0:0.0 0.0:0.0 0.0:0.0 0.0:0.0 0.0:0.0 0.0:0.0 0.0:0.0 0.0:0.0 0.0:0.0 0.0:0.0 0.0:0.0 0.0:0.0 0.0:0.0 0.0:0.0 0.0:0.0 0.0:0.0 0.0:0.0 0.0:0.0 0.0:0.0 0.0:0.0 0.0:0.0 0.0:0.0 0.0:0.0 0.0:0.0 0.0:0.0 0.0:0.0 0.0:0.0 0.0:0.0 0.0:0.0 0.0:0.0 0.0:0.0 0.0:0.0 0.0:0.0 0.0:0.0 0.0:0.0 0.0:0.0 0.0:0.0 0.0:0.0 0.0:0.0 0.0:0.0 0.0:0.0 0.0:0.0 0.0:0.0 1180.0:0.0 -52.311883262693215:9.718865666431276e-16 0.0:0.0 0.0:0.0 0.0:0.0 0.0:0.0 0.0:0.0 0.0:0.0 -25.656533020287085:-8.435762408596997e-16 0.0:0.0 0.0:0.0 0.0:0.0 0.0:0.0 0.0:0.0 0.0:0.0 0.0:0.0 0.0:0.0 0.0:0.0 0.0:0.0 0.0:0.0 0.0:0.0 0.0:0.0 0.0:0.0 0.0:0.0 0.0:0.0 0.0:0.0 0.0:0.0 0.0:0.0 0.0:0.0 0.0:0.0 0.0:0.0 0.0:0.0 0.0:0.0 0.0:0.0 0.0:0.0 0.0:0.0 0.0:0.0 0.0:0.0 0.0:0.0 0.0:0.0 0.0:0.0 0.0:0.0 0.0:0.0 0.0:0.0 0.0:0.0 0.0:0.0 0.0:0.0 0.0:0.0 0.0:0.0 0.0:0.0 0.0:0.0 0.0:0.0 0.0:0.0 0.0:0.0 0.0:0.0 0.0:0.0 0.0:0.0 0.0:0.0 0.0:0.0 0.0:0.0 0.0:0.0 0.0:0.0 0.0:0.0 0.0:0.0 1258.0:0.0 25.311883262693215:-9.718865666431276e-16 0.0:0.0 0.0:0.0 0.0:0.0 0.0:0.0 0.0:0.0 0.0:0.0 -25.656533020287085:-8.435762408596997e-16 0.0:0.0 0.0:0.0 0.0:0.0 0.0:0.0 0.0:0.0 0.0:0.0 0.0:0.0 0.0:0.0 0.0:0.0 0.0:0.0 0.0:0.0 0.0:0.0 0.0:0.0 0.0:0.0 0.0:0.0 0.0:0.0 0.0:0.0 0.0:0.0 0.0:0.0 0.0:0.0 0.0:0.0 0.0:0.0 0.0:0.0 0.0:0.0 0.0:0.0 0.0:0.0 0.0:0.0 0.0:0.0 0.0:0.0 0.0:0.0 0.0:0.0 0.0:0.0 0.0:0.0 0.0:0.0 0.0:0.0 0.0:0.0 0.0:0.0 0.0:0.0 0.0:0.0 0.0:0.0 0.0:0.0 0.0:0.0 0.0:0.0 0.0:0.0 0.0:0.0 0.0:0.0 0.0:0.0 0.0:0.0 0.0:0.0 0.0:0.0 0.0:0.0 0.0:0.0 0.0:0.0 0.0:0.0 0.0:0.0
exact-centres 1 1 998.0:0.0 -25.311883262693215:9.718865666431276e-16 0.0:0.0 0.0:0.0 0.0:0.0 0.0:0.0 0.0:0.0 0.0:0.0 -52.656533020287085:-8.435762408596997e-16 -25.985654152516403:-1.0120436531613308e-15 0.0:0.0 0.0:0.0 0.0:0.0 0.0:0.0 0.0:0.0 0.0:0.0 0.0:0.0 0.0:0.0 0.0:0.0 0.0:0.0 0.0:0.0 0.0:0.0 0.0:0.0 0.0:0.0 0.0:0.0 0.0:0.0 0.0:0.0 0.0:0.0 0.0:0.0 0.0:0.0 0.0:0.0 0.0:0.0 0.0:0.0 0.0:0.0 0.0:0.0 0.0:0.0 0.0:0.0 0.0:0.0 0.0:0.0 0.0:0.0 0.0:0.0 0.0:0.0 0.0:0.0 0.0:0.0 0.0:0.0 0.0:0.0 0.0:0.0 0.0:0.0 0.0:0.0 0.0:0.0 0.0:0.0 0.0:0.0 0.0:0.0 0.0:0.0 0.0:0.0 0.0:0.0 0.0:0.0 0.0:0.0 0.0:0.0 0.0:0.0 0.0:0.0 0.0:0.0 0.0:0.0 0.0:0.0 1076.0:0.0 -25.311883262693215:9.718865666431276e-16 0.0:0.0 0.0:0.0 0.0:0.0 0.0:0.0 0.0:0.0 0.0:0.0 52.656533020287085:8.435762408596997e-16 -25.985654152516403:-1.0120436531613308e-15 0.0:0.0 0.0:0.0 0.0:0.0 0.0:0.0 0.0:0.0 0.0:0.0 0.0:0.0 0.0:0.0 0.0:0.0 0.0:0.0 0.0:0.0 0.0:0.0 0.0:0.0 0.0:0.0 0.0:0.0 0.0:0.0 0.0:0.0 0.0:0.0 0.0:0.0 0.0:0.0 0.0:0.0 0.0:0.0 0.0:0.0 0.0:0.0 0.0:0.0 0.0:0.0 0.0:0.0 0.0:0.0 0.0:0.0 0.0:0.0 0.0:0.0 0.0:0.0 0.0:0.0 0.0:0.0 0.0:0.0 0.0:0.0 0.0:0.0 0.0:0.0 0.0:0.0 0.0:0.0 0.0:0.0 0.0:0.0 0.0:0.0 0.0:0.0 0.0:0.0 0.0:0.0 0.0:0.0 0.0:0.0 0.0:0.0 0.0:0.0 0.0:0.0 0.0:0.0 0.0:0.0 0.0:0.0 1102.0:0.0 0.0:0.0 0.0:0.0 0.0:0.0 0.0:0.0 0.0:0.0 0.0:0.0 0.0:0.0 106.65653302028709:8.435762408596997e-16 0.0:0.0 0.0:0.0 0.0:0.0 0.0:0.0 0.0:0.0 0.0:0.0 0.0:0.0 0.0:0.0 0.0:0.0 0.0:0.0 0.0:0.0 0.0:0.0 0.0:0.0 0.0:0.0 0.0:0.0 0.0:0.0 0.0:0.0 0.0:0.0 0.0:0.0 0.0:0.0 0.0:0.0 0.0:0.0 0.0:0.0 0.0:0.0 0.0:0.0 0.0:0.0 0.0:0.0 0.0:0.0 0.0:0.0 0.0:0.0 0.0:0.0 0.0:0.0 0.0:0.0 0.0:0.0 0.0:0.0 0.0:0.0 0.0:0.0 0.0:0.0 0.0:0.0 0.0:0.0 0.0:0.0 0.0:0.0 0.0:0.0 0.0:0.0 0.0:0.0 0.0:0.0 0.0:0.0 0.0:0.0 0.0:0.0 0.0:0.0 0.0:0.0 0.0:0.0 0.0:0.0 0.0:0.0 0.0:0.0
weights 2 0.0 1.3717421124828533e-06 7.71604938271605e-07 2.0408163265306124e-07 4.565376186997809e-08 4.565376186997809e-08 4.565376186997809e-08 4.565376186997809e-08 1.3717421124828533e-06 9.765625e-07 6.574621959237344e-07 1.0203040506070809e-07 4.565376186997809e-08 4.565376186997809e-08 4.565376186997809e-08 4.565376186997809e-08 7.71604938271605e-07 6.574621959237344e-07 1.417233560090703e-07 4.565376186997809e-08 4.565376186997809e-08 4.565376186997809e-08 4.565376186997809e-08 4.565376186997809e-08 2.0408163265306124e-07 1.0203040506070809e-07 4.565376186997809e-08 4.565376186997809e-08 4.565376186997809e-08 4.565376186997809e-08 4.565376186997809e-08 4.565376186997809e-08 4.565376186997809e-08 4.565376186997809e-08 4.565376186997809e-08 4.565376186997809e-08 4.565376186997809e-08 4.565376186997809e-08 4.565376186997809e-08 4.565376186997809e-08 4.565376186997809e-08 4.565376186997809e-08 4.565376186997809e-08 4.565376186997809e-08 4.565376186997809e-08 4.565376186997809e-08 4.565376186997809e-08 4.565376186997809e-08 4.565376186997809e-08 4.565376186997809e-08 4.565376186997809e-08 4.565376186997809e-08 4.565376186997809e-08 4.565376186997809e-08 4.565376186997809e-08 4.565376186997809e-08 4.565376186997809e-08 4.565376186997809e-08 4.565376186997809e-08 4.565376186997809e-08 4.565376186997809e-08 4.565376186997809e-08 4.565376186997809e-08 4.565376186997809e-08
lower 2 0 1115.0 67.5 -18.0 -35.0 -74.0 -74.0 -74.0 -74.0 -13.5 -16.0 -19.5 -49.5 -74.0 -74.0 -74.0 -74.0 -18.0 -19.5 -42.0 -74.0 -74.0 -74.0 -74.0 -74.0 -35.0 -49.5 -74.0 -74.0 -74.0 -74.0 -74.0 -74.0 -74.0 -74.0 -74.0 -74.0 -74.0 -74.0 -74.0 -74.0 -74.0 -74.0 -74.0 -74.0 -74.0 -74.0 -74.0 -74.0 -74.0 -74.0 -74.0 -74.0 -74.0 -74.0 -74.0 -74.0 -74.0 -74.0 -74.0 -74.0 -74.0 -74.0 -74.0 -74.0 855.0 40.5 -18.0 -35.0 -74.0 -74.0 -74.0 -74.0 13.5 -16.0 -19.5 -49.5 -74.0 -74.0 -74.0 -74.0 -18.0 -19.5 -42.0 -74.0 -74.0 -74.0 -74.0 -74.0 -35.0 -49.5 -74.0 -74.0 -74.0 -74.0 -74.0 -74.0 -74.0 -74.0 -74.0 -74.0 -74.0 -74.0 -74.0 -74.0 -74.0 -74.0 -74.0 -74.0 -74.0 -74.0 -74.0 -74.0 -74.0 -74.0 -74.0 -74.0 -74.0 -74.0 -74.0 -74.0 -74.0 -74.0 -74.0 -74.0 -74.0 -74.0 -74.0 -74.0 777.0 -13.5 -18.0 -35.0 -74.0 -74.0 -74.0 -74.0 13.5 -16.0 -19.5 -49.5 -74.0 -74.0 -74.0 -74.0 18.0 -19.5 -42.0 -74.0 -74.0 -74.0 -74.0 -74.0 -35.0 -49.5 -74.0 -74.0 -74.0 -74.0 -74.0 -74.0 -74.0 -74.0 -74.0 -74.0 -74.0 -74.0 -74.0 -74.0 -74.0 -74.0 -74.0 -74.0 -74.0 -74.0 -74.0 -74.0 -74.0 -74.0 -74.0 -74.0 -74.0 -74.0 -74.0 -74.0 -74.0 -74.0 -74.0 -74.0 -74.0 -74.0 -74.0 -74.0
lower 2 1 1037.0 13.5 -18.0 -35.0 -74.0 -74.0 -74.0 -74.0 40.5 16.0 -19.5 -49.5 -74.0 -74.0 -74.0 -74.0 -18.0 -19.5 -42.0 -74.0 -74.0 -74.0 -74.0 -74.0 -35.0 -49.5 -74.0 -74.0 -74.0 -74.0 -74.0 -74.0 -74.0 -74.0 -74.0 -74.0 -74.0 -74.0 -74.0 -74.0 -74.0 -74.0 -74.0 -74.0 -74.0 -74.0 -74.0 -74.0 -74.0 -74.0 -74.0 -74.0 -74.0 -74.0 -74.0 -74.0 -74.0 -74.0 -74.0 -74.0 -74.0 -74.0 -74.0 -74.0 959.0 13.5 -18.0 -35.0 -74.0 -74.0 -74.0 -74.0 -67.5 16.0 -19.5 -49.5 -74.0 -74.0 -74.0 -74.0 -18.0 -19.5 -42.0 -74.0 -74.0 -74.0 -74.0 -74.0 -35.0 -49.5 -74.0 -74.0 -74.0 -74.0 -74.0 -74.0 -74.0 -74.0 -74.0 -74.0 -74.0 -74.0 -74.0 -74.0 -74.0 -74.0 -74.0 -74.0 -74.0 -74.0 -74.0 -74.0 -74.0 -74.0 -74.0 -74.0 -74.0 -74.0 -74.0 -74.0 -74.0 -74.0 -74.0 -74.0 -74.0 -74.0 -74.0 -74.0 933.0 -13.5 -18.0 -35.0 -74.0 -74.0 -74.0 -74.0 -121.5 -16.0 -19.5 -49.5 -74.0 -74.0 -74.0 -74.0 -18.0 -19.5 -42.0 -74.0 -74.0 -74.0 -74.0 -74.0 -35.0 -49.5 -74.0 -74.0 -74.0 -74.0 -74.0 -74.0 -74.0 -74.0 -74.0 -74.0 -74.0 -74.0 -74.0 -74.0 -74.0 -74.0 -74.0 -74.0 -74.0 -74.0 -74.0 -74.0 -74.0 -74.0 -74.0 -74.0 -74.0 -74.0 -74.0 -74.0 -74.0 -74.0 -74.0 -74.0 -74.0 -74.0 -74.0 -74.0
upper 2 0 1141.0 94.5 18.0 35.0 74.0 74.0 74.0 74.0 13.5 16.0 19.5 49.5 74.0 74.0 74.0 74.0 18.0 19.5 42.0 74.0 74.0 74.0 74.0 74.0 35.0 49.5 74.0 74.0 74.0 74.0 74.0 74.0 74.0 74.0 74.0 74.0 74.0 74.0 74.0 74.0 74.0 74.0 74.0 74.0 74.0 74.0 74.0 74.0 74.0 74.0 74.0 74.0 74.0 74.0 74.0 74.0 74.0 74.0 74.0 74.0 74.0 74.0 74.0 74.0 881.0 67.5 18.0 35.0 74.0 74.0 74.0 74.0 40.5 16.0 19.5 49.5 74.0 74.0 74.0 74.0 18.0 19.5 42.0 74.0 74.0 74.0 74.0 74.0 35.0 49.5 74.0 74.0 74.0 74.0 74.0 74.0 74.0 74.0 74.0 74.0 74.0 74.0 74.0 74.0 74.0 74.0 74.0 74.0 74.0 74.0 74.0 74.0 74.0 74.0 74.0 74.0 74.0 74.0 74.0 74.0 74.0 74.0 74.0 74.0 74.0 74.0 74.0 74.0 803.0 13.5 18.0 35.0 74.0 74.0 74.0 74.0 40.5 16.0 19.5 49.5 74.0 74.0 74.0 74.0 54.0 19.5 42.0 74.0 74.0 74.0 74.0 74.0 35.0 49.5 74.0 74.0 74.0 74.0 74.0 74.0 74.0 74.0 74.0 74.0 74.0 74.0 74.0 74.0 74.0 74.0 74.0 74.0 74.0 74.0 74.0 74.0 74.0 74.0 74.0 74.0 74.0 74.0 74.0 74.0 74.0 74.0 74.0 74.0 74.0 74.0 74.0 74.0
upper 2 1 1063.0 40.5 18.0 35.0 74.0 74.0 74.0 74.0 67.5 48.0 19.5 49.5 74.0 74.0 74.0 74.0 18.0 19.5 42.0 74.0 74.0 74.0 74.0 74.0 35.0 49.5 74.0 74.0 74.0 74.0 74.0 74.0 74.0 74.0 74.0 74.0 74.0 74.0 74.0 74.0 74.0 74.0 74.0 74.0 74.0 74.0 74.0 74.0 74.0 74.0 74.0 74.0 74.0 74.0 74.0 74.0 74.0 74.0 74.0 74.0 74.0 74.0 74.0 74.0 985.0 40.5 18.0 35.0 74.0 74.0 74.0 74.0 -40.5 48.0 19.5 49.5 74.0 74.0 74.0 74.0 18.0 19.5 42.0 74.0 74.0 74.0 74.0 74.0 35.0 49.5 74.0 74.0 74.0 74.0 74.0 74.0 74.0 74.0 74.0 74.0 74.0 74.0 74.0 74.0 74.0 74.0 74.0 74.0 74.0 74.0 74.0 74.0 74.0 74.0 74.0 74.0 74.0 74.0 74.0 74.0 74.0 74.0 74.0 74.0 74.0 74.0 74.0 74.0 959.0 13.5 18.0 35.0 74.0 74.0 74.0 74.0 -94.5 16.0 19.5 49.5 74.0 74.0 74.0 74.0 18.0 19.5 42.0 74.0 74.0 74.0 74.0 74.0 35.0 49.5 74.0 74.0 74.0 74.0 74.0 74.0 74.0 74.0 74.0 74.0 74.0 74.0 74.0 74.0 74.0 74.0 74.0 74.0 74.0 74.0 74.0 74.0 74.0 74.0 74.0 74.0 74.0 74.0 74.0 74.0 74.0 74.0 74.0 74.0 74.0 74.0 74.0 74.0
centres 2 0 1128.0 79.14391912995168 -0.0 -0.0 -0.0 -0.0 -0.0 -0.0 -0.0 -0.0 -0.0 -0.0 -0.0 -0.0 -0.0 -0.0 -0.0 -0.0 -0.0 -0.0 -0.0 -0.0 -0.0 -0.0 -0.0 -0.0 -0.0 -0.0 -0.0 -0.0 -0.0 -0.0 -0.0 -0.0 -0.0 -0.0 -0.0 -0.0 -0.0 -0.0 -0.0 -0.0 -0.0 -0.0 -0.0 -0.0 -0.0 -0.0 -0.0 -0.0 -0.0 -0.0 -0.0 -0.0 -0.0 -0.0 -0.0 -0.0 -0.0 -0.0 -0.0 -0.0 -0.0 -0.0 868.0 52.14391912995169 -0.0 -0.0 -0.0 -0.0 -0.0 -0.0 25.656533020287085 -0.0 -0.0 -0.0 -0.0 -0.0 -0.0 -0.0 -0.0 -0.0 -0.0 -0.0 -0.0 -0.0 -0.0 -0.0 -0.0 -0.0 -0.0 -0.0 -0.0 -0.0 -0.0 -0.0 -0.0 -0.0 -0.0 -0.0 -0.0 -0.0 -0.0 -0.0 -0.0 -0.0 -0.0 -0.0 -0.0 -0.0 -0.0 -0.0 -0.0 -0.0 -0.0 -0.0 -0.0 -0.0 -0.0 -0.0 -0.0 -0.0 -0.0 -0.0 -0.0 -0.0 -0.0 -0.0 790.0 -0.0 -0.0 -0.0 -0.0 -0.0 -0.0 -0.0 25.656533020287085 -0.0 -0.0 -0.0 -0.0 -0.0 -0.0 -0.0 26.862809748749925 -0.0 -0.0 -0.0 -0.0 -0.0 -0.0 -0.0 -0.0 -0.0 -0.0 -0.0 -0.0 -0.0 -0.0 -0.0 -0.0 -0.0 -0.0 -0.0 -0.0 -0.0 -0.0 -0.0 -0.0 -0.0 -0.0 -0.0 -0.0 -0.0 -0.0 -0.0 -0.0 -0.0 -0.0 -0.0 -0.0 -0.0 -0.0 -0.0 -0.0 -0.0 -0.0 -0.0 -0.0 -0.0 -0.0 -0.0
centres 2 1 1050.0 25.14391912995169 -0.0 -0.0 -0.0 -0.0 -0.0 -0.0 52.656533020287085 25.985654152516403 -0.0 -0.0 -0.0 -0.0 -0.0 -0.0 -0.0 -0.0 -0.0 -0.0 -0.0 -0.0 -0.0 -0.0 -0.0 -0.0 -0.0 -0.0 -0.0 -0.0 -0.0 -0.0 -0.0 -0.0 -0.0 -0.0 -0.0 -0.0 -0.0 -0.0 -0.0 -0.0 -0.0 -0.0 -0.0 -0.0 -0.0 -0.0 -0.0 -0.0 -0.0 -0.0 -0.0 -0.0 -0.0 -0.0 -0.0 -0.0 -0.0 -0.0 -0.0 -0.0 -0.0 -0.0 972.0 25.14391912995169 -0.0 -0.0 -0.0 -0.0 -0.0 -0.0 -52.656533020287085 25.985654152516403 -0.0 -0.0 -0.0 -0.0 -0.0 -0.0 -0.0 -0.0 -0.0 -0.0 -0.0 -0.0 -0.0 -0.0 -0.0 -0.0 -0.0 -0.0 -0.0 -0.0 -0.0 -0.0 -0.0 -0.0 -0.0 -0.0 -0.0 -0.0 -0.0 -0.0 -0.0 -0.0 -0.0 -0.0 -0.0 -0.0 -0.0 -0.0 -0.0 -0.0 -0.0 -0.0 -0.0 -0.0 -0.0 -0.0 -0.0 -0.0 -0.0 -0.0 -0.0 -0.0 -0.0 -0.0 946.0 -0.0 -0.0 -0.0 -0.0 -0.0 -0.0 -0.0 -106.65653302028709 -0.0 -0.0 -0.0 -0.0 -0.0 -0.0 -0.0 -0.0 -0.0 -0.0 -0.0 -0.0 -0.0 -0.0 -0.0 -0.0 -0.0 -0.0 -0.0 -0.0 -0.0 -0.0 -0.0 -0.0 -0.0 -0.0 -0.0 -0.0 -0.0 -0.0 -0.0 -0.0 -0.0 -0.0 -0.0 -0.0 -0.0 -0.0 -0.0 -0.0 -0.0 -0.0 -0.0 -0.0 -0.0 -0.0 -0.0 -0.0 -0.0 -0.0 -0.0 -0.0 -0.0 -0.0 -0.0
exact-centres 2 0 1128.0:0.0 79.1439191299517:-5.852102262592545e-15 0.0:0.0 0.0:0.0 0.0:0.0 0.0:0.0 0.0:0.0 0.0:0.0 0.0:0.0 0.0:0.0 0.0:0.0 0.0:0.0 0.0:0.0 0.0:0.0 0.0:0.0 0.0:0.0 0.0:0.0 0.0:0.0 0.0:0.0 0.0:0.0 0.0:0.0 0.0:0.0 0.0:0.0 0.0:0.0 0.0:0.0 0.0:0.0 0.0:0.0 0.0:0.0 0.0:0.0 0.0:0.0 0.0:0.0 0.0:0.0 0.0:0.0 0.0:0.0 0.0:0.0 0.0:0.0 0.0:0.0 0.0:0.0 0.0:0.0 0.0:0.0 0.0:0.0 0.0:0.0 0.0:0.0 0.0:0.0 0.0:0.0 0.0:0.0 0.0:0.0 0.0:0.0 0.0:0.0 0.0:0.0 0.0:0.0 0.0:0.0 0.0:0.0 0.0:0.0 0.0:0.0 0.0:0.0 0.0:0.0 0.0:0.0 0.0:0.0 0.0:0.0 0.0:0.0 0.0:0.0 0.0:0.0 0.0:0.0 868.0:0.0 52.14391912995169:1.2533250950084565e-15 0.0:0.0 0.0:0.0 0.0:0.0 0.0:0.0 0.0:0.0 0.0:0.0 25.656533020287085:8.435762408596997e-16 0.0:0.0 0.0:0.0 0.0:0.0 0.0:0.0 0.0:0.0 0.0:0.0 0.0:0.0 0.0:0.0 0.0:0.0 0.0:0.0 0.0:0.0 0.0:0.0 0.0:0.0 0.0:0.0 0.0:0.0 0.0:0.0 0.0:0.0 0.0:0.0 0.0:0.0 0.0:0.0 0.0:0.0 0.0:0.0 0.0:0.0 0.0:0.0 0.0:0.0 0.0:0.0 0.0:0.0 0.0:0.0 0.0:0.0 0.0:0.0 0.0:0.0 0.0:0.0 0.0:0.0 0.0:0.0 0.0:0.0 0.0:0.0 0.0:0.0 0.0:0.0 0.0:0.0 0.0:0.0 0.0:0.0 0.0:0.0 0.0:0.0 0.0:0.0 0.0:0.0 0.0:0.0 0.0:0.0 0.0:0.0 0.0:0.0 0.0:0.0 0.0:0.0 0.0:0.0 0.0:0.0 0.0:0.0 0.0:0.0 790.0:0.0 0.0:0.0 0.0:0.0 0.0:0.0 0.0:0.0 0.0:0.0 0.0:0.0 0.0:0.0 25.656533020287085:8.435762408596997e-16 0.0:0.0 0.0:0.0 0.0:0.0 0.0:0.0 0.0:0.0 0.0:0.0 0.0:0.0 26.862809748749925:-4.699263895340003e-16 0.0:0.0 0.0:0.0 0.0:0.0 0.0:0.0 0.0:0.0 0.0:0.0 0.0:0.0 0.0:0.0 0.0:0.0 0.0:0.0 0.0:0.0 0.0:0.0 0.0:0.0 0.0:0.0 0.0:0.0 0.0:0.0 0.0:0.0 0.0:0.0 0.0:0.0 0.0:0.0 0.0:0.0 0.0:0.0 0.0:0.0 0.0:0.0 0.0:0.0 0.0:0.0 0.0:0.0 0.0:0.0 0.0:0.0 0.0:0.0 0.0:0.0 0.0:0.0 0.0:0.0 0.0:0.0 0.0:0.0 0.0:0.0 0.0:0.0 0.0:0.0 0.0:0.0 0.0:0.0 0.0:0.0 0.0:0.0 0.0:0.0 0.0:0.0 0.0:0.0 0.0:0.0 0.0:0.0
exact-centres 2 1 1050.0:0.0 25.14391912995169:1.2533250950084565e-15 0.0:0.0 0.0:0.0 0.0:0.0 0.0:0.0 0.0:0.0 0.0:0.0 52.656533020287085:8.435762408596997e-16 25.985654152516403:1.0120436531613308e-15 0.0:0.0 0.0:0.0 0.0:0.0 0.0:0.0 0.0:0.0 0.0:0.0 0.0:0.0 0.0:0.0 0.0:0.0 0.0:0.0 0.0:0.0 0.0:0.0 0.0:0.0 0.0:0.0 0.0:0.0 0.0:0.0 0.0:0.0 0.0:0.0 0.0:0.0 0.0:0.0 0.0:0.0 0.0:0.0 0.0:0.0 0.0:0.0 0.0:0.0 0.0:0.0 0.0:0.0 0.0:0.0 0.0:0.0 0.0:0.0 0.0:0.0 0.0:0.0 0.0:0.0 0.0:0.0 0.0:0.0 0.0:0.0 0.0:0.0 0.0:0.0 0.0:0.0 0.0:0.0 0.0:0.0 0.0:0.0 0.0:0.0 0.0:0.0 0.0:0.0 0.0:0.0 0.0:0.0 0.0:0.0 0.0:0.0 0.0:0.0 0.0:0.0 0.0:0.0 0.0:0.0 0.0:0.0 972.0:0.0 25.14391912995169:1.2533250950084565e-15 0.0:0.0 0.0:0.0 0.0:0.0 0.0:0.0 0.0:0.0 0.0:0.0 -52.656533020287085:-8.435762408596997e-16 25.985654152516403:1.0120436531613308e-15 0.0:0.0 0.0:0.0 0.0:0.0 0.0:0.0 0.0:0.0 0.0:0.0 0.0:0.0 0.0:0.0 0.0:0.0 0.0:0.0 0.0:0.0 0.0:0.0 0.0:0.0 0.0:0.0 0.0:0.0 0.0:0.0 0.0:0.0 0.0:0.0 0.0:0.0 0.0:0.0 0.0:0.0 0.0:0.0 0.0:0.0 0.0:0.0 0.0:0.0 0.0:0.0 0.0:0.0 0.0:0.0 0.0:0.0 0.0:0.0 0.0:0.0 0.0:0.0 0.0:0.0 0.0:0.0 0.0:0.0 0.0:0.0 0.0:0.0 0.0:0.0 0.0:0.0 0.0:0.0 0.0:0.0 0.0:0.0 0.0:0.0 0.0:0.0 0.0:0.0 0.0:0.0 0.0:0.0 0.0:0.0 0.0:0.0 0.0:0.0 0.0:0.0 0.0:0.0 0.0:0.0 0.0:0.0 946.0:0.0 0.0:0.0 0.0:0.0 0.0:0.0 0.0:0.0 0.0:0.0 0.0:0.0 0.0:0.0 -106.65653302028709:-8.435762408596997e-16 0.0:0.0 0.0:0.0 0.0:0.0 0.0:0.0 0.0:0.0 0.0:0.0 0.0:0.0 0.0:0.0 0.0:0.0 0.0:0.0 0.0:0.0 0.0:0.0 0.0:0.0 0.0:0.0 0.0:0.0 0.0:0.0 0.0:0.0 0.0:0.0 0.0:0.0 0.0:0.0 0.0:0.0 0.0:0.0 0.0:0.0 0.0:0.0 0.0:0.0 0.0:0.0 0.0:0.0 0.0:0.0 0.0:0.0 0.0:0.0 0.0:0.0 0.0:0.0 0.0:0.0 0.0:0.0 0.0:0.0 0.0:0.0 0.0:0.0 0.0:0.0 0.0:0.0 0.0:0.0 0.0:0.0 0.0:0.0 0.0:0.0 0.0:0.0 0.0:0.0 0.0:0.0 0.0:0.0 0.0:0.0 0.0:0.0 0.0:0.0 0.0:0.0 0.0:0.0 0.0:0.0 0.0:0.0 0.0:0.0
first-coefficients 0 0 1300.0 -8.0 -82.5 19.810055438085346 -6.169994644682266 7.179537613242372 5.043375473439788 -0.21107214102507638 117.0 32.28737110073141 -31.5 9.519370506187276 -6.57112028949198 5.10082246564213 5.220905512466107 -0.5018671660687056 -73.5 -10.0 12.0 1.9039184575196062 2.692126667392962 -0.13849787783381112 0.6581712466882039 -0.5643829857565894 -10.5 -1.3017587817341028 -4.334514283826935 -3.042337037441058 5.751886906654947 -2.099058438192552 -0.244064206839181 -0.3613984693091729 13.5 16.5 -5.701172000600641 -0.134346863104596 1.2851031459971671 -1.9663464585834285 0.4503129952362984 -0.5467806459767238 -4.643803040031773 -3.59244305924855 3.795168853237781 1.7651322361630584 -2.15466642385708 0.868617208810653 0.3093097614200994 -0.7531302415470896 -8.299889271661291 -3.1429579982892757 1.9238300104871602 -0.08417401080062133 -0.035416806870730226 1.1610942132585371 -0.025520295710311752 0.44833660264858854 9.668929335178545 5.741164757822919 -3.2329769906126207 -1.2798139288948784 2.647156162589474 0.4037886083659479 -0.17879169308849788 1.1736863944410612 995.3776152146372 89.43916539873098 -6.213357482011047 12.0 -0.5273003814365798 7.41188015853152 -1.9558541631770576 0.5975677406152159 -63.0 53.39075404741305 2.919892592693668 -14.0 -0.14518155466794477 2.5419806755872236 -0.7427494781149514 -1.1956703142345952 10.5 -50.0 11.13378038903899 -7.137066525939849 0.9157262331315873 -0.9928012058739953 0.9288383211304282 0.28556735318887216 3.753839135742038 -13.0 0.6826151985087033 2.662649059531815 0.5725595612069886 -0.6341503467968309 0.7806160839963057 0.09936010839084972 -13.5 5.247017270765565 -4.088280087375918 0.6763787260605796 1.283792290902875 -2.5325345551803258 0.3999633227813003 -0.2943490246294707 0.4655009545158594 0.11248937333353116 1.9044582551365346 -1.9552846520057738 0.4590869724709261 -0.6592048367486825 0.5247685575311033 -0.0653244099801708 2.325081460804174 -2.715897114881658 -0.11144532006822713 0.8021509265125302 -0.9828460704367696 0.6593157642600376 0.03270706842826005 -0.08341989792468663 -2.859488714419469 4.5348884708417 -2.8788440233449135 1.4965955520737746 -0.35878011031064383 0.18914966094115923 -0.13216609444199548 -0.1840938097311818 772.0 -24.0 14.27648956950006 -12.0 6.32974483344554 4.016177959004171 6.094501916432479 5.122862017604523 63.0 -81.0 -73.5 -14.0 -2.0343243828226787 9.397448378292681 8.751086259022738 3.2131057180491114 31.5 30.0 12.0 2.328214018200397 -0.7464398677621341 1.9928667749878182 -1.4153552405044962 2.600987072144328 -17.983800951640077 13.0 -1.2324572449911126 -2.9508261369529767 1.1409498961421005 -4.248438362976345 4.7963409106012564 -1.7783589554053223 13.5 -16.5 4.390265648594975 -3.8953447719210867 -5.509520627126375 0.2556017594471872 -6.364976600020299 0.7115747653687715 -3.1463803593090094 7.122708326862729 -1.61010503437021 7.067686989134352 2.145626716026151 -1.142535387441869 3.4820300593924607 -0.7379147468432553 -5.471198969429311 3.692455365048244 3.1497058125318578 0.24404255183548637 -1.237338231875776 1.6507965330023402 -0.2955169201178341 1.5395394487321246 -2.7160219825736824 -2.2786041998297843 1.4588520734064243 -2.0733208453528276 -0.6058979427067026 -2.22511307598333 -1.116431634646727 -1.6428909002169516
first-coefficients 0 1 820.0 -17.885192984109676 52.5 -1.582174091327188 -4.49852464625423 -0.31397036043632576 -6.623507893427931 1.4686842877830566 98.5623474711641 -45.0 -6.277100700547179 -2.534523481162564 1.745398399500862 2.402726011623824 3.3915492614956664 0.6637183441142249 31.5 50.0 -36.0 18.0 -6.956889074536498 -2.115507457842645 1.3618953996058833 -2.9533830426540018 -31.5 -13.0 -6.532345360671333 -5.992949841123388 11.075549494787069 -3.7901428499307404 1.8574891278406191 0.41177847070113305 13.5 16.5 8.283678461191503 -2.8237849350720827 -2.9563321638152074 1.8695795465250957 -4.2705012973618555 1.7360278754716882 -4.138911429375413 -26.0 -1.9550267283220748 0.4818592090019341 -0.09378153345295064 -0.02288197165055653 2.5156102132511395 0.13812668577345905 8.101992100109612 6.172425644687132 0.25701887278682534 0.5331758245873908 -0.9587707208697446 1.3042359636014738 -0.36316128822538923 -1.014479499916037 -4.827708029913452 0.7859114518133438 -0.9066314587347873 2.3372563765158505 3.1855232481866387 -1.0704534138797432 0.15855249499067153 0.6718388253463208 988.0 -40.0 -1.2496037781729277 -12.0 3.240100094096284 -3.4218451398534016 -3.190548803781203 -4.4594824223155065 63.0 27.0 4.090593838175428 14.0 -6.687738093735056 5.347095528240877 4.58335549168242 2.7214735670007713 -16.35570000213922 -70.0 -4.0399823239560275 18.0 4.273380506133289 -0.8297668576733997 -4.476289542220769 1.6270013245709893 31.5 13.0 1.4637608669098785 -8.924568300077825 -6.938175021948894 -3.966148248378103 3.261344989049942 -0.9836370345529283 -19.901246684241386 -16.83958006031761 -3.34314095417653 9.458192384823715 8.103236343984236 2.887720914049361 -2.3925794524115385 0.1739877173459983 18.0 26.0 1.3263273259293085 -10.301624350907499 -4.929174813153675 -2.5296191263727255 1.5379576173068992 1.2471801432354888 -13.414782224132187 -2.602305977614902 -1.569915888406777 3.3749513875700927 6.894033752389076 0.06433856849870363 -0.5401016329124264 -1.0145168653777807 2.210940669314948 10.437739612414697 -0.1732201990577489 -4.060416321889298 -2.6076527190900607 -1.1971175482332663 -0.018680700171438525 1.250718934457166 1060.0 8.0 -7.5 -3.380313022973263 -3.375338030868131 1.1886839947422398 1.3870523239077022 0.411892751658913 -189.0 54.536896022204 52.5 14.0 0.5429686304079616 0.36909418478243344 -1.2473058881295402 -1.484768913271606 31.5 -6.841429926394989 12.0 -3.770661734831814 -5.047387370215247 1.5523166068189298 1.8308489088550808 0.7431028970688413 -31.5 13.0 16.5 7.152700596709024 2.062520313274267 1.4056510586368058 -0.871147026278653 -1.4697448063128935 13.5 -7.18396251903975 10.152946135164774 -4.821143889513045 -5.868527283586753 -1.235466900842695 0.059782165220861945 0.22067673615391128 -18.0 2.94668178050445 1.0089251663367558 3.756591385057199 1.2338775636482315 2.317765939589445 0.10343050265707471 -0.7329264666871613 -8.051991294815647 4.347247328973099 8.039089041041095 -2.3301964275599234 -3.1650458030046327 -1.5525870810647995 -0.6860775065850098 -0.24659490297977166 5.3548792523006 -3.558520716095747 -0.47798775389815723 -0.8621939459955251 -0.10504669568563962 0.8303143026514646 0.24334147913313148 -0.11979480379864939
first-coefficients 1 0 933.0 -67.5 14.734958339160068 -11.776951877497075 6.316285015744543 1.5104440778393298 -0.42291465683108787 0.8936968856758616 -8.134199650813692 0.804455617884862 -0.5420629671186614 -6.622871551593491 2.9637006713312473 1.8988421846415269 -0.6448146706587485 1.3286310335791813 0.7250942577389266 3.691374525423955 -0.5194512783496499 2.5218532642384273 -0.6330091772637575 -0.621117239743236 0.3978329937574468 0.03737363326381194 0.750708394707761 -2.6668501960337383 -0.44537920029544076 2.2713619044439946 -1.2821537880072627 0.36577162527377605 0.4137047043179429 -0.893382125962927 -0.41508937361966297 -0.30170120198790734 0.03791840019547439 -0.3782803278437173 -0.6680170665231003 0.7825554972296245 -0.16086988638979274 -0.35567408494570213 -0.2038381560340704 0.7019319722134211 0.3331835989560139 -0.6532905234651122 0.7905791656185268 -0.08075152040730613 -0.30493826379950606 0.48902973902980634 0.0068885640635317595 0.11220872995253402 -0.04825446153682814 0.1336378884974702 0.22628259250559996 -0.1344046419487852 0.17044560840015668 0.18611463901179892 -0.10268062882569001 -0.6150303838703906 -0.24437626707231547 -0.0253179714537318 -0.24056593102940776 0.3450927536422895 0.41077595004727074 -0.3927160368144715 1167.0 -45.979926396330946 -3.7415807962630008 -4.872404703700416 -0.9436707222854689 -2.95777626357283 0.31898704499584324 -0.05980922022734242 -13.5 -0.745952619203899 -0.18342111261657576 3.4016954185453145 0.2242742173098133 -0.17910010369902055 0.6328123648825453 0.14127334705529482 -4.108375678486754 1.364750637064693 -2.22349182845393 2.7155292398364486 -0.10167447945322527 -0.41491723015320414 -0.22859091101185955 -0.05963186832380272 1.9007228478452185 1.1149445971552228 -0.9189833673284409 -0.24410967170374898 -1.0050544100294883 0.2387779966977121 -0.19629201092757206 -0.0017759613373359347 -0.7096355969516932 -0.3483554019637803 -0.40987539803280676 0.25426310225674625 -0.5316043590421043 0.7346888026723347 -0.14721494208602856 0.2194346564814994 0.4527043525432274 -0.1535587361656727 0.202493489280973 0.04750360177790856 0.2030083676377263 0.09132476859060489 -0.19345903747811 0.026148802446891602 -0.019778577504983356 -0.2639093728618385 0.3813564833713866 -0.17191820482758094 0.19581718710204207 -0.10981273748387833 -0.1146848503508792 -0.03474436081415212 0.17999464779018828 0.07862682032368483 0.09567087555188648 -0.0991406814584398 -0.05323837899367775 -0.06343681029835649 0.10871728721689479 0.09356608082883594 1245.0 13.5 -2.313298404096489 -0.3649236630975448 -2.0690125711877765 -0.8851517047484057 -0.6616913614935853 -0.2960788086247383 -13.5 0.9970342571009478 1.9661857374899558 0.14769846403666284 1.3523015893612937 -0.2148642334067665 0.2325798529929634 0.27663193691967436 -2.208098346922282 -2.680736129077572 1.0606422845174093 0.5117954894092207 -0.7746910292345305 -0.7129866309803731 0.3652812151025406 0.1806199312620075 2.0946807874153404 -1.2025727540682851 0.481951997333646 0.9176725220291315 -0.4656792904387555 0.29526892956158024 -0.7680379457858512 0.0027450078130755447 -1.5539631448286684 0.7717267194535641 -2.0140086495431295 -0.6594722218642488 0.5995591136994294 -0.3500270669507578 0.45359462991920446 -0.392683212302384 0.4514951712080892 -0.31113663380503104 0.5534498614959554 -0.262926714975235 -0.19358491603827155 0.4171063138276436 -0.18979582709737303 0.29562742579627 0.5363388083054518 -0.31377774364258115 0.1957326512245169 0.19273474127559562 0.38563475720876145 0.040218838559670386 0.2400989038716767 -0.16089644343169027 0.40921142034755853 0.39904324373832506 -0.7812940146335678 -0.21485660848837582 -0.11549812995183807 0.031125693222513184 -0.25127213040351903 -0.14296473576596264
first-coefficients 1 1 1002.1799226838801 -24.220394547375193 4.124243597547452 -0.8374047919517948 -0.14782507739148773 0.10285749515332995 -0.2076642938778237 -0.09061229001810953 -40.5 -18.5948975664269 4.884264028717665 -0.7047051045771722 0.8354409767042535 -0.05791521703305121 0.40944840847142605 -0.35148965820067557 -2.6644546186848825 -0.3683471937711762 2.7872574676129744 2.405526128448056 -1.2633361890805608 -0.6167920023937907 0.1751252665883448 0.08556076033087383 1.323743629395573 -2.038578514408322 -0.46907864708643926 0.007969719521538627 0.07596555331760893 -0.26296104540816456 0.5857284923898032 -0.18462920110340386 3.0220215705381657 2.7182035623513077 -0.9369151742160324 -0.17641319652741347 0.7362810940336152 0.2656046776215017 -0.35170707187493855 -0.11678705924216869 -0.9041206919293191 -0.38704694902987546 1.611037320300747 0.5159748266929276 0.17998402115055503 -0.5553733325749752 -0.24162142479402363 0.15059127865263963 0.7133246358538858 1.568412251312294 1.2200571584225772 -0.2728078281877207 -0.6742747571351997 0.611482017396196 -0.25283689084323624 0.05352224154517523 -0.36326537495909544 -2.230308587045307 -1.5005450497371515 -0.5912758183007245 -0.4644079582692408 -0.22510747613282067 -0.2075253648211308 0.23642182113031388 1086.663222572458 -16.863911830475462 -1.7642468236193751 0.22343440666549969 -1.1033800543918597 -0.9788313854363807 -0.06286660107437209 0.12094879835437138 40.5 -17.36158981919591 0.12144841943200443 -1.7424882533976158 0.03260101668803067 -0.08443251213877626 -0.36071468732559636 -0.43596138147746083 10.942722866234114 -5.163356853351093 -2.43413506803712 0.8877955447921839 -0.9999406321501421 -0.6673531714739852 0.088986399969625 0.07152708167333259 4.786009529932716 -1.2236475702118241 -0.9021093741857679 -0.27255082338007064 -0.7421852959218074 0.07206989480897753 -0.4079549489647043 0.05535971039451222 1.7869604503916219 -0.9186791856552061 0.04940610712634187 -0.19068044702413225 0.977006857576433 -0.6594395683392315 0.1260106228558488 0.007386777345570195 -1.1154983122967614 2.248234555583491 -0.6654470326580469 -0.5610456013530222 0.582884442122278 -0.2343730703541392 0.0628094554439306 0.16690438056420032 -3.3570781718096234 1.9704873741217797 -0.29222243336895465 -0.11255633181291917 1.0328405546867971 0.05502916047741677 -0.16953751569707684 0.03669349116954393 -1.656561593379736 0.8166781600610236 -0.16817216128466972 -0.22286132417130364 0.3474952269703354 -0.19413496565746133 0.17453234553637417 0.05606375016435657 1108.633662674071 -0.6346974835936292 1.645591864129144 0.17406082205536336 0.28159012801656313 -0.29218155451103084 -0.15674559273853533 -0.1337385714852572 94.5 -7.582436313773727 -6.219591837526897 -2.155172355028023 -0.626243720278412 -0.1362443989539752 0.21868703901467584 0.1308686845432747 1.1254625923472301 5.841011030597706 1.4841765404637928 1.4600055578377302 0.6381214945061568 -0.10768570576066033 -0.13008879988264735 -0.13071023899038983 3.412480714275258 3.437224654882971 -1.75156279494994 -1.0276726401634944 -0.4562974039791103 -0.28634265075953946 0.19151310518713102 0.1445861086311312 -2.0249171099507404 4.27196773937622 -0.8442080885545205 1.1321061486476178 0.796209544971265 0.167293302779946 0.0452741973917343 -0.09465235691307472 4.964288860971263 -0.24639312151548187 0.10768922985009123 -1.2679712085472716 -0.8684198080817226 -0.773191943884137 -0.18440790306987787 -0.016811052468470696 3.5440164618673102 -3.0976118190762127 -1.8838217234388352 -0.19833736589872553 0.2535607772582301 0.21623961339316344 0.12460856859265092 -0.005566902327834921 -4.275459549709676 1.7230500686728876 -0.2920233354810528 0.40698286040111653 -0.12930238895965745 -0.27686180918108555 -0.10577293755965549 -0.03644393355997114
first-coefficients 2 0 1115.0 67.5 -15.23410775548323 12.038787035908605 -6.46395443315415 -1.3811404550019852 0.3753391185676431 -0.8715489325796278 8.161160132306946 -0.8156298366659598 0.4878727876918388 6.627999844366356 -2.9905272181518594 -1.850890262882906 0.6371983640010266 -1.3192073124608852 -0.6828523841105512 -3.739148333929318 0.6013719626863419 -2.555676084210686 0.6592148138710677 0.6052392052171907 -0.39182691694223587 -0.03672290262664172 -0.746833964445689 2.643657118106608 0.44019542278297885 -2.2664832065679463 1.2916845200238773 -0.3771106920432583 -0.4045204279511983 0.8841167480851654 0.4194343920143495 0.29954949987203616 -0.03907052040875699 0.375024619870685 0.6678856851125708 -0.784493119314908 0.1657500875517793 0.3484953328925261 0.20334841290004504 -0.7000345417878081 -0.3305948371763599 0.6548022298753592 -0.7931296933726355 0.0876889233427634 0.3012954551375194 -0.48540796679472137 -0.012155233109632284 -0.10957929168715977 0.04925091876490416 -0.13456070442614973 -0.22486212540008021 0.13579493792038363 -0.1703748269686243 -0.18283786511314656 0.10161376405201253 0.6136089795970848 0.23780565560603223 0.02625373748603298 0.240696937629001 -0.34319781804613025 -0.4078397974482399 0.390884854898211 881.0 42.8597347568788 4.851280095922 4.846763977532313 1.2527562784854727 2.689267544571484 -0.03565563878675751 -0.02137479236442483 13.5 1.0902981275768215 -0.4800150889238919 -2.757527981217779 -0.5683545000394464 0.26274339821888537 -0.632078848098725 -0.1515955008110862 5.218506662153588 -2.371778144807833 2.6340775465179505 -2.969919474803984 0.3020945400529763 0.2691026031027009 0.2562086085637742 0.0707593194813441 -2.289038119704885 -0.7404414581858356 0.7715557932263227 0.2070709785080767 1.012990842678969 -0.1568553326525565 0.11960564115404675 0.05353226423114781 0.44608205092922915 0.664244856567581 0.2880901901138706 -0.18887752485769063 0.4621312146543739 -0.6622211810237787 0.09218763081062809 -0.19368154618046865 -0.4041621809093077 0.0946122196831423 -0.23440801817726956 0.02244500173565949 -0.24721790428990895 -0.07995652304452151 0.19115397555935676 -0.029890526762899713 -0.04952267661082558 0.4074422351186953 -0.5411168839576 0.3152505761950879 -0.30778892830441074 0.17949740065186587 0.08132623076728619 0.043501359784868056 -0.21924677342466056 -0.037828570072161415 -0.1397664027755768 0.1500208284808973 0.007205231888574228 0.08973977382246624 -0.1179679084862852 -0.08789745276645781 799.2760904405569 2.8982660298182026 4.433363412435824 0.9560518680684242 1.0083246791304623 -0.13380063006569046 -0.40503409232519305 -0.08979232692044893 13.5 1.9577273261785144 -2.7187471203952183 -0.062140898074726066 -0.9543738195775048 -0.9759886617763871 -0.02840661986632852 -0.2819648100888623 18.0 3.2719837417753177 0.5042237094388474 -0.7328192783663766 -1.4466468219422222 -0.4284957527976436 -0.8367140764843424 0.16174995084283772 0.1646829499528598 0.01643710839874686 -1.1785572498761643 0.8685912768609659 1.0667222752694088 -0.25612958524346413 0.4992958348813826 -0.31787026399841345 0.17549414766752922 1.2215242430866824 3.056339587932861 -0.3779095815601339 -0.5069956318767657 -0.03229144273951025 -0.32235674564773836 0.26777173221501077 -1.2233056746182855 0.7189696988708011 0.1369001946716657 1.0804517611373925 -0.4069776004849667 -0.4254065401660928 -0.16033346773948898 -0.3153741427540941 -1.357653753879316 -0.762909176233139 0.06214734343540496 0.1773500377825179 -0.17785509588533516 -0.10411777441017624 -0.33618950329446057 -0.10535250753806831 -2.6513519129565446 1.5878099275554733 0.01491836543104982 -0.17710859659319828 0.0394736317283006 0.14009477356580538 0.4878805589682196 0.15373372088054052
first-coefficients 2 1 1045.7547891067745 24.200658461428226 -4.1568092730791655 0.842476247699944 0.1595046953735835 -0.11075398047993887 0.21455772293427172 0.08915467972667084 40.5 18.71140935845159 -4.964909074083999 0.7546801283141861 -0.8626216069637499 0.07350277007173092 -0.4228947877155111 0.3561588884574087 2.6760662214512925 0.348219610043814 -2.7982548225060686 -2.4053300015416665 1.2755236848635458 0.6078128593197797 -0.17064979004789596 -0.08708480019544806 -1.340662217576325 2.0581910516617583 0.4545944360382478 0.007088945071923058 -0.08955892024221834 0.2748962697622294 -0.5945385676552905 0.18838454107748023 -3.019008272104885 -2.7338708684048343 0.9481104926097087 0.16966979482518874 -0.7267921875978742 -0.2734102086931965 0.3551467290953275 0.11498152071860918 0.9001054667291513 0.39957868630466914 -1.6277295853582525 -0.501251338693257 -0.18958358480713952 0.5594037972829786 0.2409036930176801 -0.15084695698034684 -0.7073041871674923 -1.5800862091309198 -1.2129301213381305 0.26524766441893954 0.6818818949586812 -0.6176611814344788 0.2561272112416599 -0.05573984351317671 0.36498835423086884 2.234238223956714 1.502257893963837 0.5934777570197624 0.4637108970024258 0.22601295504056312 0.20626484118158633 -0.23547920055722388 962.4075551783499 15.580822354964251 2.20284156842719 -0.31960809095139747 1.183147270832294 0.9264843913449359 0.08491769186076117 -0.12462647665516796 -40.5 16.466291859033515 0.2997321758479294 1.693079364939283 -0.036311597279879315 0.08438760310213758 0.3941600601626298 0.4240585301402725 -10.640903459749486 4.592367836499447 2.747292380573068 -0.9548877327727161 1.0486341116830584 0.6855669221529199 -0.0816012709403693 -0.09232974845207798 -4.655573853139016 0.9381007470995861 1.047699904646437 0.2383620595897275 0.7713301070709797 -0.11448015846596124 0.44312540066550904 -0.060595265534844116 -1.7629610549247456 0.8379492289023235 -0.003749910773608069 0.17548645620521555 -0.9676981155121793 0.6418447247277872 -0.11727515325478514 -0.013618848655264651 1.0689220020442585 -2.2340915620169843 0.6596709332176639 0.5585291027222771 -0.5561254810487193 0.19932265786323822 -0.0457378637847979 -0.17041862193225943 3.314730011783708 -1.8742808646562632 0.25969634162452937 0.11535056956815046 -1.0232418396351302 -0.08907049745508341 0.18483298507808674 -0.034572988829571785 1.6212950304436953 -0.7421503263549633 0.14323265978670352 0.229458206635418 -0.33773817368171777 0.18772343599692076 -0.17575320877704434 -0.05734581729924167 942.2926127303012 1.9777772368817936 -1.1761547080315355 -0.5341301650744649 -0.5147944303165009 0.34474661680003044 0.15725732895828107 0.12777289564740674 -94.5 9.399269696774379 7.080161894488083 1.8317278163654171 0.3703769140923856 0.2098260087633876 -0.2235825333753627 -0.14686731578485823 0.27076906477478085 -4.950415866699163 -1.0473549197386465 -1.7649125255980778 -0.8897596574175243 0.16540269539678198 0.13852456006821445 0.12211502407948543 -2.779050161615048 -2.7611326006522794 2.1083094994024894 0.8708657070076736 0.28190225414245434 0.33450964652234366 -0.19176361007796158 -0.1630597787619657 2.5636325236148876 -3.850340009857643 1.0703558206268624 -1.3206964996330988 -0.9762550526338165 -0.15251470375101203 -0.04777794603513168 0.08054884399281415 -4.755754783315247 0.5611288670130044 -0.015779248806946148 1.14366302364341 0.7566625097772522 0.7983019308743649 0.18390328320280885 0.0019024980951016237 -3.4583659287000916 3.3114952790715653 1.9573630271268505 0.08461235487341176 -0.3503802868971643 -0.2182035209197784 -0.13284787329868009 -0.006020899007671422 4.430514805614619 -1.7362274688970838 0.29956128420585454 -0.4682828093385097 0.09149333871318119 0.2875916244510349 0.1053180815744551 0.030845172894847738
first-p 0 0 0 0.44167248159494066 0.9073540763436126 0.8364799668670575 -0.12682291218757288 -0.7566423917836061 -0.8749414520454933 -0.8114255087997829 -0.7252598868659594 -0.27364477601475046 -0.30453430387115354 -0.6360447899373425 -0.8072428775528175 -0.8035802297185575 -0.5178177042766404 -0.30103358234458816 -0.9233629848234869 0.7217291548754654 0.971318165763151 0.610714129945345 -0.1590682693274274 -0.47092741764388363 -0.18688233581373606 0.06117279783797335 0.0
first-p 0 0 1 0.4336518266783268 0.9013742849887393 0.7497227601197787 0.374827493634226 -0.4675229224861215 -0.8508345331282302 -0.8510067051287299 -0.7749201555048881 -0.4428616612935716 -0.45747340495782074 -0.7259829127620149 -0.8801055558214943 -0.8602388462465361 -0.6082074907971466 -0.619242655662344 -0.7819901724123468 0.5350904102820683 0.9753902804046575 0.48520125575798856 -0.051300883581527304 -0.17215256190720543 0.026103004169552774 0.1334172155661316 0.0
first-p 0 0 2 0.9012911902327568 0.8829565832236967 0.7601989215495989 0.43115465878352144 0.008037747627851052 -0.7689035500164733 -0.8767584163347404 -0.8594135990606917 -0.8187070330667131 -0.837984550229278 -0.8822388714464999 -0.9412846957942905 -0.8844685594225234 -0.8845958178975918 -0.8662367432519229 -0.8706029426120827 0.3515904036161924 0.995536550579172 0.6873486642347675 0.21632890474322125 0.1516686240891788 0.3967899976138605 0.5183965923495198 0.0
first-p 0 0 3 0.697857004563039 0.8188554668865402 0.5863165514736672 0.2037412779635771 -0.2820603908575099 -0.683716013256945 -0.8004219711487524 -0.7425796057574148 -0.7890312547889081 -0.7771075534654138 -0.8185802159916896 -0.9271142897942006 -0.7780559987137357 -0.6389315899698932 -0.7155855857178404 -0.7069909029577837 0.49389294468863526 0.8714316734227053 0.7378693317274759 0.32604467684954597 0.17976994156438347 0.23779446866799175 0.13412807937815283 0.0
first-p 0 0 4 0.18989363820169838 0.38986387584385385 0.2487014231874054 0.006681253510164184 -0.3663176931519044 -0.6095677004333476 -0.7140781107546832 -0.6274100148127298 -0.7345915766493579 -0.7122361445066958 -0.7695342763275501 -0.782433221364083 -0.7037250542696454 -0.5878439147134138 -0.47779435882039367 -0.2911304289234625 0.2413580976922387 0.09935826107435392 -0.0176622840754269 -0.013827086486933858 0.23265300440474385 0.4796745266903168 0.3965104077096318 0.0
first-p 0 0 5 0.5113090924466422 0.7095611415417009 0.5964021033172644 0.2766568046228638 -0.10202332054701836 -0.3913633089473049 -0.5045819463692855 -0.5129931764095407 -0.6768011125990863 -0.548978065576223 0.04067641382130169 0.3727883360092996 -0.11212460498286757 -0.6003465476166974 -0.7537234665095472 -0.6756798502020996 -0.5267354209585654 -0.4455748968721904 -0.9558929891468242 -0.832537012472606 0.16956820895772728 0.8842754201664084 0.9794191682419636 0.0
first-p 0 0 6 0.5806921470190909 0.8432643310336806 0.7772132857947077 0.484975854053591 0.10475506769249464 -0.18672325271961124 -0.30898394656740763 -0.3821235138490334 -0.5317046622266639 -0.25489398621825465 0.31315531852803863 0.7185816336999139 0.49148597844342906 -0.3307525258806456 -0.7590495327745809 -0.7577545448295707 -0.9047140333870758 -0.8649978597306124 -0.9152239851681834 -0.766280643310353 -0.016333727728614748 0.6982324056406665 0.48239451120283305 0.0
first-p 0 0 7 0.17725045249624266 0.4771085882946215 0.5359332049376597 0.3321147316819196 0.052573485444077826 -0.1414074424959316 -0.20529587766694155 -0.22513774884464136 -0.33929964307324034 -0.0631295083010594 0.4526536406263542 0.7757453633899125 0.6120709848252875 -0.08983539967629338 -0.5174352437380453 -0.4127169210467496 -0.9668049849373909 -0.9926699391340589 -0.8968933479011927 -0.3626279400655206 0.09071588430337445 0.8188419239344221 0.868487067056802 0.0
first-p 0 0 8 -0.26713967677142997 0.1229366493744748 0.44899637726093566 0.4442175198879992 0.1697184916806781 -0.08119537939881587 -0.2720642995300405 -0.02487568775623836 -0.22864358256675502 0.1480071404057563 0.706433164955325 0.8074200180457726 0.5525875287565917 0.07268602700881616 -0.7371386512609777 -0.8727401087830139 -0.8643720878620516 -0.9410922793319587 -0.7507621806447836 -0.2086911216189373 0.38800621886621717 0.4998824280165143 0.2702536908599389 0.0
first-p 0 0 9 -0.03404109828327573 -0.28650818825505436 -0.09862269080537467 0.23088544163765823 0.43130354576035623 0.5569376385690862 -0.029494177912812045 -0.21483020061139277 -0.10641795221979397 0.06153860224016699 0.3858383303526651 0.663989176688022 0.5610849234903056 0.07897227743323765 -0.16207134329074713 -0.4692942681512226 -0.6037552833448412 -0.7331741670489561 -0.565326513204151 -0.20220758322796176 -0.01456048592810053 -0.0352677132798928 -0.03157523258097215 0.0
first-p 0 0 10 -0.2390998834860592 -0.3811944353894628 -0.21124801523376763 0.22875149088975125 0.5930513552597306 0.6488677401245971 0.806790417234964 -0.4738422079964748 -0.0764465806708183 -0.19582405182775073 -0.5237006129976859 -0.832530819705158 -0.46499679013538187 0.04370852121478975 0.2961960380353152 0.041238963982896115 -0.3145912773490069 -0.4547251441630347 -0.35704382566188875 -0.20569640241589643 -0.14219035470571395 -0.12734288454227144 -0.08522777908974374 0.0
first-p 0 0 11 -0.4998240928554971 -0.6952298256312343 -0.5047791674349107 0.14612963199253542 0.7693757626265793 0.7751473619184249 0.3303072942050467 -0.4007136296780211 0.10455640622221547 0.08333884180697791 -0.4946727648083246 -0.9229066150239846 -0.6602772561086111 0.17667813988656045 0.6951131317730087 0.35806628879326285 0.0907141360079978 0.021674496372129006 0.0021751867100447022 -0.04850786464144697 -0.12172900008146903 -0.14947588152577942 -0.09968840290864225 0.0
first-p 0 0 12 -0.3380905482746534 -0.7287442673000819 -0.6992830564344703 -0.4418115609730035 0.5352755998771918 0.9927728646257129 0.7882027460092723 0.10702002459944873 0.63534505203701 0.3632463299902917 -0.4876995272523049 -0.970322206204667 -0.576649256363015 0.22711166293833157 0.8356534443929231 0.48545377477864265 0.47599352680118523 0.4805234098796607 0.29298985120516613 -0.04128134651207182 -0.2702034792942418 -0.3425999708583792 -0.25614912998902617 0.0
first-p 0 0 13 -0.8142614327526697 -0.9384780658721443 -0.8604767125065652 -0.23616264435800755 0.3143034769336935 0.8762256868066662 0.9021575477154221 0.45767656590005557 0.755858687580266 0.44940782838217824 -0.7967928841621071 -0.8471403896370127 -0.26938630484097476 0.710424990134827 0.9036280107663812 0.4710086448126496 0.7070002214829482 0.5708585491591122 0.2033943662234758 -0.021735653849097848 -0.14357767724981943 -0.15331852403151575 -0.08261693701759515 0.0
first-p 0 0 14 -0.045495025746525586 -0.18084592306630484 -0.07915868108119732 0.32352221921179475 0.6138530778502904 0.7366878254864033 0.7664070978007153 0.5356535065360728 0.4791449742045138 0.053338568745936704 -0.07717058884601047 -0.14117129330161737 0.34881745596591196 0.9603669955991824 0.910161744785529 0.7962553770843408 0.8289339392621042 0.6470191000772137 0.3944345783392784 -0.004905865242128822 -0.25926818677779767 -0.2906542521045737 -0.17441372902505764 0.0
first-p 0 0 15 -0.6491228331019286 -0.9979826575640327 -0.997409684717559 -0.9997799879753698 -0.9998557754868479 -0.9988188819474769 -0.9890054478942716 -0.4585749956248389 0.41705961465394187 0.9854749311744603 0.9999720488580227 0.9912935319586392 0.9356935274188469 0.974237796071078 0.9928298329308903 0.9305089917048188 0.9628239343414254 0.9742735393945176 0.7820733220330438 0.44088621088223845 0.0764129475413233 -0.1331540298791636 -0.13019376122721257 0.0
first-p 0 1 0 0.1846662249438936 0.2758838061373827 0.3401774439466595 0.37530959252582585 0.3145560644981309 0.3024080794266188 0.26967047573622877 0.1981430975895929 0.24070389108945117 0.2738766375510148 0.29947835271739603 0.3414569065800218 0.3920684346667225 0.34923755003676354 0.3041540415616781 0.2684938781821923 0.05093770229271155 -0.039497250221520605 -0.17713272089872972 -0.44067330407762034 -0.40398674244884486 -0.2828312792349254 -0.1545027920186623 0.0
first-p 0 1 1 0.09194834332857246 0.25506643565432996 0.3367297574265626 0.317716980445274 0.3599365561004552 0.3573888438433463 0.29379037203042974 0.21747776978781108 0.2413449901156415 0.2610762902859705 0.2672603382145468 0.27721565000259024 0.30092820321301517 0.2777321194979952 0.2275242071027827 0.20773730608756244 0.03735797284904348 -0.04466127390942623 -0.10105551721476766 -0.0037950185598809826 -0.05342266291605731 -0.0797210774304444 -0.04058809761617466 0.0
first-p 0 1 2 0.1899519787534709 0.2734634997016788 0.4524147768120576 0.6165299704962132 0.5412376371160437 0.44884924178603197 0.3202475680089 0.33110175168163514 0.3612862449580182 0.34279756804110373 0.26621939804841327 0.2254185220754617 0.2059029967139104 0.23758387015699287 0.2706243678154876 0.29686248138616284 0.06261851628760313 -0.031973435577392066 -0.10230748642631057 -0.13389367335624483 -0.17891121172765378 -0.17768774374870108 -0.12578395652617025 0.0
first-p 0 1 3 0.11185980446311455 0.28140708941163595 0.422308462339483 0.5844291472978191 0.5363297783224016 0.36640289576380747 0.29803348177717903 0.40092418811701147 0.38276098304030776 0.33704455662823757 0.2543139984832516 0.20267179154375548 0.1565258488465246 0.1665789495284025 0.1971432748641043 0.2149300506142319 0.18535802570271667 -0.006663240913855867 -0.098057950031617 -0.12599347560647856 -0.0918823048445946 -0.061982375287696595 -0.0248078525281731 0.0
first-p 0 1 4 0.03413043120465724 0.10374054372176146 0.1161750365306912 0.040755088342381014 0.16776412803351942 0.26713980659971887 0.34454585461581155 0.4350194185912856 0.4045858348312986 0.39849172562415036 0.42112975637125016 0.29704494404638976 0.18686580533512295 0.12335671662398764 0.08341332343287587 0.05096744964580674 0.051517112457766884 -0.07451567861164875 -0.290510405029746 -0.15957116418469627 -0.11354072634129914 -0.08823262125160523 -0.05054936309039879 0.0
first-p 0 1 5 0.04913095849982129 0.13980939835440945 0.2129079298117318 0.2565233527834247 0.3314197707159281 0.3932611298828762 0.4349847196130634 0.4450904364550857 0.416888477760728 0.48581888678450963 0.6488664350730033 0.6737408456698281 0.4821496824936908 0.3337687660129633 0.21850544890547624 0.1348692816925622 0.028452937270214147 -0.07625802389808643 -0.06325484107014609 -0.22385655111752056 -0.3258668485459644 -0.2933006448812047 -0.15725332064073427 0.0
first-p 0 1 6 0.07387073815260625 0.17295660500190954 0.27340918398602915 0.36719084111680794 0.4356818247728174 0.44264378339395566 0.4232762811023879 0.42013452959872033 0.3982209249960608 0.43917714112550416 0.4373194656222729 0.45037390509014696 0.5617368653853724 0.5181921108278352 0.38167845543670476 0.2849634300862036 0.09442576496736807 -0.03259977519756799 -0.10756334610806732 -0.27236271627158065 -0.35245388958521384 -0.23587948773534337 -0.08628164967477817 0.0
first-p 0 1 7 0.06274117287423245 0.11198514990585169 0.19818363246197404 0.2540410784451419 0.2878362615395631 0.2941480345772128 0.3088129368193729 0.37867647487996353 0.36538035582183565 0.36968348798093736 0.3464007939168904 0.32519174948592194 0.3876632011634203 0.3275497439573313 0.28375299034483703 0.2558862510875791 0.14713974234554356 0.0035445158021362574 -0.06655374827803347 -0.08359202955978066 -0.04923375020600534 -0.08346798866114237 -0.11342055272751513 0.0
first-p 0 1 8 0.22077556704010798 0.310177384930253 0.32673337218583903 0.35401977105424437 0.41541247339018855 0.5020498589006617 0.6605869153438801 0.6981973656737402 0.5957491207563586 0.5307769552093458 0.3778785256558187 0.28211244937903646 0.1929908907203405 0.3351049969129497 0.3558334411635633 0.19794455478875686 0.09095010807511437 0.04707664689279545 0.013461249597913465 -0.009663313623982905 -0.04208538704719158 -0.07795240212704554 -0.03275379963110454 0.0
first-p 0 1 9 0.01959714252441179 0.11431694668263227 0.17511167919139664 0.22976006997473905 0.30804555722867133 0.43819697711089983 0.3212988964237447 0.3870264520825917 0.26803677879744725 0.16653906906484406 0.16985533033230904 0.28363017272680197 0.22866938855752217 0.07249464391500993 -0.0021785448182969247 -0.004291723966168244 0.0179020135967537 0.06739365714248145 0.056246732263318215 0.0311609654723695 0.038843390438686606 0.056725034849887064 0.036231573829298314 0.0
first-p 0 1 10 0.07325194445951592 0.09495032597416905 0.1160331489959593 0.11008113260435598 0.13206502079175333 0.1795952581534194 0.39266119433782454 0.44390038985268776 0.5726203139733035 0.4691352158804563 0.3638878346565348 0.17765056859981765 0.1886202131249719 0.21091046943749292 0.2382899798450919 0.3735598918188337 0.339836279085995 0.22882627316066637 0.13556127841633384 0.08152265257123854 0.0634345159447042 0.052670582950651516 0.032588015494763145 0.0
first-p 0 1 11 -0.05582122876730289 0.06836642535792704 0.1481170099829959 0.05971577783002374 0.04115854386380319 0.06296869394407272 0.0703000305699875 0.13640043538009256 0.036579846320439924 0.10680089272488297 0.15919221236268302 0.07898007055783278 0.11273651393928892 0.2897083357208681 0.2628694641792283 0.2043543976902425 0.0930297326281447 0.0431564328394583 0.01895174661556491 0.016516980280024365 0.026854996799384266 0.03531711427115911 0.02778632483465544 0.0
first-p 0 1 12 0.11164976327154073 0.17370129191957126 0.27129086147301656 0.15522504293889905 0.018541988668790997 0.040385891879222084 0.04636619455932211 0.05265340836743243 0.040764802590536886 0.07329701237308431 0.09672322666420483 0.08362166969405076 0.1885333246172428 0.13576333331561447 0.07201506399506688 -0.06182152820231242 -0.07271299442651498 -0.043146959134593925 -0.001933450679819893 -0.020763016564415895 -0.0486164570092275 -0.08186881915728954 -0.08107683251995447 0.0
first-p 0 1 13 0.06881189033186601 0.09244239435506195 0.06436688034451508 0.18295393932864532 0.18505787518480196 0.0654245514272222 0.01762739759607879 -0.024892337824261982 0.02618076449448439 0.008541359729046497 -0.021397261235482738 0.0252149968872074 0.21518797778449356 0.09881681224284859 -0.08147059384838351 -0.018712597868754104 0.04399198945115221 0.04955583564655983 -0.014506031807239009 -0.004057137862798652 0.013063636513163357 0.023985932507130252 0.02203371309582496 0.0
first-p 0 1 14 0.021382630548602566 -0.0038245703645169438 -0.002972490256938522 0.1178575377614685 0.16709945575335444 0.02378719327551508 -0.027222747015268212 -0.05257253872670488 0.018021872642437143 0.006009325254516175 -0.015166248299842722 0.04042447891810548 0.00357393603557944 -0.1868982949891232 -0.10522553421942829 -0.03643193288202991 -0.09543404288095408 -0.1186669515628711 -0.07702571403489634 -0.015802710840067295 0.022056629545167947 0.03538143403461815 0.026930327196795886 0.0
first-p 0 1 15 -0.008392576002474818 -0.044684998719940604 -0.050493287464502615 -0.014010243952142327 0.013505782937513273 0.03586902975195699 -0.10206402402214762 -0.3085909615201018 -0.20859857851290056 -0.11796571821635354 -0.004438287240288507 0.0933786402043068 -0.24565120036354296 -0.15616003282873475 -0.080598363219424 -0.2542090645206517 -0.18791173258686084 -0.15695059892428534 -0.16356003215206713 -0.17876648196373857 -0.15440866921949076 -0.1014562611063801 -0.04689935352441123 0.0
first-p 0 2 0 -0.18171690367778495 -0.27208616890311604 -0.33537180430797253 -0.37009102886340367 -0.3119304428961131 -0.30378321227648464 -0.2772644363174333 -0.21332111443443164 -0.2462932848006549 -0.26919426854279144 -0.28313094470230027 -0.3123635774233788 -0.34396383582402984 -0.21838656529894543 -0.053259449606560844 -0.02275862659798815 0.10475613738438673 -0.07881841762165451 -0.1967048393345668 -0.2628416900456537 -0.2583136678252013 -0.23578181059032732 -0.1539101608083454 0.0
first-p 0 2 1 -0.09040332921886836 -0.25156703339867637 -0.33201274720622054 -0.31375272552978223 -0.35735978356207515 -0.3590106985900031 -0.30187327169541195 -0.2339085562669029 -0.2478410641446157 -0.25800304429004917 -0.25345819374372963 -0.25231183421184333 -0.25752171639716315 -0.15096472592112825 -0.17202192522969822 -0.08706916814496199 0.08759639703297117 -0.006486204111753835 -0.010143810469200671 -0.019946247293687366 -0.05933160067763405 -0.04117354719858275 0.003813624521964697 0.0
first-p 0 2 2 -0.18708432911766557 -0.2697883262280855 -0.4464377272185973 -0.6100317321616098 -0.5381324656770986 -0.4508433290617167 -0.3290009811174222 -0.3537988556196471 -0.37254162512066397 -0.3422043879183716 -0.25515701502140653 -0.20364776943123336 -0.16347102760552842 -0.25802598762879725 -0.2662374603589807 -0.25583137675664697 -0.03996457456361479 -0.024566284608625873 -0.010671400387139915 0.00028086608445169266 0.003537231110543565 -0.0406530570687568 -0.08401030496967285 0.0
first-p 0 2 3 -0.1101135837556392 -0.27760165956790706 -0.4167077059498789 -0.5778166608941289 -0.5338477126107961 -0.3686112117248231 -0.30714426329786243 -0.4270478126965984 -0.3949950477434307 -0.3379734570912211 -0.24727351811461032 -0.18598837101760418 -0.1369116952912483 -0.17000153339686652 -0.19030489601705117 -0.18934825114458503 -0.43774788959940697 -0.10007541380103643 -0.0002086828570509435 0.03129789959670908 0.03259544937321782 0.040272854578474605 0.03488049455810445 0.0
first-p 0 2 4 -0.0335239100786542 -0.10225789984678504 -0.11454084168307627 -0.04017180424286606 -0.1674498139976077 -0.27046973866809393 -0.3565777319220603 -0.46022568884842396 -0.4149155263154283 -0.39684159345441844 -0.4110636351557051 -0.28406476017223153 -0.17600030570739236 -0.11963934348593466 -0.07869345038602005 -0.04758381186205809 -0.08896842475390886 -0.00634256149314267 -0.0692882686919652 -0.013696071048637971 -0.0011676791246025128 0.026346448380811963 0.05628546636977907 0.0
first-p 0 2 5 -0.04781967230578106 -0.13733559971036696 -0.21003275673394745 -0.25437350454308494 -0.3314121554280592 -0.39825755786611783 -0.44848241361951435 -0.4679728797216038 -0.4247786200350034 -0.4800087664745324 -0.6236918823390973 -0.6320969504812018 -0.44619979041366137 -0.30301302108184436 -0.18595114225304746 -0.10354448321516793 -0.07109358752461883 -0.0311274568313128 0.1545062083460083 0.18918223205786347 -0.10565249281195221 -0.10300840134701539 0.06797434100551192 0.0
first-p 0 2 6 -0.07192653567873841 -0.16972038251672672 -0.2697922918383128 -0.3643517366821056 -0.43548324338167893 -0.44730166061815674 -0.43471549623189465 -0.4403713484066827 -0.4048514869732765 -0.4341379120181147 -0.417935638091732 -0.40811777940245836 -0.48387490226386937 -0.4089012993861838 -0.23920987185136514 -0.08438108343822931 -0.08184126141041147 -0.042259985117164195 -0.0017994290958155738 0.00858713137303912 0.21348274909897477 0.1496032810213423 0.01242695652878549 0.0
first-p 0 2 7 -0.06156412489082812 -0.10985724339804127 -0.1955918407533164 -0.2521814609239266 -0.2877572828442602 -0.2969837478722768 -0.3163439342301212 -0.39482410172444926 -0.3709504485054344 -0.3670895391002184 -0.3332792185077243 -0.2956711053971382 -0.32693274075025786 -0.23995590059191377 -0.14230798195152378 0.020627783589638442 -0.047430970125719986 -0.0681471828177711 -0.08962630417970556 -0.07649992140164702 0.07294674955808168 0.1134890254286586 0.04821140344055434 0.0
first-p 0 2 8 -0.21849745770319648 -0.3071591993970823 -0.32456771981450183 -0.3532068764742996 -0.41672999364335644 -0.5067931782986862 -0.670996130863866 -0.7115235027068726 -0.6032694316209902 -0.5304373842371423 -0.36916492258542144 -0.2657301450548988 -0.16083058244469983 -0.2553684190234307 -0.24149692923644256 -0.11801419882940377 -0.08199393050019715 -0.06649342818937073 -0.06263874503993996 -0.026295162018804663 0.04733800815075876 0.09809653376356808 0.03101262699902293 0.0
first-p 0 2 9 -0.019377985667761336 -0.11384152388633682 -0.17454470869018723 -0.22963054022458018 -0.30904288463031 -0.4414912835695141 -0.32527074624993335 -0.3926275848169908 -0.2709257278927288 -0.16468954659905627 -0.16376397501796758 -0.27234786075907697 -0.21319169156099924 -0.060465344355323095 0.008990371457141124 0.007422534674627125 -0.026746626279355278 -0.08537121084105803 -0.08597366625651118 -0.05470297969510581 -0.04309784154954588 -0.0451671555007625 -0.030918774300282316 0.0
first-p 0 2 10 -0.0731708975160532 -0.09468880201287312 -0.11572197622152576 -0.10998421386278848 -0.13241250228473256 -0.18048370012207007 -0.3953068337748023 -0.44635380297711913 -0.5725276514581511 -0.4667460140220814 -0.3578448433242734 -0.16619611325708597 -0.17492526973949615 -0.19714570842877208 -0.2249869443247457 -0.3612934566667742 -0.33810284461511886 -0.23815291952834075 -0.15024408705898148 -0.0928745183131351 -0.06711931444418467 -0.05068809754568695 -0.030956125798178285 0.0
first-p 0 2 11 0.05633610768764508 -0.06798944340751639 -0.14799058111651073 -0.05957729232254617 -0.041182481551575334 -0.06331016276819049 -0.07053142651721547 -0.13731500075132716 -0.03435219278742943 -0.10363523188133195 -0.15547536957278718 -0.07254914602380531 -0.10413050339470073 -0.27918081596776223 -0.25247101422115115 -0.1981452391242818 -0.09286971504190068 -0.04662227860378932 -0.02386609312911918 -0.02067990048402121 -0.02888045082903619 -0.03556786031358421 -0.027701576973181406 0.0
first-p 0 2 12 -0.11173355108239848 -0.17364338406409807 -0.27126445330821947 -0.15381841530542648 -0.01781001566518431 -0.040099443441581444 -0.046045137836837315 -0.05202178682641613 -0.038653886114189594 -0.06967128358573668 -0.09259157435406028 -0.07752849853168609 -0.1835448832182211 -0.130864530279785 -0.06593596025128089 0.06534618561159461 0.07421353761222928 0.042334159516076206 -0.0011396646976596378 0.018113885006971628 0.04780292488838623 0.08305683779849447 0.0828419143253119 0.0
first-p 0 2 13 -0.06834868454354717 -0.09165118227028078 -0.0628023232767992 -0.18235321391048195 -0.1845656260022897 -0.06491166517257299 -0.016756265254394026 0.02663081460035065 -0.025072263058812022 -0.0030863698154780204 0.03203500747059961 -0.017688496415934778 -0.20857238235207665 -0.0920369509407976 0.08766142906778958 0.024241771226794887 -0.04040956229249462 -0.048933420923381044 0.014511985236046613 0.00357458941165396 -0.013799116958145773 -0.024743070802768777 -0.022599744535376963 0.0
first-p 0 2 14 -0.02140124212353458 0.004011104230801886 0.003173399226888608 -0.11747012909504484 -0.16557792595162574 -0.019703485162190188 0.031333436497367514 0.05459745982445977 -0.018088610274818017 -0.005855138237523493 0.01602533917128894 -0.03864451762576309 -0.00048606487224140717 0.19412104897875707 0.11213103420539772 0.04874988825038544 0.10205803922531274 0.12234049074597683 0.07901619865564674 0.016061488357890626 -0.02276501745762856 -0.03637530609664415 -0.027660800243872356 0.0
first-p 0 2 15 0.008569369395992003 0.04509840452643237 0.05122839791216047 0.015610531969504281 -0.010296701065810956 -0.03277581074276115 0.10701008847701188 0.31795346853179357 0.21519816401541378 0.12216075209490393 0.006016901948739451 -0.09283083028046704 0.2532451589002765 0.16271066607170295 0.08827698844415957 0.26368687466769475 0.19405991913711246 0.1617330514551296 0.16840786028800994 0.18394402570122398 0.15901781474595672 0.10469227415647213 0.04851019112201134 0.0
first-p 1 0 0 0.45795454205370184 0.1564949399122651 0.26582947076087887 0.8401003734966839 0.46995914750974077 0.22395999414010748 0.4379479224144849 0.6177913806003807 0.8960184037780925 0.8688810921922846 0.6487314360254961 0.3651068569418348 0.28620965369957363 -0.1154974256669632 -0.5742814190392896 -0.25008214019069686 -0.5222583161748218 -0.19153149805205452 -0.7188418870737501 -0.6382890093428224 -0.6763726819513359 -0.8524921398549208 -0.9011216528806814 -0.9000806828261942
first-p 1 0 1 0.8916210897066937 0.24280000767296778 0.4599660080095427 0.8044780539522988 0.7213613892736583 0.13101675404114946 0.3136015937411814 0.5131103683368033 0.8179848412481612 0.7986076553729463 0.5632067556049267 0.2812194804834285 0.3179348030773522 -0.20519110182126357 -0.6801110500417734 -0.5377995815055895 -0.3636430046144983 -0.15418076338236394 -0.804404708918829 -0.9225624989555915 -0.8916184310930552 -0.8762456342449702 -0.829922342445904 -0.8364896938065204
first-p 1 0 2 0.32807640749376615 0.2672110564535304 0.11686348641923519 0.24429757967515464 0.09968401920547652 -0.013138651267212396 -0.1141586026165138 0.008955235402834107 0.2089206667708427 0.1327787564311767 -0.05039823935153569 0.025167809438027433 0.3762865482629291 0.2266571912355684 -0.24056495218435117 -0.2161897983947314 0.1936110039474037 0.03992279177534388 -0.6697076445197989 -0.9131113411593133 -0.9047961020163865 -0.8228738538314307 -0.725472179102022 -0.36432233389742685
first-p 1 0 3 -0.6966446663930527 -0.41555405729539574 -0.5363788652548925 -0.491677196726515 -0.5240510880340757 -0.4473769323588924 -0.40342628245335543 -0.3246028725084302 -0.23236372242560496 -0.3080539347046641 -0.25019061381295393 0.19120009813878638 0.5871412440450064 0.7259722242948577 0.6350552697189343 0.6357344765502729 0.603419116864885 0.4479971081770507 -0.6531444617522906 -0.9245253510173529 -0.9702596296502148 -0.9562748038316238 -0.9694504951182064 -0.9551129216080954
first-p 1 0 4 -0.9754324493066224 -0.9070405350295518 -0.9547384661504476 -0.9980110873100416 -0.8952653065452479 -0.6911580157378788 -0.4939859836003199 -0.4360622804721377 -0.33286309435290556 -0.36500814788722175 -0.028587366839685872 0.40943589234923095 0.6544018756638502 0.7900956540219145 0.870933109448757 0.9539712430728509 0.963537104406414 0.9876146110183693 -0.5947851302744087 -0.9715211478600184 -0.9482019789823385 -0.8569733283956366 -0.9043103676237404 -0.9920482260244493
first-p 1 0 5 -0.8188951905944286 -0.6630799288105945 -0.7428058304125001 -0.8903354656976441 -0.8770050279704797 -0.7304502120615031 -0.5903629440580216 -0.548305060177813 -0.43201699208186234 -0.48143082411074556 -0.4128323147240814 0.08196273084971825 0.7237738639078842 0.6596574517118229 0.5883623984556572 0.7106942102785815 0.8366105932289885 0.8732183212145334 0.06825067852706522 -0.3803482509916051 -0.6744481538614332 -0.20363894259773785 -0.09243234639974354 0.4322053360016528
first-p 1 0 6 -0.7186009789199654 -0.4369250496990838 -0.4919995214066954 -0.7051248544844438 -0.7806087675142994 -0.7544015105099955 -0.7302216380682853 -0.6818163084805327 -0.6200326581760122 -0.6992779411380118 -0.656454263044034 -0.27829204224828025 0.41716111026656966 0.6604052726672955 0.4590069216598489 0.5521683203028447 0.3883761158597129 0.482735723597689 0.3583147926745728 0.5343382813301923 0.19683093448517747 0.5568689216221301 0.8586755785668504 0.9737043296651774
first-p 1 0 7 -0.8401873153238205 -0.7984476794340074 -0.7871041028380258 -0.8720139831096817 -0.911905705910121 -0.8973493483174336 -0.8690306600239541 -0.768042468649715 -0.7355787612431179 -0.7193944847407449 -0.560240934787104 -0.24294663372524697 0.34280318231906615 0.8590643745225958 0.7430002703585934 0.8050029195896795 0.09086077548902911 -0.0019424730726172637 0.41511102824923624 0.9228969496680909 0.9910368616166494 0.5530775361498231 0.4773422610248553 0.5522861756872922
first-p 1 0 8 -0.3300027875076426 -0.7851151481238826 -0.6933626200813117 -0.7136541702763511 -0.7827825263869032 -0.6914580415596854 -0.167469293743625 0.026202494883040047 -0.4283869408607846 -0.4608728295989502 -0.2777526968061811 -0.2644011927313266 -0.6186629462850165 -0.6566239031037923 -0.2371773791669166 -0.2747049541227734 -0.3285259539738304 0.0026273797435245974 0.5591582605648456 0.9265149318301702 0.8847454230393075 0.8110394678457068 0.886764523137118 0.8984471349578165
first-p 1 0 9 -0.8147900826555545 -0.8112867016174586 -0.8638792698794296 -0.864525153734216 -0.7714349462481881 -0.5464894345511452 0.8572484345012291 0.805638474537331 0.9109942056902475 0.8964472465350009 0.7673789533221309 0.22683147733231096 -0.5783904615326195 -0.8552515133359475 -0.8525027819504695 -0.7326388816670997 -0.4356767533240376 0.08009139303770588 0.5612365478395227 0.8241386183921511 0.8699900936216609 0.8505088771465844 0.814964480853689 0.7797014655909041
first-p 1 0 10 -0.7462925962664687 -0.697587893404788 -0.805075586381052 -0.8542725992953929 -0.7406682744828363 -0.7079745004526893 -0.18652892151146405 0.6090328613389978 0.47025622442060666 0.6707508968386892 0.5840738408891424 0.31897634007022796 -0.6125904365060066 -0.7329881817740023 -0.639849017855708 -0.3213821748025799 0.15723085675633713 0.46395109765916354 0.6707427396721893 0.7782092831941197 0.7963346934395283 0.7730602618522964 0.741333956067175 0.7172630551494681
first-p 1 0 11 -0.4376168915216736 -0.5333536945922093 -0.6849172396654151 -0.7508640650175767 -0.5380433265946558 -0.6112037668122134 -0.9323153878607585 -0.893128229829784 -0.9759242033090114 -0.9156841030882491 -0.7259254394287447 -0.2552250468082015 -0.35552826388750314 -0.16208070583887063 -0.02415855119294088 0.4704506758537076 0.6620802683026584 0.7113902844775566 0.7559549754202509 0.7780183731351259 0.7673291266225539 0.7397580555621674 0.7310592379089953 0.7405519790890349
first-p 1 0 12 -0.7517766880393629 -0.5215275270274171 -0.4866792520858049 0.09478281140119298 0.022808406240879205 0.07713839154676183 -0.6061101172971572 -0.9903323731711495 -0.7635196353267786 -0.8597118902527375 -0.7683970187508432 -0.09957768420550929 0.20196194867705022 0.5710578952172874 0.23204810587996175 0.6919830219983725 0.5594962608554928 0.5239708054576641 0.6776373725712124 0.8273778647617283 0.7872976411732339 0.7340711660173139 0.7036079722025036 0.6376360349935144
first-p 1 0 13 0.4439367272711831 0.19833722600596393 0.3910882213215979 0.7698000016704568 0.8111294277879191 0.4474633847418362 -0.4261732665112821 -0.8881006088365091 -0.6508926770592809 -0.8703287727429759 -0.3823292152525052 -0.5111103019284907 0.09426188384366989 0.4748888168893976 0.38539221329243556 0.7135874977585377 0.39160410697771014 0.6152724090820986 0.8873966052821743 0.9138872981147301 0.9052633450194509 0.9026751776729762 0.900025291222025 0.8864294655757576
first-p 1 0 14 0.9829994889398374 0.9738507049342121 0.9821660784583331 0.9032949655571345 0.7229919935245664 0.22786783818252399 -0.6407410580790879 -0.8351837352851917 -0.8772233748377468 -0.9980790499482051 -0.9960248371701791 -0.986525880234522 -0.4642542164286249 0.018862444183083717 0.37299572359952887 0.42159002094443243 0.4911709232259571 0.7044092019668428 0.8759187102403077 0.95934204970588 0.9348382556490744 0.9329280868532127 0.9633353120166132 0.9787545436992177
first-p 1 0 15 0.0 0.0 0.0 0.0 0.0 0.0 0.0 0.0 0.0 0.0 0.0 0.0 0.0 0.0 0.0 0.0 0.0 0.0 0.0 0.0 0.0 0.0 0.0 0.0
first-p 1 1 0 -0.05146057556069956 0.03239734452188913 0.026955275480267403 0.012439771103235664 0.07220901374196674 -0.01723062112978749 -0.010001202623514666 0.06024454044340133 0.04259215834131493 0.04834974355619374 0.047259418776128694 0.019396929766590684 0.008889284408271648 0.0941803995926479 0.09686996604536194 0.08793759978991646 0.13419490278932258 0.02640179426700452 0.09743896682094903 0.26056450580157065 0.0025794800581738055 -0.043803282854249226 -0.019151847766547637 -0.02675813426139944
first-p 1 1 1 -0.012998424420165852 -0.01076099146941757 0.037077493834566995 0.08046340413617478 0.043266404552718046 -0.03412360439428001 -0.001055838847197741 0.12841637237363668 0.08658991721746778 0.09453952515062851 0.09811178681742246 0.051584430717732256 0.025083745004470307 0.15013926668326052 0.1820028211175922 0.14336306783088504 0.20948606129174333 0.03216039441118163 0.10508164079067694 0.15332633283874278 0.0849541904055455 0.0506705313782039 0.04234978891601857 0.05361979944011623
first-p 1 1 2 -0.06747061292708653 0.026764208652231003 -0.047526186017657 -0.03328218249015115 0.13393240564469797 0.04422297660469571 0.06082530797774256 0.11419819842124981 0.09115869666434552 0.14938182244128692 0.2019244916127732 0.10031668267890223 0.0481520652544949 0.1152397168013841 0.1425851848045721 0.12820808278281404 0.32720344869410123 0.026143717259460166 0.10770398528775482 0.1572289020986851 0.1445413879877462 0.10427088281686682 0.07897314474893517 0.03589728618386038
first-p 1 1 3 -0.03942219982943561 -0.016555631822954615 -0.09154054520298821 -0.1445617875512556 0.19231842158350562 0.17663839453144914 0.08151048215088326 0.0086262402911753 0.10151304883937441 0.19053777703517732 0.26629308729071627 0.11798792057061797 0.05272745320821155 0.053462040396765595 0.06300605742557512 0.07472990956317313 0.21775728920521692 0.0950969412233132 0.1099754968550573 0.13673440511162202 0.10383097640787863 0.10791268785240103 0.10949604722092374 0.10120084029474398
first-p 1 1 4 0.07155227292298277 0.045154698926568614 -0.0018471809943905759 -0.018379653756514337 0.06367429861880879 0.055446420511529794 -0.010157433930035284 -0.08419616188572551 0.08210114104637785 0.14700991763634041 0.17745072993624997 0.1649706378887242 0.07675412732379858 0.02048780243210373 0.003982459944272876 0.017889671137160352 0.05082739274548999 0.07728483137562292 0.21376371111418757 -0.06282249665817707 0.03347799259086256 0.10092355763326574 0.12222522939046813 0.11663306578380189
first-p 1 1 5 0.17858911674106814 0.09633050369824261 0.039341746769765484 0.011001745362055903 0.019425323430604696 -0.002891630079571019 -0.05664997361327769 -0.09565485592503759 0.02300696774277759 -0.01333270894436823 -0.09271825418926449 0.025123729241348498 0.14142951828173822 0.034614407139813765 -0.023536439761691123 -0.03827088314532831 -0.03692642312413899 0.016090393107558037 0.06677976371995024 0.00342909563461439 0.08952751536522387 0.07689573229698979 0.03343349508433526 0.011084198355540836
first-p 1 1 6 0.2616739386787077 0.1407825400214873 0.056388884213753245 -0.0031294005670786224 -0.010742944697548235 -0.0006562801915844906 -0.039819116283252444 -0.0953918261036853 -0.07007247629956706 -0.17583923235537935 -0.22548438886958969 -0.13209420279943215 -0.1224987970449705 -0.08512575480520664 -0.059593798693290914 -0.11417921305743631 -0.06269657971719313 -0.042793294315091206 -0.01101224935480161 0.055222647976077226 0.10596510936237519 -0.05109249035387216 -0.09096393801115733 -0.03829656085448543
first-p 1 1 7 0.3590140097539336 0.23600285042762056 0.0888619036530636 0.023619616044098013 -0.003057818001902319 0.0027304378805400368 -0.06155945303694336 -0.17285175134007053 -0.18445902546847534 -0.31234090819420457 -0.34545636426343074 -0.26456437704391383 -0.34896123646535515 -0.20066691549753496 -0.2013726887814539 -0.2763466972296099 -0.18096475965569758 -0.09848225409319063 -0.10392507976207117 -0.05222759110887822 -0.005010831037274072 -0.038691959476764556 -0.049757315889715194 -0.11331224846195925
first-p 1 1 8 0.29175834017157964 0.29869241307671723 0.22997890073507232 0.14698147465815856 0.0777428786439647 0.056024392621319155 -0.07471640872456031 -0.048730831837446434 -0.14635962559573976 -0.31194190697258983 -0.2639409878958536 -0.24954104781733033 -0.35282441616654936 -0.44855250084779336 -0.34252149784579433 -0.25094037480682274 -0.28628492543264494 -0.2604037109957971 -0.26814136248834863 -0.22717968000193597 -0.17176655078152436 -0.19271662281313717 -0.27612523910296016 -0.3248029968398421
first-p 1 1 9 0.40875598751667075 0.34180576345645697 0.3022675831144324 0.21632558601181887 0.11910717276054339 0.04611588960426484 0.16638531975419377 0.021595892963226247 -0.07823262821689574 -0.25743896709679 -0.3170864255462942 -0.41729547915169657 -0.35498938512954126 -0.35934380178946534 -0.35855657777002214 -0.3591378096771965 -0.49002867077840107 -0.48847776331280185 -0.4328112581156155 -0.3748969828250316 -0.3443649714969993 -0.3662270928249717 -0.4111712792224839 -0.4478828942364309
first-p 1 1 10 0.4328465176096634 0.41807220906270365 0.37410300841513466 0.31090425715352793 0.17967869106839768 0.08029951219802045 0.04443016373923079 0.06476272031297495 -0.23839278169391442 -0.18697704451244573 -0.24513585575845692 -0.26804530911917857 -0.41146709122327757 -0.43464772372370736 -0.44811465058126 -0.5653894054213362 -0.5759658383453758 -0.4898985729822154 -0.4400268883644531 -0.4103984584054124 -0.4081934124780044 -0.43350599447110805 -0.4678615998980118 -0.4916073070626644
first-p 1 1 11 0.5249674173238629 0.3335362204619617 0.34051157468357435 0.451110800279211 0.23969077303453853 0.09368234405280847 0.07688289700703346 0.0468019260904315 -0.12795630955321305 -0.252004511433572 -0.2943975075873909 -0.18723167227346413 -0.45181084803257593 -0.6235157763141135 -0.4385266526380536 -0.5349639031561609 -0.5183705748722286 -0.4947546756791459 -0.4611807596937786 -0.4396385675694101 -0.4401275982440169 -0.45778971248436323 -0.4718576662235853 -0.47083463152363686
first-p 1 1 12 0.3840431822416179 0.2610747446873207 0.2517397887966186 0.5565957894711745 0.36172238675490864 0.051142540501553486 0.059674093347354545 0.03431714651345491 -0.06990382031162244 -0.23912463198600914 -0.27281825213662836 -0.132042100257253 -0.523026730617214 -0.5389571182781149 -0.3447732699181891 -0.370501952440171 -0.47232735648812973 -0.49291972894675984 -0.4731820494427247 -0.39154143224024285 -0.38435608522341935 -0.40125572453488884 -0.45571936882201103 -0.5287482874634711
first-p 1 1 13 0.2549850866549947 0.17717076762835465 0.2215435119626115 0.3770582668508419 0.29609892798040177 0.10872022309854351 0.04426426580953336 0.01563017718948725 -0.0421641395175401 -0.14062341926054847 -0.161454491250601 -0.09827533475601159 -0.6380165266429586 -0.3516845657908915 -0.10024191228854376 -0.36270969312662027 -0.41243998341866067 -0.37807395759205636 -0.2888353998767312 -0.28310822036599315 -0.2787080731122179 -0.2793884272417984 -0.29759431372814504 -0.3227786529958895
first-p 1 1 14 0.12382224473916598 0.09704553570842248 0.12040289854102769 0.16069571235512659 0.150427494049676 0.14593856205185882 -0.012719775512322947 -0.06845410839755624 -0.010782638732563599 -0.021205332801279553 -0.02710557228725031 -0.042380112747629886 -0.4810349595046999 -0.04816364053431498 -0.06525842735071702 -0.30292466696264037 -0.15940955715335248 -0.16535057785860843 -0.17795147283834165 -0.19629672938546738 -0.1677202802182184 -0.1438164174859689 -0.1394776928253411 -0.14286194723500878
first-p 1 1 15 0.0 0.0 0.0 0.0 0.0 0.0 0.0 0.0 0.0 0.0 0.0 0.0 0.0 0.0 0.0 0.0 0.0 0.0 0.0 0.0 0.0 0.0 0.0 0.0
first-p 1 2 0 0.05063757440100062 -0.032024493675810076 -0.026728825900003923 -0.012957762261303194 -0.07190570244699879 0.01695864526583995 0.009617886342913325 -0.06273688643746979 -0.04308966668617627 -0.04992835749317631 -0.0501066946471203 -0.022712446323596855 -0.01533138416958516 -0.1614803769958992 -0.2013290113636844 -0.06722932583887671 -0.4180628043964125 -0.10671117861069518 -0.17530386757739067 -0.22558576864835822 -0.30134609611559904 -0.3175323947861912 -0.36920375390802473 -0.43490086991633037
first-p 1 2 1 0.012716398730293167 0.010578128720420767 -0.036782061403899426 -0.08037536238920191 -0.043906057979563665 0.033694504216035606 0.0005084991567238493 -0.13310125753424837 -0.08720055820082817 -0.09633158624199757 -0.10223450370426791 -0.05620571702766033 -0.037445643698428004 -0.2852807839367658 -0.19875527300446608 -0.16725484382541703 -0.7269723937227822 -0.14755033681859336 -0.31008956770334123 -0.34975053334601347 -0.40222957940021015 -0.46999362518466137 -0.5384916991731239 -0.5453530134357704
first-p 1 2 2 0.06637376900766043 -0.026487241232356303 0.04686162926502346 0.032691441367174265 -0.13355346978287871 -0.04397369377044264 -0.061340234368758496 -0.1161242471723722 -0.09190227299786274 -0.15239012689889855 -0.20582327529728223 -0.10488251483845837 -0.06845698415039325 -0.17266458420949954 -0.16526324376931836 -0.1590539176079355 -0.8522432895576572 -0.070737898495432 -0.2384588761914015 -0.27709377711001415 -0.3246947731572486 -0.3483364697289865 -0.4193316083213359 -0.5546332402207612
first-p 1 2 3 0.03860159254469092 0.01624282932001939 0.09033932365415925 0.14288244690938476 -0.19021831243101586 -0.17623808825898596 -0.08225806520169975 -0.004904416850492559 -0.10297971888811068 -0.19255359859413101 -0.26570524236973414 -0.11963668956134456 -0.062198749347398954 -0.07227375280323801 -0.07477222994232284 -0.09150569495074698 -0.3443197337441509 -0.1442307670497112 -0.08509492556494852 -0.0582883527689751 -0.0774165761045761 -0.10901112037752621 -0.16838626141318075 -0.27842000089951535
first-p 1 2 4 -0.07115810824202216 -0.045010007747182924 0.0015516936709967129 0.01779515955617318 -0.0638178612383151 -0.05599959389866284 0.010373111769526013 0.08982086594068793 -0.08361929710751208 -0.1469622565980072 -0.17084324572709392 -0.15497324298526569 -0.06887016949987786 -0.015433319007870894 0.004665608036027792 -1.8351107605863413e-05 -0.013773154250363679 0.05638755583733255 0.2546550526635079 0.16235228995071127 0.18103024773462975 0.1297858527820265 0.06587835041419939 0.04729741227186145
first-p 1 2 5 -0.1771412827146936 -0.09571151270244266 -0.03940445339125714 -0.01151617293349637 -0.02007482507531093 0.002342628942818284 0.05754348397606024 0.09972761753850096 -0.023224406213358213 0.015533104502933139 0.09643142619631577 -0.014369536685352756 -0.10961108039756289 -0.004408159839801254 0.05342472847928374 0.08941272762914909 0.12411721497631405 0.17863277763228952 0.22198549052085076 0.276231605232488 0.6252995138632721 0.2721014694298956 0.041562455871043166 0.25985274544858644
first-p 1 2 6 -0.25943342269654124 -0.13951003519983934 -0.056176600410037636 0.002503118462475719 0.009829003417140235 -0.00025012252945116274 0.03974097672315309 0.09781918885164188 0.07385710133543613 0.18375987933605947 0.23289444988176775 0.13909823962467838 0.1404598121291291 0.1072283169770693 0.08188544244643386 0.1398462706722839 0.10541077817309691 0.11859597843393516 0.14926883571784094 0.2235885683648135 0.37072420455752647 0.2819737438540752 0.11873666660554917 0.22457348868022312
first-p 1 2 7 -0.35503506420073905 -0.23354242664995034 -0.0883932852362385 -0.02451883414168275 0.0008334380056583746 -0.006181767070668176 0.058402342606148266 0.1739657682541458 0.19664044974205608 0.33092111835318316 0.3616989487005729 0.27573661026332474 0.35904507886997755 0.22091428523392828 0.19721330011178753 0.1984043006403664 0.01960601019889964 -0.0157245746651536 0.0015680249137882218 0.03456314111525352 0.0429682253992182 0.04753326058435296 -0.0144992588597128 0.0696071820214443
first-p 1 2 8 -0.29091207457114693 -0.29783694012155765 -0.22948057488969967 -0.14724085877571486 -0.07856070350357394 -0.05710488740800465 0.07577354738774701 0.050741295913500774 0.1547080445101877 0.324490944747348 0.2739814912678257 0.256308886131379 0.35257077752251065 0.42994657452182494 0.31323205209748 0.21629013176232528 0.21903790987603325 0.19972666142014087 0.21838859827738638 0.21359465038149292 0.18210133372977377 0.19872930361313731 0.24966353556067908 0.2954585570430287
first-p 1 2 9 -0.4087998448867519 -0.34185890225327803 -0.3024740064998607 -0.21672918003496258 -0.11949596917739048 -0.04595590471396603 -0.16594306606673534 -0.0195539174256667 0.08602306495412208 0.26732490447074364 0.32564559079955235 0.4229786106541073 0.35621669313972437 0.35251770052679765 0.3439818224151247 0.3375643341567021 0.45221826826569483 0.4534317320377619 0.4093149392657232 0.36796258161907947 0.3477811995041997 0.36879635744009454 0.404357986480422 0.43756889469635996
first-p 1 2 10 -0.43336205539662676 -0.41868368463958067 -0.37472556347440594 -0.31147269758062057 -0.18011641984319848 -0.08041099498312765 -0.04326474638596512 -0.0638674584151973 0.24597144077023061 0.19709405763884386 0.25305442191676175 0.272245052094732 0.4159679558724219 0.43422297307308866 0.4411951515197585 0.5525103720294889 0.5610453714619233 0.4784302813036413 0.4336474090179808 0.41034228137978335 0.4128948496629637 0.4391932382423093 0.4714291612912535 0.4938177450844048
first-p 1 2 11 -0.5261052904066971 -0.33413527668665677 -0.34102547367291186 -0.45192134770126263 -0.24026782013431794 -0.09395162601829718 -0.0765333435575345 -0.04582186794961731 0.13322511720001254 0.26253436925655554 0.3035563681636143 0.19117171911739547 0.45820069067002617 0.6259951346279188 0.43713442457362084 0.532218057844315 0.5171395322680423 0.49460668787830075 0.46358482663627526 0.4453671060103302 0.44846458940099637 0.4672592299449285 0.48106704169466535 0.4794762934966804
first-p 1 2 12 -0.3848212189908037 -0.2616422088895905 -0.2521714816590534 -0.5587336982964898 -0.36158764513648045 -0.05096236588185972 -0.05946411321388435 -0.03364804187149681 0.07302051209364656 0.2480734570745136 0.2817034110125596 0.1346132719572285 0.5328193941999461 0.5443171773574867 0.3455932138876767 0.3743399627797357 0.47592660791516445 0.49792383680260593 0.48068518741852956 0.3995970601553932 0.39341355367102043 0.41128783699801513 0.4671263918886006 0.5418424806177254
first-p 1 2 13 -0.25587983110238977 -0.1777252043731579 -0.22239846130408963 -0.3778060186101933 -0.2954605102939481 -0.10812530684367479 -0.04401457954197284 -0.0153733016149294 0.04386914512935133 0.14388538694159742 0.16422093262578738 0.10253145426323107 0.6493630134876965 0.35757425585390573 0.10275619350906001 0.3693881336416253 0.41607925018958364 0.3844088988759894 0.2954844933765366 0.29010009514029966 0.2860847121291931 0.2870984430717544 0.305892641868615 0.33174801239681273
first-p 1 2 14 -0.12407670623645431 -0.09726769408635105 -0.12069769424973584 -0.16086900406630994 -0.15000089156909707 -0.14709258124076627 0.013652913443653754 0.07150335549276884 0.011445231302966834 0.021751927859733938 0.02752608445114543 0.04374634133525129 0.4900356854256851 0.04904845937709903 0.06764129124581089 0.3045850250947587 0.16335465005264976 0.16965879185100066 0.18260484523517514 0.20149109436089227 0.17240246453207214 0.1480105394472511 0.1435985325847383 0.1470714357730893
first-p 1 2 15 0.0 0.0 0.0 0.0 0.0 0.0 0.0 0.0 0.0 0.0 0.0 0.0 0.0 0.0 0.0 0.0 0.0 0.0 0.0 0.0 0.0 0.0 0.0 0.0
record 0 4642.983118025828 4158.377540971538 nan nan
record 1 4642.042894264914 4188.1297930859655 nan nan
canvas 0 0 163.26641715451265 163.11705908536243 178.85402029888772 188.13314438917544 187.93219972135185 183.22419629847323 158.22916559759778 139.19273098098475 129.82884274333415 126.97417342353899 124.30617459245255 118.34457439716903 107.3924417919182 102.19607036628224 102.1900574515895 102.23795432458182 82.27056753469921 87.40814500171605 116.97402876819042 120.63725348580338 120.65852245163607 119.95509843565601 119.35745987963737 119.35802134778277
canvas 0 1 163.43236852283522 165.82332452632275 181.81874653509695 189.60413281072857 190.8910239330309 189.60895032544838 168.50344607877489 147.16473626169247 139.24096429084233 134.64045170301836 130.40214983067187 123.30220336681471 109.26201576397519 102.16484428057859 102.13488613965836 96.8426314753384 78.53407618169594 81.58353779564685 112.67176158118312 120.60622527533046 119.84268433580819 117.86412227307812 118.12459476298356 119.09465839617094
canvas 0 2 168.35403958690725 170.11707259340756 186.61634686318317 192.36060924332594 192.9427708909755 192.88285664276842 176.35841550191623 152.41523587217276 147.77346322862692 142.08050803128123 135.93558649858818 127.7945638893644 111.92723319219748 102.18069858575738 96.3145542540437 84.22623181375329 76.43213487964252 76.67019613419515 99.53160582812617 107.35921376015985 109.38070622526216 110.36336669076209 112.11655335870168 112.84391096438532
canvas 0 3 168.97555455443512 175.10570801056426 187.48771204747118 192.73136068394444 193.04196984233755 192.60460324465163 173.22792000856552 152.48422874348984 149.24365274416706 143.0666416055113 135.4863210574432 128.21047145335777 116.11554749206411 103.68622627440448 92.93785992647429 82.29113135795532 76.5644820183679 77.58823436089277 91.89478688593115 98.80137495737517 103.40249601240964 106.69040694796547 111.10302688906414 112.88894474942984
canvas 0 4 162.8492683625137 168.8246669249427 182.68669973384957 192.0244779650884 192.24140677577464 179.90389079002424 162.77309353842284 151.08670139969243 147.4511639785529 140.06284817493568 133.26749877152017 130.68812906673188 125.52473469558485 115.89336305194283 102.37660575473933 87.46697560616408 77.8814848461222 84.93969001991795 85.77714313872083 85.7602404863484 85.61341131323083 88.84107432050799 98.00205852806994 108.89756957461562
canvas 0 5 132.1484726999415 136.59624348524062 146.81700920674385 157.47367406320618 162.0176852411378 160.47247532176905 154.71808232481277 148.57431904288993 144.12111722684355 136.56638808946028 133.1767242522009 133.36231685284648 134.4717756198999 134.02244820853022 129.51931176891867 118.93977946997524 106.08836258391808 93.4724438029926 85.7874005927625 74.84642077513553 72.48064911372327 72.46260022696787 73.16243500760804 85.51819404526181
canvas 0 6 125.02191136058082 127.05201373083447 133.54626053723288 142.89276917871584 148.60560410341984 149.75007865323673 147.58104433365185 143.8382805279992 139.30991764649602 133.55767139262866 131.91947153876717 133.56703005955322 137.50510746298093 138.95147766891856 137.74924641596442 132.47189004899522 126.10946154436512 108.50535797527976 86.56535257705889 73.84365746229699 72.28552725986509 72.2714149076682 72.06197302052186 85.51940066144296
canvas 0 7 122.48216951669694 123.66642486813147 127.60280213780239 134.569594118239 140.1086344698658 140.99185935944612 138.77098250516627 135.809336872539 132.60776125718286 128.96086157381723 128.48404226925243 132.02711801290377 138.72636723820722 141.3695128247807 140.91340420930948 137.10613257962046 133.65635767780518 120.7485243877279 91.55312601454347 74.96012053095325 72.25534554492174 72.47240912268464 96.03041137732747 99.05818338994638
canvas 0 8 116.94981845463437 117.12116528002238 117.38491994393138 120.01660122175248 124.8265108331069 126.85352731432187 126.25294744504507 125.01321519212777 124.72490302577711 123.36250834224315 124.1036080545416 129.92639301073834 140.1808155684174 146.0557356341046 146.38025293311082 143.81818458645955 134.8452132003393 120.70895779443812 99.28628496581197 81.85887679054763 76.40033742800087 88.35815592219572 97.6232501853152 99.22594721697438
canvas 0 9 116.8537327398613 116.61904244152078 113.52317811238954 112.36196219646534 115.53859807823748 121.72980306190699 125.48145751563263 125.2033078764438 122.18279674986056 121.0456311190336 121.77724612841656 126.5519914859229 133.6028896762223 143.47917892500337 145.52779958113365 140.9316169426185 129.43378262932757 120.74482726243315 112.24573694651266 105.91782090231285 103.65195791692952 103.4418683180732 103.15959210572842 102.99567578156734
canvas 0 10 111.38254749835075 107.82624705719851 103.07658104738655 100.47045125045824 104.42284801847725 118.02769961280495 132.98795974708852 136.3199546933004 131.81087387927423 131.74061683309046 131.26398415254096 128.97533031750436 123.41350508175974 121.11189178597853 121.3425930581387 123.01401870465835 123.14284089685378 121.64784115221651 118.47620303131905 114.88801287418703 112.14826845782163 109.9864677137559 108.0526884302479 106.85307837603088
canvas 0 11 100.30790306953654 99.1878991653139 93.13933698554564 85.7446691459586 87.41979117987245 101.6859189291477 132.21654169412784 142.09341419546507 132.32557675899835 133.4312917310406 133.8465189478412 131.13237249862743 120.41088896210138 117.11334198375643 117.72319599340848 121.67207456831875 123.93634795729339 124.92754202309564 125.24328816208426 125.26971137522484 124.33972012641796 121.89329783464085 118.70728861913332 116.38600628148855
canvas 0 12 99.39993284781914 94.53833582005986 83.05983139775628 77.41251517077727 77.47729831409119 77.59928826174911 104.32457659864569 120.31635739517836 121.97851971510826 128.82519831129306 129.91676815960867 128.15784180101676 118.5888985993711 116.52951625058977 117.55135285643506 124.59185635286897 130.98951499749043 135.14656963075007 138.38610018828624 140.07751794866735 139.77969766541636 137.7065125779895 135.79901168538575 135.15854418002172
canvas 0 13 88.56642083677316 86.3566601136493 79.13266638746481 77.41531026656851 77.3834135661592 79.69170797075759 91.98312817312538 105.01661710463598 113.72607632696224 126.1621727649498 127.2191609553902 127.17327388543058 119.29508278856295 119.16800664395352 119.535297918703 133.69229799702694 135.82838744035968 138.5514690851761 142.04542559923135 146.2201506427603 145.62430638776988 141.51878509726993 137.11665566003182 134.93095671117413
canvas 0 14 89.77024845887716 87.89522381806522 79.96232479508771 77.74591921056339 83.32325327236322 85.95851751992771 85.83480270986031 88.13841484859837 102.99733453093457 124.0487065982948 127.2557087852435 122.40614272111425 119.33273354867244 119.36783853231297 125.51241129978833 136.77751316148766 137.19406714304435 142.26214621498983 160.28392184706266 171.4764370637601 171.45812897933166 167.31761522338334 161.09794291494146 156.28694119439646
canvas 0 15 130.73024068459432 130.66809027695163 107.7880829294248 93.18083410705219 86.2934744128689 86.15906172203944 83.88420131350944 64.95369869757266 64.54681371578494 64.26914364738133 64.62523758484926 101.1721748838958 119.234097890559 119.4158594054164 130.0547390456103 136.89259630074343 140.2705332625884 161.91232163600858 185.20369586260188 185.6872545039722 186.48654296945313 187.18923856764485 187.5447944246198 187.65192401610238
canvas 1 0 105.44272190137383 105.4178393323278 110.19325564079325 113.93884666368223 114.56500262197193 116.51650688441534 125.17326210415852 131.52946703669775 134.0903077017896 136.61148394064665 139.0076662860938 141.79394707025887 146.4143398440399 148.94559018354175 148.97512206914357 149.01471344665438 154.84942698716105 155.22041085392283 154.00987507404602 152.92682566340383 152.88133315339272 152.30928346402953 151.55871591387586 151.30878569519672
canvas 1 1 105.46951902121934 105.97378031132983 110.49292789529918 113.9755636628462 115.03040863486392 116.03296129083466 124.9246422959928 132.31640043734993 134.5386447933804 137.0463100982182 139.45868245341214 142.05229896701792 146.45964192838267 148.9357430165605 148.9586807161417 150.91734095175048 155.7997319629715 156.02071238232386 154.59312236428536 152.9344386129605 152.87308210755452 152.22423823675928 151.54568590907266 151.27203800756993
canvas 1 2 105.4207246424114 105.78486670751667 110.88708251858164 114.29286606842682 115.16290277760332 115.18509536961547 124.88387753304733 133.6510162823814 135.43777090857589 137.93909960286697 140.43504718804516 142.8688834051824 146.65111850919217 148.90762458109756 150.48663175855683 154.27951972558708 156.97927207961826 157.0390367270123 156.30496768780148 155.13374916629627 153.86745542744237 152.66698749913786 151.86193076847192 151.67271342002263
canvas 1 3 105.31162246410375 106.29249570780934 110.53649897984113 114.28421997348549 115.16649955617733 116.11634932208489 126.55370839155202 134.2943898875738 136.06446409934853 139.04755233847317 142.31682010507058 144.55515175225347 147.17545826492184 149.66027112930914 152.4628992426131 155.41706371211313 157.21615110963626 157.63668180073967 157.52969515687352 156.60858793855556 154.82735672176796 153.1418747549386 151.9889404053029 151.66418963680218
canvas 1 4 104.97887213636999 106.05234852032116 109.73348528499905 114.08414020742423 115.48591101992271 121.15652625254667 128.69091264250227 134.33828565505289 136.8648970928342 140.91983858195903 144.70627600835843 146.09542773050953 148.01993782784 150.55866302357794 153.38876445065665 155.99790351504367 157.68904949288765 159.20180335936965 158.5543241794977 158.5369975816894 156.73529064294476 155.16533932138447 153.48109626863516 152.09210384842095
canvas 1 5 107.24140615430979 107.66608941849445 109.67470134446121 113.46660311474449 117.65893997513331 122.73970444009952 128.54356096986976 133.84433921228893 137.7014774473318 142.33550286147397 145.32712320913444 147.2021177159321 149.07368235132935 151.03509842012758 153.51180197145692 156.5800819368872 159.17017490591317 159.86398183538128 158.54975944728162 157.81658672910052 157.1964257091328 157.1075048438328 156.85029769083704 154.84917353246001
canvas 1 6 108.802242565451 109.05807810929298 110.38367700086533 113.65918897253847 117.97121686884283 122.70885484653334 127.86390287737703 133.00518122095957 137.96968864467118 142.26063801562128 145.08922922388527 147.30580740141386 149.70900776704116 151.30739011815663 153.18672680194652 155.850086806624 158.27866590307286 160.1339116162286 159.30796816192364 157.8032792261706 157.23056878899925 157.19504018422842 157.25531584698155 154.8500667294283
canvas 1 7 109.73211262958453 110.1459192666347 111.06537926941873 113.62991370723485 117.86354374603322 122.70194145628408 127.3707151587237 131.86498403831862 137.2240663338774 141.13517413324598 143.96996459050507 146.6331487064655 149.4013585945676 151.02971903958831 152.79047203798905 154.8930378497101 157.05664503088005 159.04305464368502 159.15118427367153 157.9122986049713 157.27943696849664 157.11908139074004 154.7204342143943 154.33584233841415
canvas 1 8 112.11512999949814 112.08160806338468 112.2241849828563 114.02314261498766 117.80755662294878 122.73572721814254 126.46490105902488 129.41998478960016 135.26726459140957 138.75056057347197 141.3350425023949 144.4120774120001 147.97171408591288 150.00216604288136 151.32790153142847 152.60086389598973 154.6402994267707 156.1437593953203 157.2255852479929 157.5372406982986 157.28630521550735 156.0037180369044 154.5703285904178 154.37891639080817
canvas 1 9 112.14266411349422 112.27147325205121 113.49668337548582 115.58757446094064 118.72669428471242 123.15588239200645 126.14149725100819 129.00020928779523 134.38918162271094 137.21643605122566 139.18443958090145 141.26230201047196 144.24813223578036 148.26034208473826 150.1329259535345 150.05084118481156 149.9472002435389 150.21220486919748 151.00625753078614 151.6490647719277 152.016078482484 152.43277942632878 152.88169069030636 153.09058467087542
canvas 1 10 114.88909185653026 115.97697610392599 117.14474783514737 118.56019257157404 120.4423077275549 123.46873929391822 127.62153218786726 129.29213596904665 133.53278597591782 134.1172487798381 135.2494616847574 136.8146911537355 137.96169451378114 138.84035237430763 139.94869287945968 141.27475544823704 142.87955248571055 144.53904339044985 146.17468554274973 147.56178042804189 148.66128566101102 149.63617468316778 150.44719383871993 150.9156027112571
canvas 1 11 121.28904359660231 121.15709665914635 121.75552744545415 123.9295596278542 124.57269017422992 125.32470651850589 127.80792563426142 129.9171497173119 133.25296308953892 133.62322678018427 134.14962856397008 135.00683340075238 135.90584976479443 136.43919998135553 137.391147995606 138.84915725996206 140.1126834106454 141.095245389315 141.73402782257776 142.08641820819915 142.4160451895053 142.9637447744723 143.72320639892334 144.37769142177189
canvas 1 12 122.37708808485445 124.00790970444167 126.76205472679797 128.97508573165763 129.00878589231417 129.01427704720612 130.10889576658502 131.05718857625752 131.874167538471 132.30728904488296 132.51516775156102 132.82296145960947 133.62309371892002 134.2872264908367 134.8888111588197 135.50457584955035 134.6707843290947 134.02357613672154 133.71929576941196 133.7069015269234 133.54140126675674 133.14907109712087 132.65398308842293 132.41801879485106
canvas 1 13 127.88878674032232 128.09286743128723 128.82323518677245 128.98309917567758 129.0434273920569 130.3982121746079 131.31798198019146 131.57692641084088 131.10477481573494 131.53738385198096 131.5422124751775 131.51557471192194 131.73523935511452 131.81204229865 131.93358895978054 130.66945545558414 130.6023449502198 130.77685352051589 131.096015172461 130.79674596481524 130.68878049200234 131.07111546660323 131.77956186534863 132.39346114707325
canvas 1 14 128.5534302171457 129.4459170524117 129.27943215866114 129.19851801491245 131.23089261360604 131.91928415210933 131.94487948475592 131.85962236580534 130.40033740333203 131.19339552680816 131.55583170413323 130.60684611138478 131.49586239279418 131.58476793012122 130.4047655864441 129.12600402440071 129.09241056376806 128.48195801526967 125.14770016674176 122.95778611677552 122.72525779596178 123.08284523963071 123.84417258734432 124.59141915618177
canvas 1 15 133.70725556410815 133.7043595871787 132.6885268376543 131.95944758257653 131.87158684709047 131.87865910259177 131.92296571434284 129.95025198645737 129.92395373723346 129.91666278561837 129.86078163761346 129.70184905696516 131.42929435787016 131.32384493152614 129.61284725746867 129.0421295524973 128.11277484884425 123.86398519267046 120.08627188931321 120.05558444756512 120.03105538812046 120.0153569856479 120.00818974047094 120.0044711149815
canvas 2 0 150.50247429899704 150.52949045824118 145.82284086121606 142.1328603663816 141.51771365691715 139.58339121430438 130.88661619708438 124.34964302812016 121.5891244180453 119.00826677265538 116.6542234664489 114.02364620031202 109.80397049158032 107.59937982134743 107.5952817767468 107.58881854545471 107.09623555969323 107.85053680920703 105.45038797288406 104.28053996107475 104.32968040869336 104.02435122563251 103.43821532801073 103.20472263394215
canvas 2 1 150.47505210262136 149.98032811888405 145.52582186407224 142.0945103641193 141.05397148676292 140.05909467946398 131.1262734680441 123.52937409537058 121.13528935370904 118.55889734263928 116.17588732295414 113.71947405664746 109.71374956630704 107.60788725172489 107.60650859904572 106.140029499812 104.10261762415858 104.6041146213153 104.39617376753691 104.23861550336062 103.93929599485932 103.25797305596208 102.94876562352688 103.02599561747458
canvas 2 2 150.52207961564818 150.16577467390235 145.13490862971994 141.77742888716054 140.91865881476647 140.89622906770902 131.15329913510007 122.1447231830183 120.22976935121494 117.64860368399405 115.1581126458881 112.8283664210764 109.41573804811446 107.63352551730416 105.93702720465637 102.2287530235352 99.92967481946617 99.90380138537063 99.33242295880794 99.20555594170715 99.20045668981045 99.20947609607538 99.01408133670506 98.89218764116849
canvas 2 3 150.62799864454507 149.6636478131076 145.47999782841418 141.78545670750705 140.91554464834334 139.97018711054596 129.4690318866998 121.48975234414158 119.59761645870036 116.51679920147093 113.23930675202095 111.06506045949853 108.66470501635602 106.4970686467698 103.64698949215271 100.81804646272498 99.2641908652483 98.28719099514043 96.62359277129586 96.61175740835235 97.04819102323007 97.64206580408008 98.3904468317024 98.852444882777
canvas 2 4 150.9528053386116 149.89879560212628 146.27144444731996 141.98292401136095 140.60121891721005 134.9412844475129 127.31182610081039 121.46392530324832 118.78420606830721 114.6236700986173 110.85467059263286 109.50302476203531 107.66757880376481 105.28093616784696 102.54265822508988 100.091970259878 98.5220712187108 95.91226244008256 95.83457143924126 95.79961295364272 95.63149224564252 95.60508838138436 96.1050203627046 97.65558237644032
canvas 2 5 148.70318275537767 148.29045145511938 146.3188129528391 142.57972184024737 138.42321670134407 133.34214425455383 127.46252298721853 121.99301140765411 117.93100306504151 113.20798417246745 110.25625222026436 108.46451605374271 106.7240540988601 104.92258690088663 102.68881106030561 100.09604037288356 98.12462381575351 96.41324940937331 95.8612262473493 97.62009781862133 98.14198763635767 98.08603600130843 97.92059650068417 98.76733423450061
canvas 2 6 147.15636358685902 146.908033837254 145.60874561450777 142.3782747290889 138.10049696593103 133.36449602709394 128.15316287195165 122.8693271260906 117.65989547616053 113.2966549243647 110.50424145922477 108.3942129767525 106.23394617584944 104.88457095468365 103.4350323301106 101.79752241312033 101.09914156855606 99.50160301589979 98.41614614486303 98.3698253656598 98.33105733042817 98.36891410270343 98.39670109696296 98.75219744220857
canvas 2 7 146.23631247265294 145.83087400100945 144.9297798837116 142.39987747636323 138.19772689984885 133.3602531903606 128.6453302166743 124.03948132711805 118.4479843730121 114.47667657857365 111.66414971083408 109.1078215599267 106.60345225219622 105.25322916380735 103.9913835672882 102.96334029056342 103.14728848679928 102.51144345528682 100.49428448041124 98.82214655355608 98.23652153562006 98.44955538787929 101.70171402106583 101.85463550494805
canvas 2 8 143.88195202001222 143.9166405280869 143.7772914670451 141.991251429755 138.21554144069265 133.2708374242567 129.5049343338059 126.50112956730199 120.54052825069436 117.01274050060302 114.43190176326198 111.43035778712822 108.08416407985 106.4070644712223 105.42636960771746 104.59244182856804 103.39043844543522 102.03757496519033 100.51109202537579 99.05383304196268 98.36941277399033 99.81184495413463 101.62447704421352 101.8080369540703
canvas 2 9 143.85513264620693 143.72788454768528 142.5079540462616 140.42400053862033 137.2863938362042 132.84210526866445 129.83300379117333 126.93844177140285 121.47135021760243 118.61356631619955 116.66926106327041 114.66958759894634 111.80737881812631 108.07239872427844 106.51597909183971 106.79109258407206 106.97344228643058 106.57859071617536 105.56934558958297 104.5863183410193 103.95653993094642 103.49727828055076 103.14493819125776 102.97222000678053
canvas 2 10 141.10849060583615 140.02183691579037 138.8573534819762 137.4457077287809 135.56506060181644 132.53027767100036 128.35673624345273 126.67549662312312 122.4133121679132 121.83402879811912 120.71284953480539 119.1799739601938 118.11701275627753 117.31275027054893 116.28482176781783 115.0385834147566 113.49065609089023 111.84064428979462 110.13705722032518 108.59849514054436 107.34546659980406 106.31405978302342 105.53591354649495 105.09271058825233
canvas 2 11 134.70076148097772 134.83388288648112 134.2385989132637 132.06622418014828 131.42445655159818 130.67172240430776 128.17494747349704 126.05891683694084 122.70142289969029 122.3563350545336 121.84901491012361 121.01601421706793 120.19602704340186 119.710832222212 118.8007191264844 117.40596850420688 116.18332980405341 115.20263331670228 114.51342497593951 114.07432027385545 113.66439409473139 113.07569250814602 112.3114561685774 111.65942036903277
canvas 2 12 133.6098978838176 131.97765450018753 129.22417579153992 127.01129943303617 126.97762071630859 126.971642428957 125.8845958171772 124.94297483757684 124.13630079703968 123.72751177729498 123.53423487815988 123.24496666943439 122.51015358250821 121.86813346521569 121.29259892774374 120.73080789835474 121.61118678457156 122.2714796538411 122.57002593694513 122.56394381118496 122.70842479336507 123.0945874827046 123.59740388605185 123.83881811900402
canvas 2 13 128.08650950652446 127.88346896197153 127.15913987076732 127.00306778414176 126.94362048342211 125.59260332233754 124.67998306134045 124.43374804553153 124.93935281594248 124.52620396668259 124.53960204780022 124.57586464715281 124.43286034055059 124.36444158271873 124.25186179571487 125.61502052800354 125.70896981985163 125.55033318560842 125.23550372945103 125.53481033777877 125.62908319305996 125.22537224355638 124.49470304489654 123.86508327428459
canvas 2 14 127.41914187640128 126.52584344631106 126.7005993535938 126.78737689101379 124.7619422788533 124.08015272055913 124.05679089062147 124.15589461697908 125.67173236758998 124.87636423106098 124.52355788396972 125.52615867948003 124.67719194087385 124.59109136552132 125.81921987627116 127.18575360767267 127.2299645711679 127.88378022173004 131.32153158792954 133.5681097252172 133.80420598181604 133.4348801018221 132.65203020476372 131.88447789492358
canvas 2 15 122.25450778513043 122.25748982258267 123.2830446704049 124.02369089319073 124.12394240960778 124.11913202258935 124.08240522179199 126.15042824710174 126.1773619437025 126.18568447493047 126.24437536504107 126.46108964643508 124.74455895451189 124.85523690834731 126.64022318328313 127.26742420112103 128.2339058853607 132.62262926908627 136.51590522513746 136.54809910427622 136.57458015502527 136.59248634544477 136.60164316969443 136.60662031778278
constants method=tv centres_tested=6.582230959360297e-13 centres_reference=3.011296199425452e-14 tau=1.9267848867997692 sigma=0.06422616289332565 rho=1.0 root=0.9949874371066201 gamma_max=1.0 lipschitz=55.42562584220413 dual_lipschitz=13892.148573924784 dual_centres=0.0006030605528219007 weight_max=4.444444444444444e-06 dual_reach=4911.6162309366155 dual_fixed=0.5670000000000002 xi_bound=55.42562584220413 xi_terms_bound=55.42562584220413 one_step=1.0 cells=1 vector_terms=6 tensor_terms=9 primal_terms=3484 dual_terms=1160 dual_rounding=4
start SI0=5385.616708389603 Sp0=19.228683375246582 Sr0=0.0
majorant 0 Ma=36.75377194154146 McenA=2.3600618244144133e-18 McenR=1.7529151278245376e-19 Md=91.38540620225955 Mf=30320.328461819223 Mg=19.635970500436827 Mi=5387.628517668393 Mmean=0.0 Mp=19.230978738745105 Mphi=4358.031237286618 Mput=0.0 Mq=280.03608344159915 Mx=4360.006882283792
recordbound 0 Dabs=11400.099957436843 Lcen=0.00018944758710311325 Lzeta=0.00018944758710311325 P=4642.983118025828 Zdot=707843.5039504435
recordbound 1 Dabs=11362.361562312308 Lcen=0.00018984606873551454 Lzeta=0.00018984606873551454 P=4642.042894264914 Zdot=707975.7750421168
stop 1 iterations
tolerance canvas 1.4593750780099678e-10
tolerance record 0 4.586422990098802e-09 4.252020075543406e-08 8.303553850740394e-08
tolerance record 1 1.1680188993790135e-08 4.251947339513105e-08 8.753407680660373e-07
