# A conformance case of JPEG-Unround, written by conformance/generate.py: the quantized
# coefficients of a picture and the options of its reconstruction; what the Python
# implementation made of them; the exact centres; and what bounds the rounding of that
# run, from which conformance/bounds.py computes the tolerances at the end (docs/math.md, 9).
# Each line is a keyword and its values. Numbers are decimal, each double the shortest
# decimal that reads back as it; an exact centre is hi:lo, two doubles whose sum is the
# value to about 2^-106 of it.
name grey-tgv-step
picture 21 30 grayscale
component 0 1 1 3 4
table 0 32 22 20 32 48 80 102 122 24 24 28 38 52 116 120 110 28 26 32 48 80 114 138 112 28 34 44 58 102 174 160 124 36 44 74 112 136 218 206 154 48 70 110 128 162 208 226 184 98 128 156 174 206 242 240 202 144 184 190 196 224 200 206 198
levels 0 0 -6 7 -2 1 0 0 0 0 1 4 -1 1 0 0 0 0 0 -1 0 0 0 0 0 0 -1 0 0 0 0 0 0 0 1 0 0 0 0 0 0 0 0 0 0 0 0 0 0 0 0 0 0 0 0 0 0 0 0 0 0 0 0 0 0 0 -6 -9 1 0 0 0 0 0 -5 0 0 -1 0 0 0 0 2 0 0 0 0 0 0 0 0 0 0 0 0 0 0 0 -1 1 0 0 0 0 0 0 0 0 0 0 0 0 0 0 0 0 0 0 0 0 0 0 0 0 0 0 0 0 0 0 9 -2 -3 0 0 0 0 0 8 -4 -3 -1 0 0 0 0 -3 2 1 0 0 0 0 0 0 1 0 0 0 0 0 0 0 -1 0 0 0 0 0 0 0 0 0 0 0 0 0 0 0 0 0 0 0 0 0 0 0 0 0 0 0 0 0 0 -6 4 2 0 0 0 0 0 -2 5 -1 0 0 0 0 0 1 -2 0 0 0 0 0 0 0 0 0 0 0 0 0 0 0 0 0 0 0 0 0 0 0 0 0 0 0 0 0 0 0 0 0 0 0 0 0 0 0 0 0 0 0 0 0 0
levels 0 1 5 -7 1 -1 0 0 0 0 -5 1 0 0 0 0 0 0 -1 3 -1 0 0 0 0 0 -2 0 0 0 0 0 0 0 0 1 0 0 0 0 0 0 0 0 0 0 0 0 0 0 0 0 0 0 0 0 0 0 0 0 0 0 0 0 0 0 4 10 -1 0 0 0 0 0 0 -5 1 1 0 0 0 0 -2 -5 0 1 0 0 0 0 1 0 0 0 0 0 0 0 -1 -1 0 0 0 0 0 0 1 1 0 0 0 0 0 0 0 0 0 0 0 0 0 0 0 0 0 0 0 0 0 0 -12 2 2 0 0 0 0 0 2 2 1 1 0 0 0 0 4 0 0 0 0 0 0 0 -1 1 0 0 0 0 0 0 1 0 0 0 0 0 0 0 -1 0 0 0 0 0 0 0 0 0 0 0 0 0 0 0 0 0 0 0 0 0 0 0 3 -5 -2 0 0 0 0 0 -1 -1 1 0 0 0 0 0 -4 -1 2 0 0 0 0 0 1 0 0 0 0 0 0 0 -1 0 0 0 0 0 0 0 1 1 0 0 0 0 0 0 0 0 0 0 0 0 0 0 0 0 0 0 0 0 0 0
levels 0 2 -3 4 -1 1 0 0 0 0 12 -1 -2 0 0 0 0 0 0 0 0 0 0 0 0 0 -1 -1 0 0 0 0 0 0 0 0 0 0 0 0 0 0 1 0 0 0 0 0 0 0 0 0 0 0 0 0 0 0 0 0 0 0 0 0 0 0 -3 -5 0 1 0 0 0 0 0 8 -1 -1 0 0 0 0 0 0 0 0 0 0 0 0 1 0 0 0 0 0 0 0 0 0 0 0 0 0 0 0 0 0 0 0 0 0 0 0 0 0 0 0 0 0 0 0 0 0 0 0 0 0 0 0 3 0 -1 0 0 0 0 0 -5 -4 -2 -1 0 0 0 0 0 0 0 0 0 0 0 0 -1 1 1 0 0 0 0 0 0 0 0 0 0 0 0 0 0 0 0 0 0 0 0 0 0 0 0 0 0 0 0 0 0 0 0 0 0 0 0 0 -4 0 2 -1 0 0 0 0 0 -2 -1 0 0 0 0 0 0 0 0 0 0 0 0 0 0 -1 1 0 0 0 0 0 0 0 0 0 0 0 0 0 0 0 0 0 0 0 0 0 0 0 0 0 0 0 0 0 0 0 0 0 0 0 0 0
options --method tgv --alpha 1.0 --alpha1 1.0 --alpha0 2.0 --channels coupled --mu 0.001 --mu-scale 1.0 --mu-power 1.0 --weight-power 2.0 --dc-weight 0.0 --centres mmse --slack 0.0 --slack-cost 0.0 --relative-tolerance 0.0 --partial-tolerance 0.0 --step-product 0.99 --record-every 1 --free-radius 255.0 --iterations 1 --tolerance 0.0 --relaxation 1.0 --subgradient-iterations 50 --subgradient-record-every 1 --subgradient-step 0.5 --subgradient-decay 0.5
steps 0.9330261158225017 0.09330261158225017
weights 0 0.0 2.066115702479339e-06 2.5e-06 9.765625e-07 4.340277777777778e-07 1.5625e-07 9.611687812379854e-08 6.718624025799516e-08 1.7361111111111112e-06 1.7361111111111112e-06 1.2755102040816327e-06 6.925207756232687e-07 3.698224852071006e-07 7.431629013079668e-08 6.944444444444444e-08 8.264462809917355e-08 1.2755102040816327e-06 1.4792899408284024e-06 9.765625e-07 4.340277777777778e-07 1.5625e-07 7.694675284702986e-08 5.2509976895610165e-08 7.971938775510204e-08 1.2755102040816327e-06 8.650519031141868e-07 5.165289256198347e-07 2.972651605231867e-07 9.611687812379854e-08 3.3029462280354074e-08 3.90625e-08 6.503642039542144e-08 7.71604938271605e-07 5.165289256198347e-07 1.8261504747991236e-07 7.971938775510204e-08 5.4065743944636676e-08 2.1041999831664e-08 2.3564897728343858e-08 4.2165626581210995e-08 4.340277777777778e-07 2.0408163265306124e-07 8.264462809917355e-08 6.103515625e-08 3.8103947568968145e-08 2.3113905325443787e-08 1.95786670843449e-08 2.953686200378072e-08 1.0412328196584757e-07 6.103515625e-08 4.10913872452334e-08 3.3029462280354074e-08 2.3564897728343858e-08 1.707533638412677e-08 1.736111111111111e-08 2.450740123517302e-08 4.822530864197531e-08 2.953686200378072e-08 2.7700831024930747e-08 2.6030820491461892e-08 1.992984693877551e-08 2.5e-08 2.3564897728343858e-08 2.5507601265177022e-08
lower 0 0 816.0 143.0 -50.0 16.0 -24.0 -40.0 -51.0 -61.0 12.0 84.0 -42.0 19.0 -26.0 -58.0 -60.0 -55.0 -14.0 -39.0 -16.0 -24.0 -40.0 -57.0 -69.0 -56.0 -42.0 -17.0 -22.0 -29.0 -51.0 -87.0 -80.0 -62.0 18.0 -22.0 -37.0 -56.0 -68.0 -109.0 -103.0 -77.0 -24.0 -35.0 -55.0 -64.0 -81.0 -104.0 -113.0 -92.0 -49.0 -64.0 -78.0 -87.0 -103.0 -121.0 -120.0 -101.0 -72.0 -92.0 -95.0 -98.0 -112.0 -100.0 -103.0 -99.0 816.0 -209.0 10.0 -16.0 -24.0 -40.0 -51.0 -61.0 -132.0 -12.0 -14.0 -57.0 -26.0 -58.0 -60.0 -55.0 42.0 -13.0 -16.0 -24.0 -40.0 -57.0 -69.0 -56.0 -14.0 -17.0 -22.0 -29.0 -51.0 -87.0 -80.0 -62.0 -54.0 22.0 -37.0 -56.0 -68.0 -109.0 -103.0 -77.0 -24.0 -35.0 -55.0 -64.0 -81.0 -104.0 -113.0 -92.0 -49.0 -64.0 -78.0 -87.0 -103.0 -121.0 -120.0 -101.0 -72.0 -92.0 -95.0 -98.0 -112.0 -100.0 -103.0 -99.0 1296.0 -55.0 -70.0 -16.0 -24.0 -40.0 -51.0 -61.0 180.0 -108.0 -98.0 -57.0 -26.0 -58.0 -60.0 -55.0 -98.0 39.0 16.0 -24.0 -40.0 -57.0 -69.0 -56.0 -14.0 17.0 -22.0 -29.0 -51.0 -87.0 -80.0 -62.0 -18.0 -66.0 -37.0 -56.0 -68.0 -109.0 -103.0 -77.0 -24.0 -35.0 -55.0 -64.0 -81.0 -104.0 -113.0 -92.0 -49.0 -64.0 -78.0 -87.0 -103.0 -121.0 -120.0 -101.0 -72.0 -92.0 -95.0 -98.0 -112.0 -100.0 -103.0 -99.0 816.0 77.0 30.0 -16.0 -24.0 -40.0 -51.0 -61.0 -60.0 108.0 -42.0 -19.0 -26.0 -58.0 -60.0 -55.0 14.0 -65.0 -16.0 -24.0 -40.0 -57.0 -69.0 -56.0 -14.0 -17.0 -22.0 -29.0 -51.0 -87.0 -80.0 -62.0 -18.0 -22.0 -37.0 -56.0 -68.0 -109.0 -103.0 -77.0 -24.0 -35.0 -55.0 -64.0 -81.0 -104.0 -113.0 -92.0 -49.0 -64.0 -78.0 -87.0 -103.0 -121.0 -120.0 -101.0 -72.0 -92.0 -95.0 -98.0 -112.0 -100.0 -103.0 -99.0
lower 0 1 1168.0 -165.0 10.0 -48.0 -24.0 -40.0 -51.0 -61.0 -132.0 12.0 -14.0 -19.0 -26.0 -58.0 -60.0 -55.0 -42.0 65.0 -48.0 -24.0 -40.0 -57.0 -69.0 -56.0 -70.0 -17.0 -22.0 -29.0 -51.0 -87.0 -80.0 -62.0 -18.0 22.0 -37.0 -56.0 -68.0 -109.0 -103.0 -77.0 -24.0 -35.0 -55.0 -64.0 -81.0 -104.0 -113.0 -92.0 -49.0 -64.0 -78.0 -87.0 -103.0 -121.0 -120.0 -101.0 -72.0 -92.0 -95.0 -98.0 -112.0 -100.0 -103.0 -99.0 1136.0 209.0 -30.0 -16.0 -24.0 -40.0 -51.0 -61.0 -12.0 -132.0 14.0 19.0 -26.0 -58.0 -60.0 -55.0 -70.0 -143.0 -16.0 24.0 -40.0 -57.0 -69.0 -56.0 14.0 -17.0 -22.0 -29.0 -51.0 -87.0 -80.0 -62.0 -54.0 -66.0 -37.0 -56.0 -68.0 -109.0 -103.0 -77.0 24.0 35.0 -55.0 -64.0 -81.0 -104.0 -113.0 -92.0 -49.0 -64.0 -78.0 -87.0 -103.0 -121.0 -120.0 -101.0 -72.0 -92.0 -95.0 -98.0 -112.0 -100.0 -103.0 -99.0 624.0 33.0 30.0 -16.0 -24.0 -40.0 -51.0 -61.0 36.0 36.0 14.0 19.0 -26.0 -58.0 -60.0 -55.0 98.0 -13.0 -16.0 -24.0 -40.0 -57.0 -69.0 -56.0 -42.0 17.0 -22.0 -29.0 -51.0 -87.0 -80.0 -62.0 18.0 -22.0 -37.0 -56.0 -68.0 -109.0 -103.0 -77.0 -72.0 -35.0 -55.0 -64.0 -81.0 -104.0 -113.0 -92.0 -49.0 -64.0 -78.0 -87.0 -103.0 -121.0 -120.0 -101.0 -72.0 -92.0 -95.0 -98.0 -112.0 -100.0 -103.0 -99.0 1104.0 -121.0 -50.0 -16.0 -24.0 -40.0 -51.0 -61.0 -36.0 -36.0 14.0 -19.0 -26.0 -58.0 -60.0 -55.0 -126.0 -39.0 48.0 -24.0 -40.0 -57.0 -69.0 -56.0 14.0 -17.0 -22.0 -29.0 -51.0 -87.0 -80.0 -62.0 -54.0 -22.0 -37.0 -56.0 -68.0 -109.0 -103.0 -77.0 24.0 35.0 -55.0 -64.0 -81.0 -104.0 -113.0 -92.0 -49.0 -64.0 -78.0 -87.0 -103.0 -121.0 -120.0 -101.0 -72.0 -92.0 -95.0 -98.0 -112.0 -100.0 -103.0 -99.0
lower 0 2 912.0 77.0 -30.0 16.0 -24.0 -40.0 -51.0 -61.0 276.0 -36.0 -70.0 -19.0 -26.0 -58.0 -60.0 -55.0 -14.0 -13.0 -16.0 -24.0 -40.0 -57.0 -69.0 -56.0 -42.0 -51.0 -22.0 -29.0 -51.0 -87.0 -80.0 -62.0 -18.0 -22.0 -37.0 -56.0 -68.0 -109.0 -103.0 -77.0 24.0 -35.0 -55.0 -64.0 -81.0 -104.0 -113.0 -92.0 -49.0 -64.0 -78.0 -87.0 -103.0 -121.0 -120.0 -101.0 -72.0 -92.0 -95.0 -98.0 -112.0 -100.0 -103.0 -99.0 912.0 -121.0 -10.0 16.0 -24.0 -40.0 -51.0 -61.0 -12.0 180.0 -42.0 -57.0 -26.0 -58.0 -60.0 -55.0 -14.0 -13.0 -16.0 -24.0 -40.0 -57.0 -69.0 -56.0 14.0 -17.0 -22.0 -29.0 -51.0 -87.0 -80.0 -62.0 -18.0 -22.0 -37.0 -56.0 -68.0 -109.0 -103.0 -77.0 -24.0 -35.0 -55.0 -64.0 -81.0 -104.0 -113.0 -92.0 -49.0 -64.0 -78.0 -87.0 -103.0 -121.0 -120.0 -101.0 -72.0 -92.0 -95.0 -98.0 -112.0 -100.0 -103.0 -99.0 1104.0 -11.0 -30.0 -16.0 -24.0 -40.0 -51.0 -61.0 -132.0 -108.0 -70.0 -57.0 -26.0 -58.0 -60.0 -55.0 -14.0 -13.0 -16.0 -24.0 -40.0 -57.0 -69.0 -56.0 -42.0 17.0 22.0 -29.0 -51.0 -87.0 -80.0 -62.0 -18.0 -22.0 -37.0 -56.0 -68.0 -109.0 -103.0 -77.0 -24.0 -35.0 -55.0 -64.0 -81.0 -104.0 -113.0 -92.0 -49.0 -64.0 -78.0 -87.0 -103.0 -121.0 -120.0 -101.0 -72.0 -92.0 -95.0 -98.0 -112.0 -100.0 -103.0 -99.0 880.0 -11.0 30.0 -48.0 -24.0 -40.0 -51.0 -61.0 -12.0 -60.0 -42.0 -19.0 -26.0 -58.0 -60.0 -55.0 -14.0 -13.0 -16.0 -24.0 -40.0 -57.0 -69.0 -56.0 -14.0 -51.0 22.0 -29.0 -51.0 -87.0 -80.0 -62.0 -18.0 -22.0 -37.0 -56.0 -68.0 -109.0 -103.0 -77.0 -24.0 -35.0 -55.0 -64.0 -81.0 -104.0 -113.0 -92.0 -49.0 -64.0 -78.0 -87.0 -103.0 -121.0 -120.0 -101.0 -72.0 -92.0 -95.0 -98.0 -112.0 -100.0 -103.0 -99.0
upper 0 0 848.0 165.0 -30.0 48.0 24.0 40.0 51.0 61.0 36.0 108.0 -14.0 57.0 26.0 58.0 60.0 55.0 14.0 -13.0 16.0 24.0 40.0 57.0 69.0 56.0 -14.0 17.0 22.0 29.0 51.0 87.0 80.0 62.0 54.0 22.0 37.0 56.0 68.0 109.0 103.0 77.0 24.0 35.0 55.0 64.0 81.0 104.0 113.0 92.0 49.0 64.0 78.0 87.0 103.0 121.0 120.0 101.0 72.0 92.0 95.0 98.0 112.0 100.0 103.0 99.0 848.0 -187.0 30.0 16.0 24.0 40.0 51.0 61.0 -108.0 12.0 14.0 -19.0 26.0 58.0 60.0 55.0 70.0 13.0 16.0 24.0 40.0 57.0 69.0 56.0 14.0 17.0 22.0 29.0 51.0 87.0 80.0 62.0 -18.0 66.0 37.0 56.0 68.0 109.0 103.0 77.0 24.0 35.0 55.0 64.0 81.0 104.0 113.0 92.0 49.0 64.0 78.0 87.0 103.0 121.0 120.0 101.0 72.0 92.0 95.0 98.0 112.0 100.0 103.0 99.0 1328.0 -33.0 -50.0 16.0 24.0 40.0 51.0 61.0 204.0 -84.0 -70.0 -19.0 26.0 58.0 60.0 55.0 -70.0 65.0 48.0 24.0 40.0 57.0 69.0 56.0 14.0 51.0 22.0 29.0 51.0 87.0 80.0 62.0 18.0 -22.0 37.0 56.0 68.0 109.0 103.0 77.0 24.0 35.0 55.0 64.0 81.0 104.0 113.0 92.0 49.0 64.0 78.0 87.0 103.0 121.0 120.0 101.0 72.0 92.0 95.0 98.0 112.0 100.0 103.0 99.0 848.0 99.0 50.0 16.0 24.0 40.0 51.0 61.0 -36.0 132.0 -14.0 19.0 26.0 58.0 60.0 55.0 42.0 -39.0 16.0 24.0 40.0 57.0 69.0 56.0 14.0 17.0 22.0 29.0 51.0 87.0 80.0 62.0 18.0 22.0 37.0 56.0 68.0 109.0 103.0 77.0 24.0 35.0 55.0 64.0 81.0 104.0 113.0 92.0 49.0 64.0 78.0 87.0 103.0 121.0 120.0 101.0 72.0 92.0 95.0 98.0 112.0 100.0 103.0 99.0
upper 0 1 1200.0 -143.0 30.0 -16.0 24.0 40.0 51.0 61.0 -108.0 36.0 14.0 19.0 26.0 58.0 60.0 55.0 -14.0 91.0 -16.0 24.0 40.0 57.0 69.0 56.0 -42.0 17.0 22.0 29.0 51.0 87.0 80.0 62.0 18.0 66.0 37.0 56.0 68.0 109.0 103.0 77.0 24.0 35.0 55.0 64.0 81.0 104.0 113.0 92.0 49.0 64.0 78.0 87.0 103.0 121.0 120.0 101.0 72.0 92.0 95.0 98.0 112.0 100.0 103.0 99.0 1168.0 231.0 -10.0 16.0 24.0 40.0 51.0 61.0 12.0 -108.0 42.0 57.0 26.0 58.0 60.0 55.0 -42.0 -117.0 16.0 72.0 40.0 57.0 69.0 56.0 42.0 17.0 22.0 29.0 51.0 87.0 80.0 62.0 -18.0 -22.0 37.0 56.0 68.0 109.0 103.0 77.0 72.0 105.0 55.0 64.0 81.0 104.0 113.0 92.0 49.0 64.0 78.0 87.0 103.0 121.0 120.0 101.0 72.0 92.0 95.0 98.0 112.0 100.0 103.0 99.0 656.0 55.0 50.0 16.0 24.0 40.0 51.0 61.0 60.0 60.0 42.0 57.0 26.0 58.0 60.0 55.0 126.0 13.0 16.0 24.0 40.0 57.0 69.0 56.0 -14.0 51.0 22.0 29.0 51.0 87.0 80.0 62.0 54.0 22.0 37.0 56.0 68.0 109.0 103.0 77.0 -24.0 35.0 55.0 64.0 81.0 104.0 113.0 92.0 49.0 64.0 78.0 87.0 103.0 121.0 120.0 101.0 72.0 92.0 95.0 98.0 112.0 100.0 103.0 99.0 1136.0 -99.0 -30.0 16.0 24.0 40.0 51.0 61.0 -12.0 -12.0 42.0 19.0 26.0 58.0 60.0 55.0 -98.0 -13.0 80.0 24.0 40.0 57.0 69.0 56.0 42.0 17.0 22.0 29.0 51.0 87.0 80.0 62.0 -18.0 22.0 37.0 56.0 68.0 109.0 103.0 77.0 72.0 105.0 55.0 64.0 81.0 104.0 113.0 92.0 49.0 64.0 78.0 87.0 103.0 121.0 120.0 101.0 72.0 92.0 95.0 98.0 112.0 100.0 103.0 99.0
upper 0 2 944.0 99.0 -10.0 48.0 24.0 40.0 51.0 61.0 300.0 -12.0 -42.0 19.0 26.0 58.0 60.0 55.0 14.0 13.0 16.0 24.0 40.0 57.0 69.0 56.0 -14.0 -17.0 22.0 29.0 51.0 87.0 80.0 62.0 18.0 22.0 37.0 56.0 68.0 109.0 103.0 77.0 72.0 35.0 55.0 64.0 81.0 104.0 113.0 92.0 49.0 64.0 78.0 87.0 103.0 121.0 120.0 101.0 72.0 92.0 95.0 98.0 112.0 100.0 103.0 99.0 944.0 -99.0 10.0 48.0 24.0 40.0 51.0 61.0 12.0 204.0 -14.0 -19.0 26.0 58.0 60.0 55.0 14.0 13.0 16.0 24.0 40.0 57.0 69.0 56.0 42.0 17.0 22.0 29.0 51.0 87.0 80.0 62.0 18.0 22.0 37.0 56.0 68.0 109.0 103.0 77.0 24.0 35.0 55.0 64.0 81.0 104.0 113.0 92.0 49.0 64.0 78.0 87.0 103.0 121.0 120.0 101.0 72.0 92.0 95.0 98.0 112.0 100.0 103.0 99.0 1136.0 11.0 -10.0 16.0 24.0 40.0 51.0 61.0 -108.0 -84.0 -42.0 -19.0 26.0 58.0 60.0 55.0 14.0 13.0 16.0 24.0 40.0 57.0 69.0 56.0 -14.0 51.0 66.0 29.0 51.0 87.0 80.0 62.0 18.0 22.0 37.0 56.0 68.0 109.0 103.0 77.0 24.0 35.0 55.0 64.0 81.0 104.0 113.0 92.0 49.0 64.0 78.0 87.0 103.0 121.0 120.0 101.0 72.0 92.0 95.0 98.0 112.0 100.0 103.0 99.0 912.0 11.0 50.0 -16.0 24.0 40.0 51.0 61.0 12.0 -36.0 -14.0 19.0 26.0 58.0 60.0 55.0 14.0 13.0 16.0 24.0 40.0 57.0 69.0 56.0 14.0 -17.0 66.0 29.0 51.0 87.0 80.0 62.0 18.0 22.0 37.0 56.0 68.0 109.0 103.0 77.0 24.0 35.0 55.0 64.0 81.0 104.0 113.0 92.0 49.0 64.0 78.0 87.0 103.0 121.0 120.0 101.0 72.0 92.0 95.0 98.0 112.0 100.0 103.0 99.0
centres 0 0 832.0 153.60255580020547 -38.87336483449439 26.69226062420509 -0.0 -0.0 -0.0 -0.0 23.42270543668469 95.35154304291041 -25.988355002375418 32.91254725390694 -0.0 -0.0 -0.0 -0.0 -0.0 -24.28539510050995 -0.0 -0.0 -0.0 -0.0 -0.0 -0.0 -24.986518189902093 -0.0 -0.0 -0.0 -0.0 -0.0 -0.0 -0.0 30.028793202230727 -0.0 -0.0 -0.0 -0.0 -0.0 -0.0 -0.0 -0.0 -0.0 -0.0 -0.0 -0.0 -0.0 -0.0 -0.0 -0.0 -0.0 -0.0 -0.0 -0.0 -0.0 -0.0 -0.0 -0.0 -0.0 -0.0 -0.0 -0.0 -0.0 -0.0 -0.0 832.0 -197.6025558002055 18.87336483449439 -0.0 -0.0 -0.0 -0.0 -0.0 -119.42270543668468 -0.0 -0.0 -32.91254725390694 -0.0 -0.0 -0.0 -0.0 54.43783125476628 -0.0 -0.0 -0.0 -0.0 -0.0 -0.0 -0.0 -0.0 -0.0 -0.0 -0.0 -0.0 -0.0 -0.0 -0.0 -30.028793202230727 35.73027445971005 -0.0 -0.0 -0.0 -0.0 -0.0 -0.0 -0.0 -0.0 -0.0 -0.0 -0.0 -0.0 -0.0 -0.0 -0.0 -0.0 -0.0 -0.0 -0.0 -0.0 -0.0 -0.0 -0.0 -0.0 -0.0 -0.0 -0.0 -0.0 -0.0 -0.0 1312.0 -43.60255580020548 -58.87336483449439 -0.0 -0.0 -0.0 -0.0 -0.0 191.42270543668468 -95.35154304291041 -81.98835500237543 -32.91254725390694 -0.0 -0.0 -0.0 -0.0 -82.43783125476628 50.28539510050995 26.43440848163393 -0.0 -0.0 -0.0 -0.0 -0.0 -0.0 28.36052691321791 -0.0 -0.0 -0.0 -0.0 -0.0 -0.0 -0.0 -35.73027445971005 -0.0 -0.0 -0.0 -0.0 -0.0 -0.0 -0.0 -0.0 -0.0 -0.0 -0.0 -0.0 -0.0 -0.0 -0.0 -0.0 -0.0 -0.0 -0.0 -0.0 -0.0 -0.0 -0.0 -0.0 -0.0 -0.0 -0.0 -0.0 -0.0 -0.0 832.0 87.60255580020548 38.87336483449439 -0.0 -0.0 -0.0 -0.0 -0.0 -47.422705436684694 119.35154304291041 -25.988355002375418 -0.0 -0.0 -0.0 -0.0 -0.0 26.437831254766284 -50.28539510050995 -0.0 -0.0 -0.0 -0.0 -0.0 -0.0 -0.0 -0.0 -0.0 -0.0 -0.0 -0.0 -0.0 -0.0 -0.0 -0.0 -0.0 -0.0 -0.0 -0.0 -0.0 -0.0 -0.0 -0.0 -0.0 -0.0 -0.0 -0.0 -0.0 -0.0 -0.0 -0.0 -0.0 -0.0 -0.0 -0.0 -0.0 -0.0 -0.0 -0.0 -0.0 -0.0 -0.0 -0.0 -0.0 -0.0
centres 0 1 1184.0 -153.60255580020547 18.87336483449439 -26.69226062420509 -0.0 -0.0 -0.0 -0.0 -119.42270543668468 23.3515430429104 -0.0 -0.0 -0.0 -0.0 -0.0 -0.0 -26.437831254766284 76.28539510050996 -26.43440848163393 -0.0 -0.0 -0.0 -0.0 -0.0 -52.98651818990209 -0.0 -0.0 -0.0 -0.0 -0.0 -0.0 -0.0 -0.0 35.73027445971005 -0.0 -0.0 -0.0 -0.0 -0.0 -0.0 -0.0 -0.0 -0.0 -0.0 -0.0 -0.0 -0.0 -0.0 -0.0 -0.0 -0.0 -0.0 -0.0 -0.0 -0.0 -0.0 -0.0 -0.0 -0.0 -0.0 -0.0 -0.0 -0.0 -0.0 1152.0 219.6025558002055 -18.87336483449439 -0.0 -0.0 -0.0 -0.0 -0.0 -0.0 -119.35154304291041 25.988355002375418 32.91254725390694 -0.0 -0.0 -0.0 -0.0 -54.43783125476628 -128.28539510050996 -0.0 33.2823531006096 -0.0 -0.0 -0.0 -0.0 24.986518189902093 -0.0 -0.0 -0.0 -0.0 -0.0 -0.0 -0.0 -30.028793202230727 -35.73027445971005 -0.0 -0.0 -0.0 -0.0 -0.0 -0.0 38.978481228774605 52.23324117812485 -0.0 -0.0 -0.0 -0.0 -0.0 -0.0 -0.0 -0.0 -0.0 -0.0 -0.0 -0.0 -0.0 -0.0 -0.0 -0.0 -0.0 -0.0 -0.0 -0.0 -0.0 -0.0 640.0 43.60255580020548 38.87336483449439 -0.0 -0.0 -0.0 -0.0 -0.0 47.422705436684694 47.3515430429104 25.988355002375418 32.91254725390694 -0.0 -0.0 -0.0 -0.0 110.43783125476628 -0.0 -0.0 -0.0 -0.0 -0.0 -0.0 -0.0 -24.986518189902093 28.36052691321791 -0.0 -0.0 -0.0 -0.0 -0.0 -0.0 30.028793202230727 -0.0 -0.0 -0.0 -0.0 -0.0 -0.0 -0.0 -38.978481228774605 -0.0 -0.0 -0.0 -0.0 -0.0 -0.0 -0.0 -0.0 -0.0 -0.0 -0.0 -0.0 -0.0 -0.0 -0.0 -0.0 -0.0 -0.0 -0.0 -0.0 -0.0 -0.0 -0.0 1120.0 -109.60255580020548 -38.87336483449439 -0.0 -0.0 -0.0 -0.0 -0.0 -23.42270543668469 -23.3515430429104 25.988355002375418 -0.0 -0.0 -0.0 -0.0 -0.0 -110.43783125476628 -24.28539510050995 58.43440848163393 -0.0 -0.0 -0.0 -0.0 -0.0 24.986518189902093 -0.0 -0.0 -0.0 -0.0 -0.0 -0.0 -0.0 -30.028793202230727 -0.0 -0.0 -0.0 -0.0 -0.0 -0.0 -0.0 38.978481228774605 52.23324117812485 -0.0 -0.0 -0.0 -0.0 -0.0 -0.0 -0.0 -0.0 -0.0 -0.0 -0.0 -0.0 -0.0 -0.0 -0.0 -0.0 -0.0 -0.0 -0.0 -0.0 -0.0 -0.0
centres 0 2 928.0 87.60255580020548 -18.87336483449439 26.69226062420509 -0.0 -0.0 -0.0 -0.0 287.4227054366847 -23.3515430429104 -53.988355002375414 -0.0 -0.0 -0.0 -0.0 -0.0 -0.0 -0.0 -0.0 -0.0 -0.0 -0.0 -0.0 -0.0 -24.986518189902093 -28.36052691321791 -0.0 -0.0 -0.0 -0.0 -0.0 -0.0 -0.0 -0.0 -0.0 -0.0 -0.0 -0.0 -0.0 -0.0 38.978481228774605 -0.0 -0.0 -0.0 -0.0 -0.0 -0.0 -0.0 -0.0 -0.0 -0.0 -0.0 -0.0 -0.0 -0.0 -0.0 -0.0 -0.0 -0.0 -0.0 -0.0 -0.0 -0.0 -0.0 928.0 -109.60255580020548 -0.0 26.69226062420509 -0.0 -0.0 -0.0 -0.0 -0.0 191.3515430429104 -25.988355002375418 -32.91254725390694 -0.0 -0.0 -0.0 -0.0 -0.0 -0.0 -0.0 -0.0 -0.0 -0.0 -0.0 -0.0 24.986518189902093 -0.0 -0.0 -0.0 -0.0 -0.0 -0.0 -0.0 -0.0 -0.0 -0.0 -0.0 -0.0 -0.0 -0.0 -0.0 -0.0 -0.0 -0.0 -0.0 -0.0 -0.0 -0.0 -0.0 -0.0 -0.0 -0.0 -0.0 -0.0 -0.0 -0.0 -0.0 -0.0 -0.0 -0.0 -0.0 -0.0 -0.0 -0.0 -0.0 1120.0 -0.0 -18.87336483449439 -0.0 -0.0 -0.0 -0.0 -0.0 -119.42270543668468 -95.35154304291041 -53.988355002375414 -32.91254725390694 -0.0 -0.0 -0.0 -0.0 -0.0 -0.0 -0.0 -0.0 -0.0 -0.0 -0.0 -0.0 -24.986518189902093 28.36052691321791 32.83232302624991 -0.0 -0.0 -0.0 -0.0 -0.0 -0.0 -0.0 -0.0 -0.0 -0.0 -0.0 -0.0 -0.0 -0.0 -0.0 -0.0 -0.0 -0.0 -0.0 -0.0 -0.0 -0.0 -0.0 -0.0 -0.0 -0.0 -0.0 -0.0 -0.0 -0.0 -0.0 -0.0 -0.0 -0.0 -0.0 -0.0 -0.0 896.0 -0.0 38.87336483449439 -26.69226062420509 -0.0 -0.0 -0.0 -0.0 -0.0 -47.3515430429104 -25.988355002375418 -0.0 -0.0 -0.0 -0.0 -0.0 -0.0 -0.0 -0.0 -0.0 -0.0 -0.0 -0.0 -0.0 -0.0 -28.36052691321791 32.83232302624991 -0.0 -0.0 -0.0 -0.0 -0.0 -0.0 -0.0 -0.0 -0.0 -0.0 -0.0 -0.0 -0.0 -0.0 -0.0 -0.0 -0.0 -0.0 -0.0 -0.0 -0.0 -0.0 -0.0 -0.0 -0.0 -0.0 -0.0 -0.0 -0.0 -0.0 -0.0 -0.0 -0.0 -0.0 -0.0 -0.0 -0.0
exact-centres 0 0 832.0:0.0 153.60255580020547:1.2404569734847118e-14 -38.87336483449439:-1.370217104995141e-15 26.69226062420509:9.637418503739353e-16 0.0:0.0 0.0:0.0 0.0:0.0 0.0:0.0 23.42270543668469:-6.723371064939219e-16 95.35154304291041:-6.410752176652355e-15 -25.988355002375418:3.1319374914243737e-17 32.91254725390694:1.8472168117940735e-15 0.0:0.0 0.0:0.0 0.0:0.0 0.0:0.0 0.0:0.0 -24.28539510050995:2.178036119819037e-16 0.0:0.0 0.0:0.0 0.0:0.0 0.0:0.0 0.0:0.0 0.0:0.0 -24.986518189902093:7.127319884511698e-16 0.0:0.0 0.0:0.0 0.0:0.0 0.0:0.0 0.0:0.0 0.0:0.0 0.0:0.0 30.028793202230727:1.084209581670677e-15 0.0:0.0 0.0:0.0 0.0:0.0 0.0:0.0 0.0:0.0 0.0:0.0 0.0:0.0 0.0:0.0 0.0:0.0 0.0:0.0 0.0:0.0 0.0:0.0 0.0:0.0 0.0:0.0 0.0:0.0 0.0:0.0 0.0:0.0 0.0:0.0 0.0:0.0 0.0:0.0 0.0:0.0 0.0:0.0 0.0:0.0 0.0:0.0 0.0:0.0 0.0:0.0 0.0:0.0 0.0:0.0 0.0:0.0 0.0:0.0 0.0:0.0 832.0:0.0 -197.60255580020547:-1.2404569734847118e-14 18.87336483449439:1.370217104995141e-15 0.0:0.0 0.0:0.0 0.0:0.0 0.0:0.0 0.0:0.0 -119.4227054366847:4.225050785294423e-15 0.0:0.0 0.0:0.0 -32.91254725390694:-1.8472168117940735e-15 0.0:0.0 0.0:0.0 0.0:0.0 0.0:0.0 54.43783125476628:6.11395795280649e-16 0.0:0.0 0.0:0.0 0.0:0.0 0.0:0.0 0.0:0.0 0.0:0.0 0.0:0.0 0.0:0.0 0.0:0.0 0.0:0.0 0.0:0.0 0.0:0.0 0.0:0.0 0.0:0.0 0.0:0.0 -30.028793202230727:-1.084209581670677e-15 35.73027445971005:3.1679168624970802e-15 0.0:0.0 0.0:0.0 0.0:0.0 0.0:0.0 0.0:0.0 0.0:0.0 0.0:0.0 0.0:0.0 0.0:0.0 0.0:0.0 0.0:0.0 0.0:0.0 0.0:0.0 0.0:0.0 0.0:0.0 0.0:0.0 0.0:0.0 0.0:0.0 0.0:0.0 0.0:0.0 0.0:0.0 0.0:0.0 0.0:0.0 0.0:0.0 0.0:0.0 0.0:0.0 0.0:0.0 0.0:0.0 0.0:0.0 0.0:0.0 1312.0:0.0 -43.60255580020548:1.8062849803548854e-15 -58.87336483449439:-1.370217104995141e-15 0.0:0.0 0.0:0.0 0.0:0.0 0.0:0.0 0.0:0.0 191.42270543668468:9.98580392990758e-15 -95.35154304291041:6.410752176652355e-15 -81.98835500237541:-3.5213943038862572e-15 -32.91254725390694:-1.8472168117940735e-15 0.0:0.0 0.0:0.0 0.0:0.0 0.0:0.0 -82.43783125476628:-6.11395795280649e-16 50.28539510050995:-2.178036119819037e-16 26.43440848163393:1.2810950553296044e-15 0.0:0.0 0.0:0.0 0.0:0.0 0.0:0.0 0.0:0.0 0.0:0.0 28.36052691321791:-7.523811233779443e-16 0.0:0.0 0.0:0.0 0.0:0.0 0.0:0.0 0.0:0.0 0.0:0.0 0.0:0.0 -35.73027445971005:-3.1679168624970802e-15 0.0:0.0 0.0:0.0 0.0:0.0 0.0:0.0 0.0:0.0 0.0:0.0 0.0:0.0 0.0:0.0 0.0:0.0 0.0:0.0 0.0:0.0 0.0:0.0 0.0:0.0 0.0:0.0 0.0:0.0 0.0:0.0 0.0:0.0 0.0:0.0 0.0:0.0 0.0:0.0 0.0:0.0 0.0:0.0 0.0:0.0 0.0:0.0 0.0:0.0 0.0:0.0 0.0:0.0 0.0:0.0 0.0:0.0 0.0:0.0 832.0:0.0 87.60255580020548:-1.8062849803548854e-15 38.87336483449439:1.370217104995141e-15 0.0:0.0 0.0:0.0 0.0:0.0 0.0:0.0 0.0:0.0 -47.42270543668469:-2.880376572306579e-15 119.35154304291041:-6.410752176652355e-15 -25.988355002375418:3.1319374914243737e-17 0.0:0.0 0.0:0.0 0.0:0.0 0.0:0.0 0.0:0.0 26.43783125476628:6.11395795280649e-16 -50.28539510050995:2.178036119819037e-16 0.0:0.0 0.0:0.0 0.0:0.0 0.0:0.0 0.0:0.0 0.0:0.0 0.0:0.0 0.0:0.0 0.0:0.0 0.0:0.0 0.0:0.0 0.0:0.0 0.0:0.0 0.0:0.0 0.0:0.0 0.0:0.0 0.0:0.0 0.0:0.0 0.0:0.0 0.0:0.0 0.0:0.0 0.0:0.0 0.0:0.0 0.0:0.0 0.0:0.0 0.0:0.0 0.0:0.0 0.0:0.0 0.0:0.0 0.0:0.0 0.0:0.0 0.0:0.0 0.0:0.0 0.0:0.0 0.0:0.0 0.0:0.0 0.0:0.0 0.0:0.0 0.0:0.0 0.0:0.0 0.0:0.0 0.0:0.0 0.0:0.0 0.0:0.0 0.0:0.0 0.0:0.0
exact-centres 0 1 1184.0:0.0 -153.60255580020547:-1.2404569734847118e-14 18.87336483449439:1.370217104995141e-15 -26.69226062420509:-9.637418503739353e-16 0.0:0.0 0.0:0.0 0.0:0.0 0.0:0.0 -119.4227054366847:4.225050785294423e-15 23.3515430429104:6.946751809486472e-16 0.0:0.0 0.0:0.0 0.0:0.0 0.0:0.0 0.0:0.0 0.0:0.0 -26.43783125476628:-6.11395795280649e-16 76.28539510050994:6.887623745619098e-15 -26.43440848163393:-1.2810950553296044e-15 0.0:0.0 0.0:0.0 0.0:0.0 0.0:0.0 0.0:0.0 -52.98651818990209:7.127319884511698e-16 0.0:0.0 0.0:0.0 0.0:0.0 0.0:0.0 0.0:0.0 0.0:0.0 0.0:0.0 0.0:0.0 35.73027445971005:3.1679168624970802e-15 0.0:0.0 0.0:0.0 0.0:0.0 0.0:0.0 0.0:0.0 0.0:0.0 0.0:0.0 0.0:0.0 0.0:0.0 0.0:0.0 0.0:0.0 0.0:0.0 0.0:0.0 0.0:0.0 0.0:0.0 0.0:0.0 0.0:0.0 0.0:0.0 0.0:0.0 0.0:0.0 0.0:0.0 0.0:0.0 0.0:0.0 0.0:0.0 0.0:0.0 0.0:0.0 0.0:0.0 0.0:0.0 0.0:0.0 0.0:0.0 1152.0:0.0 219.60255580020547:1.2404569734847118e-14 -18.87336483449439:-1.370217104995141e-15 0.0:0.0 0.0:0.0 0.0:0.0 0.0:0.0 0.0:0.0 0.0:0.0 -119.35154304291041:6.410752176652355e-15 25.988355002375418:-3.1319374914243737e-17 32.91254725390694:1.8472168117940735e-15 0.0:0.0 0.0:0.0 0.0:0.0 0.0:0.0 -54.43783125476628:-6.11395795280649e-16 -128.28539510050996:7.323230969582905e-15 0.0:0.0 33.2823531006096:7.106336015543602e-16 0.0:0.0 0.0:0.0 0.0:0.0 0.0:0.0 24.986518189902093:-7.127319884511698e-16 0.0:0.0 0.0:0.0 0.0:0.0 0.0:0.0 0.0:0.0 0.0:0.0 0.0:0.0 -30.028793202230727:-1.084209581670677e-15 -35.73027445971005:-3.1679168624970802e-15 0.0:0.0 0.0:0.0 0.0:0.0 0.0:0.0 0.0:0.0 0.0:0.0 38.978481228774605:1.518065479741996e-15 52.23324117812485:3.0337138856844447e-15 0.0:0.0 0.0:0.0 0.0:0.0 0.0:0.0 0.0:0.0 0.0:0.0 0.0:0.0 0.0:0.0 0.0:0.0 0.0:0.0 0.0:0.0 0.0:0.0 0.0:0.0 0.0:0.0 0.0:0.0 0.0:0.0 0.0:0.0 0.0:0.0 0.0:0.0 0.0:0.0 0.0:0.0 0.0:0.0 640.0:0.0 43.60255580020548:-1.8062849803548854e-15 38.87336483449439:1.370217104995141e-15 0.0:0.0 0.0:0.0 0.0:0.0 0.0:0.0 0.0:0.0 47.42270543668469:2.880376572306579e-15 47.3515430429104:6.946751809486472e-16 25.988355002375418:-3.1319374914243737e-17 32.91254725390694:1.8472168117940735e-15 0.0:0.0 0.0:0.0 0.0:0.0 0.0:0.0 110.43783125476628:6.11395795280649e-16 0.0:0.0 0.0:0.0 0.0:0.0 0.0:0.0 0.0:0.0 0.0:0.0 0.0:0.0 -24.986518189902093:7.127319884511698e-16 28.36052691321791:-7.523811233779443e-16 0.0:0.0 0.0:0.0 0.0:0.0 0.0:0.0 0.0:0.0 0.0:0.0 30.028793202230727:1.084209581670677e-15 0.0:0.0 0.0:0.0 0.0:0.0 0.0:0.0 0.0:0.0 0.0:0.0 0.0:0.0 -38.978481228774605:-1.518065479741996e-15 0.0:0.0 0.0:0.0 0.0:0.0 0.0:0.0 0.0:0.0 0.0:0.0 0.0:0.0 0.0:0.0 0.0:0.0 0.0:0.0 0.0:0.0 0.0:0.0 0.0:0.0 0.0:0.0 0.0:0.0 0.0:0.0 0.0:0.0 0.0:0.0 0.0:0.0 0.0:0.0 0.0:0.0 0.0:0.0 0.0:0.0 1120.0:0.0 -109.60255580020548:1.8062849803548854e-15 -38.87336483449439:-1.370217104995141e-15 0.0:0.0 0.0:0.0 0.0:0.0 0.0:0.0 0.0:0.0 -23.42270543668469:6.723371064939219e-16 -23.3515430429104:-6.946751809486472e-16 25.988355002375418:-3.1319374914243737e-17 0.0:0.0 0.0:0.0 0.0:0.0 0.0:0.0 0.0:0.0 -110.43783125476628:-6.11395795280649e-16 -24.28539510050995:2.178036119819037e-16 58.43440848163393:1.2810950553296044e-15 0.0:0.0 0.0:0.0 0.0:0.0 0.0:0.0 0.0:0.0 24.986518189902093:-7.127319884511698e-16 0.0:0.0 0.0:0.0 0.0:0.0 0.0:0.0 0.0:0.0 0.0:0.0 0.0:0.0 -30.028793202230727:-1.084209581670677e-15 0.0:0.0 0.0:0.0 0.0:0.0 0.0:0.0 0.0:0.0 0.0:0.0 0.0:0.0 38.978481228774605:1.518065479741996e-15 52.23324117812485:3.0337138856844447e-15 0.0:0.0 0.0:0.0 0.0:0.0 0.0:0.0 0.0:0.0 0.0:0.0 0.0:0.0 0.0:0.0 0.0:0.0 0.0:0.0 0.0:0.0 0.0:0.0 0.0:0.0 0.0:0.0 0.0:0.0 0.0:0.0 0.0:0.0 0.0:0.0 0.0:0.0 0.0:0.0 0.0:0.0 0.0:0.0
exact-centres 0 2 928.0:0.0 87.60255580020548:-1.8062849803548854e-15 -18.87336483449439:-1.370217104995141e-15 26.69226062420509:9.637418503739353e-16 0.0:0.0 0.0:0.0 0.0:0.0 0.0:0.0 287.4227054366847:9.98580392990758e-15 -23.3515430429104:-6.946751809486472e-16 -53.988355002375414:-3.5213943038862572e-15 0.0:0.0 0.0:0.0 0.0:0.0 0.0:0.0 0.0:0.0 0.0:0.0 0.0:0.0 0.0:0.0 0.0:0.0 0.0:0.0 0.0:0.0 0.0:0.0 0.0:0.0 -24.986518189902093:7.127319884511698e-16 -28.36052691321791:7.523811233779443e-16 0.0:0.0 0.0:0.0 0.0:0.0 0.0:0.0 0.0:0.0 0.0:0.0 0.0:0.0 0.0:0.0 0.0:0.0 0.0:0.0 0.0:0.0 0.0:0.0 0.0:0.0 0.0:0.0 38.978481228774605:1.518065479741996e-15 0.0:0.0 0.0:0.0 0.0:0.0 0.0:0.0 0.0:0.0 0.0:0.0 0.0:0.0 0.0:0.0 0.0:0.0 0.0:0.0 0.0:0.0 0.0:0.0 0.0:0.0 0.0:0.0 0.0:0.0 0.0:0.0 0.0:0.0 0.0:0.0 0.0:0.0 0.0:0.0 0.0:0.0 0.0:0.0 0.0:0.0 928.0:0.0 -109.60255580020548:1.8062849803548854e-15 0.0:0.0 26.69226062420509:9.637418503739353e-16 0.0:0.0 0.0:0.0 0.0:0.0 0.0:0.0 0.0:0.0 191.3515430429104:-6.410752176652355e-15 -25.988355002375418:3.1319374914243737e-17 -32.91254725390694:-1.8472168117940735e-15 0.0:0.0 0.0:0.0 0.0:0.0 0.0:0.0 0.0:0.0 0.0:0.0 0.0:0.0 0.0:0.0 0.0:0.0 0.0:0.0 0.0:0.0 0.0:0.0 24.986518189902093:-7.127319884511698e-16 0.0:0.0 0.0:0.0 0.0:0.0 0.0:0.0 0.0:0.0 0.0:0.0 0.0:0.0 0.0:0.0 0.0:0.0 0.0:0.0 0.0:0.0 0.0:0.0 0.0:0.0 0.0:0.0 0.0:0.0 0.0:0.0 0.0:0.0 0.0:0.0 0.0:0.0 0.0:0.0 0.0:0.0 0.0:0.0 0.0:0.0 0.0:0.0 0.0:0.0 0.0:0.0 0.0:0.0 0.0:0.0 0.0:0.0 0.0:0.0 0.0:0.0 0.0:0.0 0.0:0.0 0.0:0.0 0.0:0.0 0.0:0.0 0.0:0.0 0.0:0.0 0.0:0.0 1120.0:0.0 0.0:0.0 -18.87336483449439:-1.370217104995141e-15 0.0:0.0 0.0:0.0 0.0:0.0 0.0:0.0 0.0:0.0 -119.4227054366847:4.225050785294423e-15 -95.35154304291041:6.410752176652355e-15 -53.988355002375414:-3.5213943038862572e-15 -32.91254725390694:-1.8472168117940735e-15 0.0:0.0 0.0:0.0 0.0:0.0 0.0:0.0 0.0:0.0 0.0:0.0 0.0:0.0 0.0:0.0 0.0:0.0 0.0:0.0 0.0:0.0 0.0:0.0 -24.986518189902093:7.127319884511698e-16 28.36052691321791:-7.523811233779443e-16 32.83232302624991:-2.1533383333417784e-15 0.0:0.0 0.0:0.0 0.0:0.0 0.0:0.0 0.0:0.0 0.0:0.0 0.0:0.0 0.0:0.0 0.0:0.0 0.0:0.0 0.0:0.0 0.0:0.0 0.0:0.0 0.0:0.0 0.0:0.0 0.0:0.0 0.0:0.0 0.0:0.0 0.0:0.0 0.0:0.0 0.0:0.0 0.0:0.0 0.0:0.0 0.0:0.0 0.0:0.0 0.0:0.0 0.0:0.0 0.0:0.0 0.0:0.0 0.0:0.0 0.0:0.0 0.0:0.0 0.0:0.0 0.0:0.0 0.0:0.0 0.0:0.0 0.0:0.0 896.0:0.0 0.0:0.0 38.87336483449439:1.370217104995141e-15 -26.69226062420509:-9.637418503739353e-16 0.0:0.0 0.0:0.0 0.0:0.0 0.0:0.0 0.0:0.0 -47.3515430429104:-6.946751809486472e-16 -25.988355002375418:3.1319374914243737e-17 0.0:0.0 0.0:0.0 0.0:0.0 0.0:0.0 0.0:0.0 0.0:0.0 0.0:0.0 0.0:0.0 0.0:0.0 0.0:0.0 0.0:0.0 0.0:0.0 0.0:0.0 0.0:0.0 -28.36052691321791:7.523811233779443e-16 32.83232302624991:-2.1533383333417784e-15 0.0:0.0 0.0:0.0 0.0:0.0 0.0:0.0 0.0:0.0 0.0:0.0 0.0:0.0 0.0:0.0 0.0:0.0 0.0:0.0 0.0:0.0 0.0:0.0 0.0:0.0 0.0:0.0 0.0:0.0 0.0:0.0 0.0:0.0 0.0:0.0 0.0:0.0 0.0:0.0 0.0:0.0 0.0:0.0 0.0:0.0 0.0:0.0 0.0:0.0 0.0:0.0 0.0:0.0 0.0:0.0 0.0:0.0 0.0:0.0 0.0:0.0 0.0:0.0 0.0:0.0 0.0:0.0 0.0:0.0 0.0:0.0 0.0:0.0
first-coefficients 0 0 838.4446189624883 143.0 -30.0 16.103303589953025 0.03728120194165327 -5.7263384381837685 6.431545225164385 -3.056270277202089 12.0 84.0 -21.064483231352963 19.0 -1.02825308819238 -6.632714701161376 7.669273807801139 -4.3118994556225 12.85417931206224 -18.241483342309564 -1.787199506995543 4.172023703262526 -1.2930614814578767 -3.308607850635112 3.752085328305593 -2.9990130993326876 -14.0 2.4994512884338036 0.23474275409185644 -1.5892263300834932 -1.4777353010014855 -0.753675887671949 0.8561444487554523 -1.2400744168932356 18.0 5.264933355783319 0.19164286278345546 -0.030397268097193127 -1.8680943809698765 0.3649340346607122 -0.08576632345940198 -0.5447468778937218 -2.2661839673977777 -1.1422390092490475 -0.9287909475037726 2.192543569996815 -0.8194748628242996 -0.683204549529865 0.8887377311606665 -1.1494595199810527 -2.699480434672435 -5.206297396750501 -0.8208508082575736 0.7929682395316155 -0.5147250710029119 -0.6345252149230098 0.8782218252197617 -1.4214416364867843 4.773703173030188 5.723920422229246 1.045586034799607 -1.8019269766750623 -0.42919341372388925 0.6693973980950275 -0.938433173804059 -0.008152591748675157 830.5243519274043 -187.0 18.798044773399013 -1.837162827538112 1.6435110103893025 -5.121138187253276 1.301344319295021 1.6081282157083852 -119.39021120132249 -5.50770144596452 4.004194536503453 -19.0 3.132662390340047 1.3483636383689734 0.08046459881771374 -2.704513073589926 42.0 -1.488340452851759 -3.0743139737682053 5.642922948316481 0.2675092170947958 0.1657751739355903 -0.8219057573209589 1.728127778222991 -4.5410733331831805 -12.568555004843567 4.682748052776039 1.189687972780703 0.029683260375381864 -2.2107775840330386 1.9818504566098758 -0.45920711791185465 -18.0 22.0 -1.474055229612343 -3.906824040872666 1.1755794286029704 0.9897973489853711 0.06095675933978337 -0.377629624908131 3.636128824097804 -5.529874212874678 -0.8105080104630417 0.16966211894403363 2.4172074109248887 -1.453146358232826 0.6197978961107866 0.127770817756139 7.981989152459361 -7.2010523875683745 2.5433054903623447 2.6301780779361503 -2.493882322565232 -0.5049864333260492 1.1298028435142753 0.12143356185461916 -8.945520292495328 7.630633922622775 -0.7857237489172022 -3.4730791763984126 2.220538118918908 0.46698228591246194 -0.645324894161949 -0.11084489229876442 1296.0 -33.0 -61.439530101943994 -1.1811900551025856 -11.76931462551168 4.1024490951589305 -0.21661672151638095 3.294503160086374 180.0 -84.0 -70.0 -19.0 -8.637134535338133 4.805965789407416 4.944579765269761 4.5409003267135235 -70.0 39.0 16.0 -1.9056380313250771 3.486710601664021 -0.0373751543698473 0.5641185744842184 -1.2832629222638607 11.65829338824205 17.0 -0.7174043913354301 -4.27365796467399 -4.337576231850154 -0.07624983427547412 -0.3310455123412591 0.23540326303443476 4.113469480893814 -22.0 -5.000503406524899 0.4249520395856093 -0.6280182312354066 -0.3749700164700059 -1.1599391903424887 -0.6135310899389812 -1.7628791037962748 0.6830000604360619 4.951381614336768 -3.327289976997247 1.634373485511953 -0.44092741317862116 2.9786915792436353 0.8771843402741475 -5.256911089091547 7.605908268316858 3.2897771194606973 1.6298958771205967 3.0962610087638014 0.7658365139406185 1.0866766459157782 -0.2835035339802335 7.787993702569831 -8.52367951196681 -4.540081921620924 0.8086273710557124 -3.182891524234548 0.07871610431219929 -1.4899554472829954 0.18165781789323174 848.0 96.30351380764756 36.17172904709093 8.87442452150069 8.36615775439707 5.604757439228764 0.5394262911156961 2.8728468869850308 -37.990314354537205 108.0 -14.0 11.126518638904129 3.5796248692066635 -0.33268379619485716 2.759616787606453 0.34101407995027183 16.283695553735406 -39.0 0.05379548242339558 -2.3799276220474055 -1.1906986968846172 0.423642603915763 -2.7846007993954554 0.313425580086362 -6.998074702102736 10.286598023282014 2.2312855735198984 -3.1896121022141024 3.3399863969706525 -3.5162210783707026 0.9541414546447919 -0.08092015316613649 2.872530571673664 -2.9786612505369106 -1.0745462463652837 1.2638407583731 -0.1401346493259435 0.9458289039564658 1.0848801584269956 -0.7627159058669444 -1.081691917754533 1.6465231790629584 1.1511725936358108 -0.34177331273094746 0.6045145587166115 0.4397626510248904 -1.2069895359438403 1.3513814091794965 0.02710007227675936 -0.2903975629549941 -1.2245628435465334 0.2562605163654392 -0.27772270034326446 -0.4679540455679915 0.9225332284800555 -0.6585404346560836 0.6540500110223227 0.11785922277831973 0.9406727970419669 -0.18569015517361315 0.16937531173298379 0.1988740635373481 -0.5813185712163301 0.16943451186045932
first-coefficients 0 1 1180.0092843635737 -143.0 11.567824374299288 -16.0 2.3789213577346895 0.24270075242260722 -1.4547799671818749 0.646646020130407 -120.17798178475746 12.548014652509286 6.5272644639968815 1.717926132782743 0.9570743996328817 1.6105725037804437 -1.3319551214970073 0.7561692184285896 -29.284069986520507 65.0 -16.0 10.8472017445237 -3.350292896627479 -1.6209896000372805 2.090533755019664 -1.0051690452718662 -42.0 3.0616469652075464 -8.810947914033004 -2.5201745499239325 1.8507702332869456 -1.4947445920455276 0.887238088065372 -0.373626302945157 2.1412305229761266 22.34329083695113 0.011472103623572353 3.6850185095492933 -0.844109389235465 1.2779121935342728 -0.6752639086434731 0.11470055300042349 -5.998706212289979 -11.153578868383322 -2.2560049233660195 -1.984596365934934 -1.9224527302410355 -0.3796118457489453 0.30343612998214514 -0.5675244432837274 7.100445252386128 2.167366136897581 4.112793262651695 0.3413565120808059 1.9834794849925603 0.8667664105746516 -0.07046624128952164 0.23014135929629706 1.1234544549902503 -6.188671189573186 1.1180028844543073 -2.6452144464037333 -0.09763275400657276 0.010091563752746172 -0.7580334325402155 0.005394577287577004 1143.6790176741454 209.84245881857865 -15.600968897219696 -10.841869049896681 -9.367988454396048 8.420890705252612 1.3720856323202586 -4.8578529438950095 1.596964565677715 -108.0081103401653 14.0 19.0 1.5956422614204617 -4.467693564610262 1.3680890552216762 3.3781834506093404 -64.35214121610458 -117.0 0.46375796650934503 24.0 4.701636751324677 -6.477773271993558 1.2050857603615426 5.183902918885198 14.54250285736835 -7.626135104069055 -0.8675268664321291 -4.3422539313954385 -0.5532080262614723 2.763311702889422 -0.04970313410119841 -2.8504990287043888 -20.230621491388817 -22.0 -2.259496513931194 1.962219716006424 0.2059753787429144 -0.9665384858980384 0.2995028594430648 0.9436505498357955 24.0 35.0 1.4866453456613957 -7.683950892445067 -4.826188089771677 1.2936679275657903 1.1089257099891405 -0.21826543067959053 -6.9414108501703655 8.175423395775574 0.23652340296925056 2.3701894669742813 0.8115601143445842 -1.0359858248955747 -0.6983327310292298 -0.2693949099620439 5.9512210412669155 16.54033403827411 3.255165626168712 1.0777233082360926 -1.3731488385388078 -1.122860817794239 0.30265894934715837 0.3539542896954989 656.0 33.0 39.71030929235782 0.21601690143639918 12.296711046343587 0.9918414645257889 4.407920190097304 0.1182490436463797 37.70410451934633 47.21991173176709 18.328512013225243 19.0 3.4782334004016446 0.9620272944099556 -4.010907522757866 -1.789351139976131 98.0 -0.8922879071967538 -11.032963853114273 7.045599264960743 -0.3044775576079637 2.528091353538515 0.6938340852137246 0.7913024799296287 -16.800775898053658 17.0 16.033583547882664 2.225126845443489 3.827768267262095 -2.2736342950860755 -1.1389504855825585 -1.3575743440154193 34.18308203706293 -9.52864526207626 -8.418145302081843 -1.123291438881985 -1.1841742804718989 2.36923887981258 -0.265575457360222 1.283753088275912 -24.0 2.792748328853753 3.42886333171397 -0.6876585870063336 -0.9047647507317464 -1.437115352033083 0.691997827281772 -0.7494835427005568 11.85015599275649 -10.794083314198222 -9.876037165868357 -1.029365288390425 -0.7765581246477228 1.038368498577112 -0.145572419280224 0.9135911495196246 -8.415613319387523 -2.2659610497735447 -0.39823271275317684 -2.9688821630833364 -0.0748508690805839 -1.0246215572638504 0.8108697803987923 -0.2516323119732512 1104.0 -116.98005272666285 -37.0683060000219 -16.0 -12.148646903274562 -7.507984073141972 -1.1364836689219107 -2.1283746258680085 -27.375936709062508 -36.0 14.0 5.8947086610392345 1.4711203660107572 0.10989589040616575 1.6676163100502246 -0.8938992117786829 -98.0 -13.0 48.0 6.4163864710492975 5.753111579742314 7.516965128058279 2.2604938512890667 0.8902431918927443 14.0 -5.579419509682399 -11.569206179087443 -4.9077743688789655 -4.069917230356754 -2.3339031398795758 -0.45666733195009696 -2.1738330023410883 -19.0444529399281 -2.6973961094990506 8.698969288414645 1.1480496617982687 -1.8602746259862724 0.8705431576087118 -0.3294926026787133 -0.9207570609605713 24.0 35.0 -2.4873563332638517 -9.566176870449187 6.864854573778538 3.7583791346302666 -2.18149732024856 1.6863096834433693 -0.3323072472600773 0.9212579464142476 0.7737599238007926 0.9925956724718268 -0.2527293989672881 2.0954414767850396 -1.4667194039898892 0.3088792814707696 4.054164144385698 5.889887054797647 -2.7880314754143742 -7.605722341300749 1.1038086326664278 1.3624504335458563 0.9284035958129122 -0.5362412591497338
first-coefficients 0 2 934.0810041986565 77.0 -10.0 16.0 -3.374957638767884 -1.7467230856730003 -0.4590622448148761 -2.3684855577225834 276.0 -13.778533909864539 -42.0 8.367867098521044 -3.4850656281618906 3.9600663309476403 2.0399853533029475 0.2594686088830174 0.6563230971369219 -10.730788659105812 5.84813047110547 4.643556065855432 -5.068315635012001 4.058298199698749 -4.121096130935486 0.20916997753534516 -15.222110581092664 -19.495657751295273 9.092640918602527 -3.549477536143544 -4.866867287414981 4.157357071237477 -4.822379172730372 2.2972307074496827 -1.803064607869696 -1.675956597275391 1.5572407272912647 -2.114368335064248 -0.18530003363739594 3.6551394150475507 -1.8716617039789365 2.9726344173744996 24.0 5.537055600696471 -4.570377533424592 3.0727891971682824 0.9107116380210807 0.5618110907809672 -2.4930585872743225 0.46590284235065826 0.10919510802332064 -2.3303777158487544 0.4624100353355103 1.2660943590753522 -0.2708557404808863 0.9813111505394008 -1.465057749929957 0.34813450339202234 -13.584313924716342 -8.203163605970154 4.759477041244234 -1.4965462266901963 -2.695072437033418 0.7871788488005326 0.44664148760653205 1.560647078876078 928.4706483353168 -113.57968221834562 7.9351519701850775 18.75717613523426 -0.945894631712816 -7.525520128219275 0.713718829554843 2.8304130944600305 3.79431029242366 180.0 -14.553290681449424 -19.0 1.0226345117996207 9.429979387396697 -1.0001644671866052 -4.157783018241764 12.35780380837793 -2.7079008101549578 -5.6255680627241 5.034345750841553 0.4658764397092108 -2.7560595850613807 -0.3058962016351106 2.5003874772840384 14.0 4.204617620679624 -0.2370303917804865 0.3543374462934371 -0.9019696323068036 -0.735151460442674 1.14682470271494 -2.0642809164049973 0.7521815989330917 -0.9485210933549068 -0.2943513558499038 -2.9528894463378994 1.5196478034070455 1.9753573280444914 -0.26175416126101 -0.37691052030965233 -0.9568606510531288 4.520679822966521 -2.037537824022571 3.219833449994666 -0.7204680809919355 -1.0745875990898301 -0.18210702869960016 0.42806207314132244 2.3790081296749093 -0.5503595009803193 -0.8809546502177769 -0.5133879417156442 -0.4077763570708962 1.5672732982903295 0.11581384222111218 -0.6447361485408816 -0.19197295806169143 -0.1666259312401204 1.1534906335363406 -0.6118730090541767 0.43072328910883756 0.009801674551853923 -0.5066516836871284 0.17224247626336744 1104.0 11.0 -26.870230117351344 -4.936497437236868 -3.762298401323171 1.2173897363448936 -0.24690661120865576 -0.2096796225796728 -118.6751649152851 -84.0 -42.0 -19.0 1.4238898972499665 11.395799226048972 12.426221209713434 7.462495462157034 -14.0 3.1573516022653023 9.838057916676009 1.3504908478617248 0.8961169137838584 -0.33494110160034496 -0.7782098481527503 0.0015019156713813736 -14.0 17.0 22.0 4.608444764458392 1.6437263224172802 -3.8118485708845857 -3.9817007941546514 -1.8106930309401577 -5.766478758648455 5.889131882985546 0.8856038015906856 1.3698580958618203 -1.058864973363079 -0.6438167785954786 0.01357705988469814 0.4960547460109199 -5.3208126985776545 -2.9119478546568747 -3.4147349345079117 -0.3044117382120031 -4.10329015235079 -3.1584637582215263 -2.1192668721727115 -0.7500105417732107 -3.018266409646036 -0.041811718595592164 0.2287462870144634 0.3139539598700894 -1.032689075512392 1.0533889066470195 1.52957944356769 1.3014819046485 -4.108370448453532 3.3667431824555885 5.771463827994866 -0.3551277617825525 0.049207692356939774 0.7762572238379648 1.229048702666351 1.0092568469772765 912.0 11.0 30.0 -16.0 3.968226599570292 -1.8282955616222543 2.233049765054123 0.5107054125429522 4.498668555230426 -36.0 -14.0 5.18775803391772 -1.7815262120274522 0.9449446197057315 -2.805676897260793 0.4705455574818384 2.269945094356523 -1.9359455852215457 -3.450949899418975 1.5541385679375073 -0.10083512074352811 2.171836086548818 -1.1811709158731407 -0.9517017245156679 9.211987080296018 -17.0 22.0 -10.803236987801597 3.713053005483055 -3.7472262928989193 1.1043298510486095 2.20137623964043 -0.35822412100202916 -0.9011970301611019 -2.889016368162441 1.5060826929578721 0.1472836437129443 2.122901609404994 -1.390301793655681 -0.591929757286478 4.073518505939282 -5.870288734242471 1.5802970017134774 -2.1815446885056677 -0.3666718204991518 0.39059584042842915 -0.23600887889901556 0.23739740016663835 1.2217386906854177 -1.25019485690796 0.3352025118836932 1.3339017200205276 -1.0840079791702912 1.6843348411826498 -1.8914045202733214 0.7438275926578866 2.3112518073131936 -3.9188843933513677 5.192298734462992 -3.4158193015639395 2.1131767489958713 -2.453757210816052 2.2122043077432325 -0.613461874535467
first-p 0 0 0 -0.6734073084694021 -0.8503281309279795 -0.9693588226434894 -0.8518205223617551 -0.9295970971299595 -0.9739785918642958 -0.9990308331596747 0.571386343204876 0.9996567828961933 0.98535308346173 0.9258050471032772 0.9147108959272291 0.9326477712211284 0.8784109578458855 0.8722399492448487 0.3868310235532734 0.9947294805695898 0.9983387382551872 0.9544382259736602 -0.30808507573247734 -0.8723775165304553 -0.935429695213998 -0.9558740218868556 -0.9999961611299607 -0.9331502839845002 -0.9253865229912709 -0.9836389241202413 -0.9967887866986131 -0.9906612869384316 -0.9994601496518587 -0.921817467284485 -0.013519542513410409
first-p 0 0 1 -0.4457162846358259 -0.9776284726337433 -0.9995894955525959 -0.8705249894193396 -0.9587051777774928 -0.9936186873631032 -0.9466235043503245 -0.3688907345555313 0.696590404148716 0.973737375755959 0.8060938605664262 0.8361557895182886 0.9516934707467213 0.986754695163515 0.9197197691716197 0.6139462473564214 0.9934779043274603 0.9908085915794632 0.8155512855364729 0.7626969014644985 -0.18193669248573796 -0.6581259316835442 -0.825327382329886 -0.9451910133801503 -0.916529664040672 -0.9005057699018864 -0.9512757058007807 -0.9975434403204716 -0.9784547993072586 -0.9950604379696371 -0.5032008749069217 -0.017598537230752134
first-p 0 0 2 -0.46684127331905867 -0.7814580774921855 -0.8381776340728428 -0.9665695889689706 -0.9665413120363112 -0.9910926153242726 -0.9050305039435208 -0.33103585915414246 0.18655298158436806 0.914545362047476 0.8877272817735241 0.7863617862292746 0.7832465036917126 0.7695000390161341 0.40008907549395073 -0.19242487210687212 0.9532747257470892 0.9970377062764376 0.8279951571289791 0.8492553031356884 0.5240012604961288 -0.3474723790376019 -0.8832892845947262 -0.9839665018167423 -0.9919363476185995 -0.988709540748659 -0.981403495749116 -0.8824659032638079 -0.8125813305016509 -0.48908681070364285 -0.609083642095147 0.03767063398187313
first-p 0 0 3 -0.5249713737475926 -0.5467859761123233 -0.6950286183631719 -0.7899150041255326 -0.7546360994171202 -0.8656909244037071 -0.9796243468686042 -0.3354648180492425 0.3301299218150463 0.6141241897454879 0.5213684737995001 0.31776315482031803 0.3581256639944398 0.9427395467913322 0.9928313693213726 0.631533689383992 0.8416365159368797 0.9112047468606307 0.9404437491820958 0.5804050691621394 0.41329866231740503 -0.15177973361518343 -0.47785224663852033 -0.9457127944506334 -0.944811018568942 -0.9006783081409748 -0.4752492823406406 -0.18056703102742408 0.16906383340608844 -0.26233607140015713 0.10141774219943357 0.7155790012032922
first-p 0 0 4 -0.08420986570060253 -0.08486283084073912 -0.14531826750231006 -0.3443344485475862 -0.6904954192182302 -0.8380552306065634 -0.6377096262796026 -0.0941759914142154 0.30620492581841724 0.48267739638105567 0.2830255438164939 0.19584135944869993 0.09161136308248798 0.0522030384676 0.03382129597228901 0.06238094224633945 0.2891304343045138 0.42673075535883287 0.7688074559639506 0.5482991965496735 0.12345227117363011 -0.008358576921905853 -0.32856373957159435 -0.6914293435081637 -0.7380092983232294 -0.7317877165648234 -0.2823070623979277 -0.02835649363564887 -0.17888019168050845 -0.012588579818242839 0.40045425654276 0.3070704335886449
first-p 0 0 5 0.14554594705749724 0.23048026222242385 -0.10805232650536574 -0.5902820303280883 -0.9323183901920281 -0.9459854701782371 -0.4976637765269111 -0.5003443397911791 -0.3581032677960948 -0.14335077807881755 0.31135929431531295 0.8873266234639736 0.8412044451213897 0.43347942488436253 -0.2079620939222889 -0.7452904665974877 -0.8802567245140165 -0.3012255489513683 -0.18108284151332027 0.003166605751998676 -0.03378269884343272 -0.20353331137646558 -0.5532573578628891 -0.6715938236217085 -0.5755223360470731 -0.36613821390797974 -0.18107303487922544 0.22401401398323997 0.18348035804504215 0.6130400441793011 0.33618500692594433 -0.23364976096017673
first-p 0 0 6 0.38008129839915 0.05691880406387288 -0.48805855650599206 -0.9200857099864712 -0.8026714393803962 -0.5066377203994445 -0.3198886215388871 -0.11706822682952459 -0.3560731352123363 0.4982989230448691 0.7744409411983562 0.9970251003315883 0.9673433715502918 0.5073097850069508 -0.24790827931879975 0.04259843492658797 -0.9862671147434492 -0.8464426385684926 -0.5453830849932518 0.03573672412120925 0.49638702597191725 0.5825679538597603 0.17825484052541785 -0.49766423138196986 -0.42954714313349096 -0.26512389160142097 0.022148333694260676 0.692072360997341 0.8438230919148308 0.7567627581538211 0.25040680177183794 -0.6249235459216385
first-p 0 0 7 0.5269135879868319 0.40910358971015687 -0.1796434944487617 -0.7976915206648364 -0.7858402837412388 0.03189295501422206 0.3428287442086156 -0.08542231343417714 -0.31408869112961013 -0.2987842248419427 0.7240684652827698 0.9937004485429132 0.9542801502299028 -0.24217949751422044 -0.2879266242553278 0.09024589011507307 -0.9803606417471405 -0.8988536668913845 -0.4005930446680854 0.25036693161692164 0.7252176890591593 0.8394082461207568 0.3746313430828673 -0.3468091191431658 -0.5100667259954146 -0.3781633287212749 0.35968545108316147 0.6391380284153665 0.9812228648041702 0.9185533714218569 0.32839176948205445 -0.10458631903581288
first-p 0 0 8 0.6810056356109041 0.8058677049441247 0.44289954658817304 0.12685198500268605 0.09073980982283437 -0.06557313903565883 -0.054419146434743486 0.24544982567656662 -0.7728462068892038 -0.9413227238073141 0.5199490129190544 0.9926954768062068 0.9088087170647201 0.6432254231115537 -0.2663726228269067 -0.9757880413789572 -0.983375676734154 -0.9879895287627962 -0.6081429591603837 0.16309517836976514 0.49108364951453637 0.04505537848696708 -0.17886870365670088 0.5091732206161504 0.22475546058117363 0.4516528388847418 0.8882309224229404 0.8965082057586687 0.6354334824233422 0.5067706871794784 0.5720155984014575 -0.08503043978678682
first-p 0 0 9 0.6602501791224229 0.9728124720306134 0.8172314773662117 0.520887887910038 0.4489271939207577 0.419997698831131 0.1399463815860584 -0.332942681212196 -0.13788062756216277 -0.02566196742559055 0.06579213503552374 0.43889757327562645 0.7600167829189172 0.1062174189062954 0.02637727101199814 -0.10332314338827354 -0.4518522140484944 -0.6157178473735408 -0.389282062327756 -0.04964940950248454 0.2750201751563148 0.3157915314062051 0.7365570030134879 0.49580004849999626 0.16425823023844546 0.06855022973589688 0.12375901925206291 0.40244712270068084 0.6164069040496173 -0.022851344082793438 0.5496866808708558 0.6251764454718428
first-p 0 0 10 0.5131424361564377 0.7662790771198357 0.9012011765763525 0.8541017320439036 0.9790259528350372 0.9859673113063324 0.9827494094226374 -0.11555427427757947 -0.6755549606646223 -0.8167105039605194 -0.7411721892409009 -0.6264169431491935 -0.9990883492232107 -0.6938013271324175 -0.7391330915712198 -0.6882064516545154 -0.837341637936297 -0.7388234499786109 -0.5993940331780461 -0.10287584380265667 0.375473597218325 0.4603673139947177 0.5945324891055291 0.9940385006589609 0.6433682295779316 0.3934480667398747 0.288687528947923 0.07843563865054885 -0.27404591571002734 -0.27050241780472567 0.18457727232626686 -0.9898848048841703
first-p 0 0 11 0.3602636494982261 0.7070213644757313 0.8253815800642674 0.9770272521494946 0.9818307280899082 0.9561257957033155 0.8383523946708513 0.7820520714140357 0.5047307482858769 -0.18995648287415073 -0.9450657600206792 -0.9932328133590274 -0.9800462946055633 -0.6194011362434368 -0.1419575245895647 -0.7885305521937274 -0.8237362884233748 -0.7440110523611976 -0.7131179570207721 -0.48403514138769294 -0.16865483792305153 0.28394233431585963 0.22493706521489987 0.9971925997444322 0.5604004391901024 0.5446984501144826 0.369824812738873 -0.699203320026626 -0.9929674170762579 -0.6710605678911299 -0.8570446256845252 -0.29249272759211864
first-p 0 0 12 0.530925146438616 0.9933320101438822 0.9933998341042606 0.9912580491528393 0.9874859809590639 0.99981126412054 0.8569031620938473 0.306533892417409 0.18249112533501527 -0.39100990446197226 -0.9981400167335283 -0.9873643804655516 -0.9520014293173609 -0.8947702894906534 -0.34967588786696124 0.1948746920222852 0.5652533562534101 0.049381560640377645 -0.33608749771350555 -0.6245647140804129 -0.36822104744600437 0.1349524536787079 0.9942946011589677 0.9929383700590381 0.9559216906458048 0.9830719396453689 0.5358410475786884 0.32235459125473287 -0.646092893741443 -0.9254084261511019 -0.8390110101520328 -0.7480890616296794
first-p 0 0 13 0.6093840447085584 0.5798361112871571 0.5694032782645159 0.5415153075517817 0.6490685701136144 0.9107500731470014 0.9777123508667164 0.4034198128476574 0.7331789181102093 -0.2959968557502428 -0.999843274402799 -0.9875206874491396 -0.9898692540140666 -0.7179872149759786 -0.5575431222766783 0.012325537805874323 0.3628844888305766 0.5554905010943144 -0.06252975377759801 -0.8456540639417182 -0.7618258242664254 0.3383089581556705 0.996942859032365 0.9934272968011011 0.8332497011413934 0.9905250591232894 0.8370162393776751 0.39737871963717336 -0.1340928814475156 -0.32158687853663603 -0.3621260330599589 -0.1555048814626544
first-p 0 0 14 0.2488119684097224 0.2657710245803642 0.18352753031960886 0.23188178066550372 0.5407307259322619 0.9660813494328224 0.9855799909990666 0.6072782864814235 0.03428051200215745 -0.04535850155492654 -0.3301432387018375 -0.697099565884197 -0.9603419521229861 -0.8308665185861372 -0.5395981971899241 -0.28014441100327603 -0.21874989032464373 -0.3220717454081758 -0.2103146817849409 -0.06355617323395464 0.05469602031493027 0.04218744995592374 0.2954978692406728 0.819221542187154 0.3503800158590261 0.19143620948177842 -0.002168712340450904 -0.1396040826264834 -0.23959990387642371 0.030412967376013695 0.6651805194943627 -0.1806607245495839
first-p 0 0 15 0.4535448936112533 0.16792774381657877 -0.16456573680241574 -0.1344006558491242 0.3631836511662254 -0.11172713166338219 0.10415648646114355 -0.730600388399087 -0.09770773479795167 -0.06611099084491114 -0.2439694605887109 -0.27387949311535764 -0.6784590926928249 -0.8249828859635765 -0.3306747340326138 -0.09246738437830238 0.9787125081379046 0.9984132598581495 0.48417404077213755 0.04325126940850202 -0.039129639021988204 0.07158034039159752 -0.08100149391936716 -0.7490403907037572 -0.3362313312484474 0.14545866269477 0.5094722595118684 0.9877920406694345 0.9251620893057573 0.5230317736879796 0.10268698864392183 0.2371976476830267
first-p 0 0 16 0.49266133869994566 0.9427729220684817 0.9368200474531526 0.5873485597700815 -0.43098993239828143 -0.981697736508509 -0.8268616388085291 0.2547531551880858 0.6606919626272157 0.2548822301507551 -0.29016632187832997 -0.8032793299753477 -0.8848679155865566 -0.5554632913339542 -0.2097082526887093 -0.43897675693586025 0.9494906345751534 0.9881857228757615 0.5238897603703542 0.11931669597476466 0.03756929951114324 0.09696799939484511 -0.20602149000034858 -0.8760610009568358 -0.2027694930769199 0.16809922713314246 0.16694092047825598 0.21281518423602652 0.9823483481546732 0.9592475693148617 0.45007660126085597 0.04678988459314671
first-p 0 0 17 0.3827113669020676 0.81398881049864 0.7799501631137552 0.2540073117058776 -0.5263849622877923 -0.9802827794314822 -0.8974850936905762 0.20911573280157852 0.463544467796374 0.4947505133390405 -0.29366842638178453 -0.7754317289415743 -0.6961944300718774 -0.07780341788714512 -0.3550844829671074 -0.8281080532515913 0.9968054090393846 0.9973181999131272 0.9159591102908109 0.18257883986089765 -0.4940972947125587 -0.686341523147856 -0.85672812981792 -0.9944175950009083 0.4637603170089583 0.7184561974129275 0.08691128378335897 -0.3147546250515424 -0.25537104664713556 0.5999724319000967 0.5990881125744528 0.42531146408717413
first-p 0 0 18 -0.02363723827676434 0.2184699462431541 0.34997829743331244 -0.04066558166903981 -0.6961738782674227 -0.8997605165103613 -0.8038862186406965 -0.03558592374404675 0.28074048347733654 0.3590745846998505 0.05760479007057376 -0.31378035434986934 -0.43146751619140816 -0.21696006354911584 -0.4233988772476621 -0.704488614374917 0.6348954276774875 0.8963553022991305 0.9983489870393082 0.7614512192226173 -0.40562581006255183 -0.9926372506683697 -0.8514092642189083 -0.9715652100744496 0.7052177510069927 0.7124422546881398 0.383569038977135 -0.8452282074910035 -0.43301094993946887 0.19756491353452063 0.687517143510368 -0.0828564036883758
first-p 0 0 19 -0.06452115938060045 -0.04274060908219635 0.03921243156825025 -0.07764647128112001 -0.30042951006426205 -0.5764427510949095 -0.564342074836159 0.07578871750315827 0.05792000633831517 0.10377933506803846 0.43774979965258 0.7312597524656019 0.33060218513838746 -0.06715444298797106 -0.09696233102777903 -0.43152416561388296 0.38534952348226814 0.6646803616555376 0.9360003814457627 0.19980880474840448 -0.1499101846843352 -0.4925763084615484 -0.7055848960343977 -0.9982441429380079 0.19476828049980502 0.22265315831766586 -0.8979322352716069 -0.28441957996347694 0.03988586512066731 0.5077017006229576 -0.11037229974006448 0.013880543951346181
first-p 0 0 20 -0.21589010846579687 -0.9452767757656018 -0.5965093384249222 -0.3880519686792578 -0.3066747857927036 -0.029299971800834778 0.1885261678235853 0.3925874328767362 0.1778231762023469 0.49909569407471654 0.7538992517357879 0.9235362177631674 0.7530743052125688 0.4283562478851953 0.34527764354639756 0.36470837452321053 -0.23667409656644994 -0.3986519105371532 -0.28280647446586826 0.05918106654318736 -0.19255099265126155 -0.33877290290798856 -0.9587409493570284 -0.9999521426254729 -0.7542090926756023 -0.8029145540303415 -0.9964251908851971 -0.966620245513889 0.32342669642814587 0.9742181793928919 0.9836486972888207 0.902642337118387
first-p 0 0 21 -0.7153274165003305 -0.9983537095927921 -0.8337804028752167 -0.5396256773121358 -0.27820148885797813 -0.027706703167274083 -0.11568913751825066 0.15128917616459225 0.20787136543181464 0.7086743896998088 0.876156148814851 0.9636978764211209 0.9675352508925633 0.9284734872549519 0.5421774018211059 0.8901748405263784 -0.6785554335379772 -0.9355283903701744 -0.7695613870472969 -0.8441712612670912 -0.3649681089456927 -0.8158313655111636 -0.9489190912606965 -0.9998945604883888 -0.9784173571540066 -0.9989145279674755 -0.9890473523814507 -0.6981622594353315 -0.36308467428452956 0.9967741431075049 0.9384549164717706 0.10874166729314351
first-p 0 0 22 -0.9426036821258837 -0.9808745417973023 -0.9694913608099494 -0.8660463310765035 -0.519665432110434 -0.3443888788462821 0.3333557221286923 0.7038097541964654 0.6277374708337762 0.8207697882511941 0.9977943429615468 0.9997590122489547 0.9999987917886854 0.9725100623755203 0.8661362454808315 0.7905841467087864 -0.6774884386405096 -0.992629081050457 -0.6665815848660172 -0.3724989619087038 -0.6567688460299744 -0.8319033824281385 -0.9929339307797445 -0.9858776536215864 -0.9999619336259371 -0.9594011439120311 -0.9914444010470924 -0.7398268223806292 -0.017156702060511963 0.9900155576734075 0.9488070801632393 -0.027807810880493198
first-p 0 0 23 -0.9729212832186417 -0.9999753932711672 -0.5023826546427966 0.17806837749201232 0.3804727428284319 0.11670965968924428 -0.06609125816284521 -0.12390024122908064 -0.5380268456564953 -0.5612022612394072 0.5328758805777161 0.999983007128645 0.9457453030555031 -0.2546639736518716 -0.31825186729280996 0.4672487779400593 -0.31885432487152415 -0.9990761419378182 -0.28231366796523033 0.5265954818454567 0.5268360037842095 -0.0322729211546542 -0.6405374977000146 -0.998640749913566 0.48732425708227484 0.36408938633613874 -0.6975362853839864 -0.9995432526554462 -0.20161079250563346 0.35338422113967605 0.5778802354986075 0.0
first-p 1 0 0 -0.5425433999296089 -0.5262528572393017 -0.24564908500384866 -0.5238337500422693 -0.3685773148303524 -0.22664002865787766 -0.044015842560223194 -0.5184174704655238 -0.026197641299042784 -0.17052654019964456 -0.3780013422702343 -0.024158137195934484 0.36078821327235966 0.477906046348311 0.489078184896182 0.7775013574583083 0.10253419178866174 0.05761739059555528 -0.29840856690157574 0.9302166019962986 0.4888327614349874 0.35351277955944826 0.29377687839897676 0.0027708708633787066 0.35948650530951337 0.3790247789605925 0.18015123356661805 -0.08007568115168874 -0.13634593709198015 0.03285436436585138 0.1984902515165781 -0.5918245860057781
first-p 1 0 1 -0.630473456696386 -0.21033917727283782 -0.02865031205600872 -0.492124214804005 -0.284401796939868 -0.11279141865773223 0.3223413423864692 0.38064338227014993 -0.445227392716917 -0.2276741598335177 -0.5917877051418988 -0.5484920196821895 -0.3070497317016568 -0.16221951662102363 -0.39257552928691675 -0.3341702805631811 0.11402479385255529 -0.1352713378817569 -0.5786848025132562 0.30876201129977815 0.9833102460197138 0.7529078682320082 0.5646545067353116 0.32651791409569614 0.39996671728219174 0.43484406213424487 0.3083415825885744 -0.07005058653285963 -0.20646114819159564 0.09927096648907006 0.13860289278246463 -0.603032611449996
first-p 1 0 2 -0.5574891887414675 -0.09261872072361511 0.08085578091707969 -0.2564044260155337 -0.2565109980627074 -0.13317442641022834 0.42534666676927974 0.9003137700692067 -0.08543177215039015 -0.38870136016900203 -0.4603697135944004 -0.6177662512296256 -0.6217112790151937 -0.6386467646157524 -0.9164762581051381 -0.9813117081715952 -0.3021047785981083 -0.0769143176724585 -0.5607352492673858 -0.5279824145707035 0.23225593077598963 0.6930672109540319 0.46882836915030746 0.17835336638965582 0.12673705958823933 0.14984473308253365 0.19195618909380047 -0.09422540629959467 -0.23665975941991352 -0.02268209949423237 0.7931059935040908 -0.5330691047125651
first-p 1 0 3 -0.8511198838856753 -0.6879938521778903 -0.4623458648465105 -0.6132163453931736 -0.6561435494284115 -0.5005788882933986 0.20083858947488242 0.48369772126203847 -0.04940249876943892 -0.04266408679791306 0.15680367501241385 0.18955316714766723 0.1764820096288821 -0.1718226526442409 -0.11952352108036507 0.2560791046416604 0.5400444195079052 0.4119537708270843 -0.3399493412617877 -0.8143279165611922 -0.7491213417987906 -0.12007668640191309 -0.4352725724555611 -0.3250035544611386 -0.32761584087268814 -0.4344865765985312 -0.26948953258423225 -0.23433479807402954 -0.39970306659914473 0.7277576397470789 0.9948439282456165 0.30999767174974446
first-p 1 0 4 -0.9964480410531632 -0.9963926434602456 -0.9893849610389917 -0.9388470522632693 -0.7233367653027465 -0.5455854016127811 -0.0026008129066248157 0.10486851101626354 0.19331048780491344 0.4020089395015632 0.959112371699676 0.980635590792668 0.9957948373807571 0.9986364918100831 0.9994278963180661 0.998052412473643 0.9572897116123641 0.9043787162637563 -0.6394803324999435 -0.8362822436611832 -0.9923505110302874 -0.9999650664857451 -0.9444817992098787 -0.7224440898338569 -0.6747905420117081 -0.6815326388991518 -0.671085090291192 -0.1746978518867801 0.13173312631552186 0.9999207606896456 0.9163167511383744 0.9516867913424468
first-p 1 0 5 -0.07833925994179104 -0.3081167818810973 -0.214059427892978 -0.13210834076039737 0.1661256993024371 0.32420902240940125 0.542356991253281 0.8658265078172006 0.6214050900303658 0.7295711912171382 0.950292265486503 0.4611414786071881 0.5407171917999417 0.25798048534032325 0.5720879236444628 0.6434885139813148 0.3230851323312383 -0.17998010362697986 -0.983467846200099 -0.999994986291437 -0.999429201724091 -0.9790680217227661 -0.8330103816703457 -0.740919520645241 -0.8177860604772619 -0.881230079617553 -0.5057166497361005 -0.06803015055031186 0.5986807588651211 0.7900518364212823 0.9417959657580843 0.9723208262725078
first-p 1 0 6 0.5973774918308532 0.3956642715424178 0.34133302991882714 0.39171709980378827 0.596421462057665 0.8621590458079381 0.9474551545112574 0.9931238745831211 0.9344580902213097 0.21133030072893627 0.632646211239587 0.07707755385834572 -0.25346952778926696 -0.6264412873676233 -0.030801921113694727 -0.9990922746882819 -0.16515804060242378 -0.5324799147509773 -0.8381869067238186 -0.9993612392669051 -0.8681013307481767 -0.8127819997610995 -0.5713088119700518 -0.524120684959916 -0.5873241445072117 -0.5111633287215509 -0.13527699982550517 -0.08275768883393346 0.5366214583403232 0.6536896265594409 0.9681407096214887 0.6319462577801148
first-p 1 0 7 0.5041061811187568 0.20101831292596728 0.04742726023697751 0.27785436384707096 0.4245248611465257 0.2522506770508934 0.5862699678272719 0.9963448340647695 0.9493936454940534 0.26773609547048033 -0.039379077987058544 -0.11206881174355793 -0.29891369135118984 0.18866439032129045 -0.08116235845829636 -0.9864247557166779 -0.1972131134411063 -0.4382488853561548 -0.8512921332893163 -0.5034060776764423 -0.14567072188100597 -0.5435014225781518 -0.4483147639403022 -0.793396896555139 0.2744295454069831 0.1599878678021033 -0.08170198689088744 0.18546642927672374 0.19287739521648709 0.39529698183712486 0.9445416061436601 -0.1389720532529927
first-p 1 0 8 0.5302809083763866 0.5433998632602351 0.6730703533589472 0.9269985872255823 0.9958746341348975 0.9978477656621827 0.9985181803559282 0.969409295950551 0.6345933662566684 0.33750782160415077 -0.5466467593847196 0.12064696568292844 -0.4172130340571558 -0.6980174595911578 0.08053280491904789 -0.20864050046998073 -0.18158270404321128 -0.1545208434324248 -0.48278365004294127 -0.42380879788690135 0.17213373222920325 0.34193966202499243 0.5516274027479952 -0.20430898516205484 -0.9744152004863966 -0.8921937643400977 -0.45939724471495513 0.4430271289744822 0.7721556121762917 0.8620808956331413 0.8202427416231262 0.2952702428919333
first-p 1 0 9 0.06179496503364014 0.23159424488032287 0.5763095629970396 0.8536250981716855 0.8935683379341696 0.9075251693350188 0.9901590833199326 0.9429470669275313 0.9904488540773139 0.9996706774872652 0.9978333502982687 0.8985371000536183 -0.6499034464299906 -0.9943429287327811 -0.9996520592555989 -0.9946478412183712 -0.892092807200839 -0.7879667076886517 -0.9211186003712276 -0.9987667075629095 -0.8061441149042907 -0.6159461624968147 -0.5546830651315376 -0.21789979095389722 0.9864173730216504 0.9976476662645765 0.9923123022283697 0.9154432333192175 0.7874277926514698 0.9997388739433961 -0.835370907365813 -0.7804834476317817
first-p 1 0 10 -0.4685134426449318 -0.2198974289034728 -0.049060453053877365 0.2987238222380303 0.20373557292590708 0.16693849476786948 0.1849421484666416 0.7984735195584941 0.7373096331402573 0.5770476173770712 0.6713149677281524 0.7794881739549485 0.04269040227545422 -0.7201664519187881 -0.6735594056535553 -0.7255149067394144 -0.5466799624809376 -0.36979633240457555 -0.41205687260216306 -0.8759466710781892 -0.8216932508920994 -0.4910995939178599 -0.415637286997129 -0.1090296253670755 0.7655568699775073 0.9193468435681144 0.9574233706307477 0.9969191795674716 0.9617166090292153 0.9627192955175446 -0.7736844781081558 0.14187344028897056
first-p 1 0 11 -0.38246442133344566 -0.37905120028390016 -0.2635253261197599 -0.21311440251003202 -0.18975885059316974 -0.29295641790324706 -0.5451286658667372 -0.6232130916444361 -0.695497053850213 -0.9817925109788129 -0.3268802674321837 0.11614033953330549 0.19876936491800112 -0.06818564232256889 -0.17908598564230876 0.49631063325952396 0.4868764216907607 0.6491521321784073 0.6739981210456114 0.02067349104213665 -0.01081838512565303 0.07650840568356689 0.5821439124314084 0.07487936307782543 -0.8282217986478865 -0.8386319803363573 -0.7925516063932231 0.22655969756879984 0.11838795810767677 0.7414025318419369 0.5152421853704061 0.9562677471847112
first-p 1 0 12 0.1582228997906497 -0.11528884431511212 0.11470296247973497 0.13193740936408907 0.15770680837971146 -0.01942771570946926 -0.5154774202557912 -0.9518597442897941 0.53969274087019 0.020302578366249414 0.06096316096784887 0.1584663377120747 0.3060935781386171 0.44652673945107935 -0.5933537911753071 -0.6940720443161016 -0.39230631171135916 0.48349214781152505 0.4542676533026586 -0.15573153407167303 -0.39363759068656984 -0.2973877109528493 -0.10666886193322431 -0.11863133340100625 0.29362173174488704 0.1832199811207616 -0.4494950130878409 -0.742818323802999 -0.754316223574436 -0.37897129813290736 -0.544114440943875 -0.6635983392610515
first-p 1 0 13 0.7928752020681678 0.8147331367063619 0.8220583353397874 0.8406908894992852 0.7607299069253607 0.41295799333919114 -0.20994894370460335 -0.9150150023917428 0.11949374791647092 0.565993716383576 0.017703859225867362 -0.1574893388772045 0.14198190010573683 0.6960562902029102 0.05494492577716715 -0.7434621624250124 -0.7042614191246116 0.019805876073462417 0.5885623144656283 0.43090149304797515 -0.11440774658943395 -0.5852315113319445 -0.07813408874731932 0.11446486784361916 0.5528968579651891 0.13733210567381585 -0.547178046908001 -0.9176547025867194 -0.9909687679968034 -0.9468800766480743 -0.9321291413641447 -0.9878351238143366
first-p 1 0 14 0.9685518077914467 0.9640361831868675 0.9830145703980104 0.9727439744328388 0.8411957453724841 0.25823792571591203 -0.16921016914559242 -0.7944891961305617 -0.9994122505237115 -0.998970773514767 -0.9439308459518957 -0.7169743337414975 -0.27882491817018845 0.5564717677407829 0.8419226719772926 0.47494289341898693 0.536763005973672 0.9467152638516668 0.9776337425773003 0.9979782627110951 0.998503052254578 0.9991097132278399 0.9553433986134108 0.5734771702661764 -0.93660762568251 -0.981505057398712 -0.9999976483406271 -0.9902074025748433 -0.970871714523813 -0.9995374187169711 -0.7466825808100853 0.7257645892910021
first-p 1 0 15 0.16020933317736735 0.50253167777049 0.3512135368574847 0.14633257661668264 -0.24558890377847312 0.3132890428855273 -0.7716486972453573 -0.682805296165095 -0.08231728556716894 0.32216556057144224 -0.003106721217497291 -0.657173783515279 -0.7346381827419731 -0.5651577106146642 -0.43502534074242083 -0.12668121122074325 -0.205236026112406 0.05631130028176499 0.8749717128241236 0.9990642260107971 0.9992341424060774 0.9974348374051424 0.9967139800277864 0.6625243339639404 0.2534962476800315 0.3360798389637566 0.565061245260123 0.1557783181001588 -0.37957227047218023 -0.852313184054316 -0.9947137187971439 -0.08899616377964448
first-p 1 0 16 -0.36724209201179864 -0.21914883709000457 -0.3498116617408187 -0.7362649917732585 -0.7945100705413932 -0.19044567239522697 -0.562405396726306 -0.9670061167964322 -0.7506571324644813 -0.25169002451462796 -0.69660460016761 -0.5956024832338734 -0.46584200322158836 -0.14508482131625164 -0.3260492862902364 0.08056487767615583 -0.31379537098891774 -0.1532611402297031 0.8517860758307175 0.9928562464232501 0.9992940246665353 0.9952874997172231 0.9785474672482866 0.4822002930344473 -0.016375265221554136 -0.10943605228848997 0.558316659281702 0.775093189124199 0.15367128415914677 -0.2825669845603512 -0.8929899512298426 -0.998904753567506
first-p 1 0 17 -0.4843674913236337 -0.5808805525949452 -0.6258416277772089 -0.9672022981775598 -0.8502463592849309 -0.1975997782136609 -0.4410447897926215 -0.9778908989733255 -0.8860736574209711 -0.6350748314538843 -0.5592366067549884 -0.34569621463011435 -0.14274926173037436 -0.05017791521414672 0.41692945796905956 0.560568507980835 -0.07986849510179267 0.07318748610274603 0.4012716140910868 0.8571768359723129 0.8694066156625052 0.7272793917079466 0.44462972448441707 -0.10551609712555414 0.11721525894802227 0.08505424097418265 0.6106778750563463 0.6071910401296168 0.2292128073499089 -0.718758657459629 -0.8006831042128839 -0.6678697552243109
first-p 1 0 18 -0.6119615428469046 -0.9758436773318324 -0.9367578082544494 -0.9991728131146876 -0.7178731999581093 -0.4363840200202201 -0.594783109611867 -0.999366620430802 -0.9597837157072999 -0.44692929029276884 -0.35523822625043566 0.03144047581818028 0.38173550304057347 0.369819882592078 0.9059433706062533 0.7097152895465262 0.7725980817438135 0.44333640955851383 -0.05743953409967192 -0.47744539923183665 0.21745042326536823 -0.12112509478031508 -0.5245019206849649 -0.23677213217139925 0.7089907782648791 0.7017307416202313 -0.1051866962438181 0.3772304115306914 -0.8010790814389915 -0.9802898066082792 -0.6500554553534531 0.7211665854300755
first-p 1 0 19 -0.9979163391748744 -0.9990862026548474 -0.9992308968454214 -0.9969809554337487 -0.9538040204793369 -0.8171375372054159 -0.8255410483856144 -0.9971238991716258 -0.513763484887409 -0.20861264301233318 -0.6175714710864998 -0.2678150506225176 0.9014764276440292 0.997742592449062 0.9952880519536339 0.9021013770587217 0.922770689148712 0.7471278450368876 -0.3519989856993718 -0.9798349052493558 -0.9886996189581083 -0.8702692573809518 -0.7086253978570963 -0.059233698938710666 0.9808492834840372 0.9748977234003413 0.16724058748959414 -0.958699902228742 -0.9992042422666029 -0.8615329263496299 0.4243897007039066 0.9999036606091681
first-p 1 0 20 -0.8585759067397276 -0.22901696270264404 -0.8026061357676388 -0.9216374935972127 -0.9518143599247699 -0.9995706636613892 -0.595517688832757 -0.4119254152834611 -0.24063562389395177 -0.36474976246940555 -0.6569900442413258 -0.38351121819277123 0.657935476189426 0.9036099406811089 0.9385005854377751 0.9311217973781076 0.9715890962821963 0.9171023139350798 0.14435320790672268 -0.7634549939804121 -0.31254038551502716 -0.39808471679747215 0.09639798354399737 0.009783274437835046 0.656634330906818 0.5960941359603008 0.08447981397587528 -0.2562133895070061 -0.9462532282838331 -0.22560793190931752 0.1800978631800117 0.43039146278876855
first-p 1 0 21 -0.5873770555589911 -0.05735739309200748 -0.5520962232992012 -0.8419050590092797 -0.9605227387194978 -0.9996160956085094 -0.14417981160218146 -0.2123323914927148 -0.46968497550151267 -0.7055356896597107 -0.4820273881159954 -0.26699513662503677 0.2527361040300027 0.37139868532969883 0.8402640447826595 0.4556190879384188 0.7345491975464189 0.35325151211479666 0.6385728396712785 0.5360735785792172 0.2043211414760039 0.5782898780440398 0.31551950532569945 -0.014521291462260149 -0.20663851339904948 -0.046580745115504835 0.14759855943484887 0.7159395641394272 0.7621126485271794 0.08025775745869655 -0.3454017512259633 -0.9940700427003658
first-p 1 0 22 -0.3339136092505456 -0.19464103692164267 -0.24512548075398527 -0.4999637511149454 -0.8543698488766301 -0.9388270874484826 -0.6532343943818615 -0.469684934966042 -0.4347945458602803 -0.5712590959399159 0.06638109033403312 0.021952617770880672 0.0015544842133615967 -0.23286085668991596 0.4998079673878447 0.6123534167233333 0.4646538811730841 -0.12119202718382634 0.7454320832359637 0.9280326090051675 0.7540919591697393 0.554920500886949 0.11866848404814816 -0.16746716719881286 0.008725325155934171 -0.28204511174683766 -0.13052968870096907 0.6727973490481223 0.9998528129551902 0.14095813408459923 -0.31585617713147307 -0.9996132880539528
first-p 1 0 23 -0.029711493967003615 0.007015187251555212 0.04617376897284446 0.0480025494664137 0.028596214905663563 0.06263402579605404 0.10523149867843481 0.1676866106479502 -0.01332912193733498 -0.15512352251629258 0.8002230797181925 -0.005829704448127396 -0.3249089437803376 0.036407588143931295 0.30951097157294244 -0.0037270388982109937 -0.10854826149281313 -0.0429751394488052 -0.5016941341476603 -0.24620991152534122 -0.011146185824661065 -0.08679488242483077 -0.18925614844627114 0.05212151774527114 -0.38072994709818425 -0.20513797204369252 0.3251425071860709 -0.030220623272376807 0.509466121270198 0.22536820016721468 -0.13314749456181407 0.0
first-w 0 0 0 -4.560365378737498 -5.788515414328674 -5.196172362928847 -3.9317155423107017 -2.813382198841999 -2.2664092021583704 -1.3178200451662194 2.192467252144847 4.338792077632607 7.120079832338011 8.529189680126448 10.028177211965213 10.91881785794138 10.476002752243504 8.73869168375709 6.701982164867457 5.840204243401386 4.692907202771266 2.499625510466828 -0.7277684578924696 -1.0308493510753505 -3.243021415334324 -6.329701992655247 -8.724527460140155 -8.833683515412343 -8.824332534913648 -9.155311238085362 -8.572017767290294 -7.112090529198365 -5.591539707310262 -3.441298979826348 -0.07284540843981158
first-w 0 0 1 -7.405402002764159 -6.753828021776293 -5.763086227610741 -5.156234764826632 -4.129520589355778 -3.2734628020801324 -2.4771240116239923 1.9480694392612485 7.241267647418465 7.936354419009591 9.447102927722156 9.445502447870068 9.67768550542523 9.525689040261515 8.7217729656562 7.6376728349258025 7.197392320105622 6.937664468072784 4.84499722849169 1.7531393238251538 -3.47647628139502 -5.021735103295546 -7.649335147741394 -8.021167509222543 -8.828977346074582 -9.107476908518484 -9.830836571929218 -9.762281641947357 -8.819953939036637 -7.6353280047485255 -5.821185771115432 -0.3449191625820702
first-w 0 0 2 -6.4958053888505205 -7.979482023386083 -7.17997644644284 -5.953239361359751 -4.919418181545744 -3.8874594736964205 -3.1249900918775984 0.11492242753309281 6.5946132669528 8.515305851170012 9.071468260557767 9.36877670164424 9.50313484387036 9.47208521764825 8.933855925319765 8.287474893713828 7.67316996158156 7.2541045493302585 6.719700419872138 4.856357794251477 -1.1492211991502297 -6.73973487051933 -8.43506682716248 -8.773846959256687 -9.1354398914807 -9.44241015105821 -10.989915931537407 -10.18248237044565 -10.040771990270901 -7.29786472020965 -6.782576208325415 -0.2775128662604186
first-w 0 0 3 -3.497508771123997 -6.655009131647606 -7.930195020336595 -6.765499063992934 -5.895387527340704 -5.223156857830126 -4.931523956978443 -0.7492940438961729 5.499236959877833 7.747119380688649 9.001340716566434 9.710502303590873 10.273385272925104 10.346283518289617 10.009404978786115 9.185958726580365 8.168113922143641 7.769202499579245 7.916065995940621 8.351910157255325 1.1107244996117371 -4.420139029043329 -8.086894718482831 -10.023821737413723 -10.477348414669905 -10.557362355263267 -11.10460450700557 -9.485050978723025 -7.473596943681243 -5.141249014851459 -5.154058811867779 0.15747729089985835
first-w 0 0 4 -0.7204182079860886 -3.4842105573899764 -6.407753623769108 -7.24844134112894 -7.481235981398775 -7.396266742670449 -7.372513293340689 -1.5566258605345196 4.189770589430984 6.013406911970857 6.939529923590186 7.689918263391362 8.302927740768592 8.822071181590415 9.449437405181515 9.707696328421937 9.364317441925076 9.234437950954176 6.344175428041208 -1.8571579641252483 -1.8198511736855096 -3.1417109300137227 -5.280547867419899 -8.051767442746124 -9.24031824885403 -9.470183887193249 -9.059216532220193 -7.573523930201244 -4.465305729495656 -2.3168326510804915 -2.244500313572044 -0.5769661549183682
first-w 0 0 5 -0.02832946080803575 -0.9647057971506688 -2.936451745495897 -4.852302737210835 -6.093822719338102 -6.111201525063841 -1.7464887698872529 -0.32158172747777863 2.6322597231480778 5.47606017128687 7.1926913740074 7.824289420472625 8.181869420190626 8.504013847822986 6.514520995679365 2.7469026500460414 -2.8288385453468625 -5.06013718335364 -4.071935387756663 -3.5731776873374064 -3.106939334155122 -2.8600447496740258 -3.189381549779354 -5.6434397587869976 -7.001658907434994 -7.2467986890317055 -6.613134847215514 -3.2054512846885235 -1.1276723897949028 -0.7235343589459043 -0.29570822818668513 1.2583016350981227
first-w 0 0 6 0.1143147118833619 -0.31945477627366137 -1.6717927095763583 -3.011504114122473 -3.2980923284682726 -1.0307043485454144 -0.03782545825988326 0.8773955205963241 1.49969699018795 4.666766702943917 8.2613483341076 8.611685056337969 8.546689352964652 7.661864274003609 5.430431846161357 -3.821757183927623 -3.64210589719694 -3.9134839772523087 -3.271143846818164 -3.550306513218213 -3.078172341146021 -2.612047331301217 -2.25735978849888 -3.7368566602493978 -4.532720175761349 -4.315173931879299 -1.3719842281586665 2.158455632427598 1.6323372787209316 1.5928364027081499 1.466173232217587 0.328744916813289
first-w 0 0 7 0.7556838256374614 0.7165987216121014 -0.16862280140759944 -1.1607824394661674 -0.806738547842026 0.35832952750025804 0.5473162901131611 0.9956844636359559 1.9049611164594862 2.7243456812896367 7.543748811615728 7.91783279309204 7.307558898072329 5.80895256079148 -3.174549607881228 -3.496207909410126 -3.9658281345485737 -4.015560634478687 -2.508807490996825 -2.381285231820515 -2.308008004695416 -1.9116147294104524 -1.6247358052734548 -1.9680532359777319 -1.7027891792440435 0.7098275650041042 4.626591350245493 5.270930150324884 4.423049434049708 3.3978288562209955 2.6592837173280173 0.12261641660721967
first-w 0 0 8 1.695825884431373 2.3020057151638373 2.2563594938653084 1.28090040586654 0.41628336005942845 0.5282868959297091 0.7785016392539578 0.9029541118831365 0.7820869108096938 0.525712826225952 3.9167242737672248 5.498558175534884 5.939555100485363 -2.7419020736018873 -4.2611589042813325 -4.3357797764098285 -4.558344493164144 -4.78815558058892 -3.3284439224770477 -2.2092716027158703 -2.1622114497652025 -1.1226454918515116 0.032463402629676445 2.370338685656252 2.8092411687313374 4.653833303530135 5.5951497051838475 5.193376283045915 4.410614036061364 3.845582362440407 3.6596585454539046 -0.06808812243224302
first-w 0 0 9 2.350475977346443 4.102760138573585 4.533808835503922 4.005580044259533 2.7928311388591034 1.9622794304965203 1.1582351586118618 0.7666955239596972 0.6008229546439907 0.41230313516763817 0.8809785493489883 1.2261107217881353 -1.922250153375792 -4.967305065110558 -4.945750017174613 -5.05534308553309 -4.87324065851263 -4.749049407310395 -3.3588475608473596 -2.771870205116151 -1.5795885305505193 0.16268291287747524 1.9865482893071476 2.875435262936078 4.494904170964424 4.714936885673278 4.327587739373463 4.580870539410934 4.335732906631824 3.9658166787749147 4.163805373054377 -1.124032709188264
first-w 0 0 10 3.736987797287618 6.823645471277542 8.835563566114493 9.026947589320413 7.697253568137675 5.8018664874785575 3.8064546855913846 1.162157882484081 -1.5466103715109045 -1.7934347136971556 -5.045192470279757 -9.776602080435538 -11.58841059174437 -10.141932029183947 -9.033849651537983 -8.450981207595607 -7.237815627372227 -5.871739496818941 -3.9602293396269834 -2.065090892799642 -0.2350486405043864 0.9588765206926939 4.513242152797341 7.002941845130861 6.409189972606473 6.394241678146778 4.621846356548719 4.249730730606812 4.290804973395636 3.2309962221018758 0.9803563376180157 0.9193885152033001
first-w 0 0 11 5.338338699133821 8.07146740055178 8.937635823009817 8.266691840595017 7.60720234689159 6.9079127396614135 5.401492434710257 3.7837769641257357 1.9324942305781645 -5.477298397493204 -10.508450142820903 -11.709435478609352 -11.84981452664248 -11.38421893617937 -9.787200685629292 -9.551530018981497 -8.263298372223398 -6.751314003493947 -5.407993943530937 -3.553368468310064 0.5339743337547658 4.276966209630252 6.417567341126987 7.766090831373837 7.474705488136413 7.197707633662114 7.183870218659587 4.4567453639149415 3.050939190644155 2.0537710487772056 0.9891238334033292 2.3248026864379767
first-w 0 0 12 6.77157275412554 7.086409291422434 7.165458582956543 7.004574591864025 6.7658015312518085 6.5634526343743795 5.684914214961711 2.1669067616985482 1.472786066531783 -7.8633474859626675 -9.799863666259316 -10.376943513045974 -11.168739627864491 -11.603749008028053 -9.739335661637556 -9.27849561126786 -6.543520364828068 -5.5653554884309235 -5.577065101044978 -4.733833742581748 -1.1067476022637792 6.2805274878924156 7.547688501131937 7.785550750363346 7.994030917358224 7.321169965773137 8.225785344421311 6.222694067114807 4.0142898659539386 1.842346167210802 0.6128292987743066 1.3629904610662327
first-w 0 0 13 4.993560622667807 6.766423341640369 6.823523437147949 6.7059297954110075 6.4551510260375515 6.453490101586733 6.489878514538667 3.3604503377068378 1.2410478556062183 -7.462644469589688 -10.402519845631563 -10.631759858092684 -11.124162803732766 -11.552424736125449 -10.23538999452621 -7.2884196436019195 -6.648858857851626 -4.960481716298479 -3.8727744157375166 -2.6404518195132454 -0.8926877795418633 4.535552750537493 9.414631788303964 9.256191153585588 9.147108685559905 8.87373846233541 7.854281655661206 3.778663020182519 2.645013069448079 2.0800126875946696 1.1666777136011968 0.6913439759472086
first-w 0 0 14 2.4898416556312464 4.770655820019597 5.751371692571469 6.016214676616946 6.1951343285426255 6.187237839184165 5.387944658562484 2.568169006372655 -0.7915702689483669 -3.98569092991925 -7.911831614058221 -10.126253986224963 -11.308674665474374 -12.149375957717801 -11.29569617633408 -7.33571717249127 -4.148544377940825 -0.7733129569017011 -0.7367158923877815 -0.42707697291708385 0.09815331953282783 1.155162862645987 3.6309488481290426 5.92090244560668 5.903144803100498 6.428635933462869 3.3634335512725313 0.7434828797968838 1.0875120385245167 1.3850671987786074 1.0311438333214844 0.013237149690079636
first-w 0 0 15 1.4838219352860487 2.657884699437442 3.017560143717321 3.4712002761356073 3.4654478453729918 -0.05322570593169948 -1.483724883363031 -2.092450019680136 -2.434666053561785 -3.658199527941101 -6.573982714674028 -8.785507705278407 -10.340532090508134 -10.97315627758468 -9.797977581653807 -5.099820401905429 -1.230202939825025 -0.13059455940837605 0.07535275760441842 0.26976125993191424 0.5691772039526162 1.1751526196300004 1.4915722320179994 0.21175494551931393 1.1459664351283396 1.8433090365594007 1.6429296922174967 1.3339279052538078 1.4423347868978786 1.5440374903253566 1.1150565122326992 -0.1630643634679236
first-w 0 0 16 1.516498507904175 2.310353853568981 2.5201641063580156 0.9947690045436577 -1.2365230991841623 -1.350619574191027 -1.3127010060014257 -1.4869654578790896 -2.7396620296274827 -3.43239201230488 -5.542024044897854 -7.942399466156036 -9.305369825359971 -9.220133407327337 -6.010028545317049 -4.6259240892380085 -1.4515041052810984 -1.2411144259800968 -0.8717864060145774 -0.5465787010340387 -0.06450816858468705 0.49518679055960824 0.30029097253537973 0.540909416973428 1.3442787074642564 1.4500581357134212 1.7292585971621262 2.0540694099575956 2.5080425625760414 2.1137661102331147 1.616420725765746 -0.7670819590976559
first-w 0 0 17 0.7311049779607998 0.6044486225052471 -0.37494909456256015 -1.6396179347011945 -1.2701915072569425 -0.9547770684670572 -0.5722672374808079 -0.670989992725596 -1.659009762989792 -2.6284618209070287 -4.3650303162528425 -6.280831701398894 -7.005106198309896 -5.0948782188209 -2.4335140033795315 -2.6329146260922816 -2.84544320909157 -2.4633797328370948 -1.871845628644026 -1.4820890923786767 -0.6792359353134834 -0.5475689838098906 -0.9485778377451587 -0.5474655390355623 0.6121994084380663 0.7943999596637166 0.7457229823829774 0.7896048924961315 1.0456926405191218 1.0384774837717137 1.0815488273521812 0.7045245770765075
first-w 0 0 18 -1.0857166350287697 -0.8265705535773119 -0.7342611787243982 -0.7762111347568181 -0.9554603990836972 -0.7165285887880424 -0.18551903042062906 -0.4139504798593744 -1.0159057944294583 -0.7001365842401679 -0.5561971158329049 -1.219599105602314 -1.5345670239196547 -0.5111287622585821 -0.9333784078375859 -1.3546330053689655 -2.078666946570315 -2.134991515680195 -1.694082727433416 -1.4573596632956531 -0.6380675422189189 -1.216964622674939 -0.9979626974961188 -0.8359796503683782 -0.18625182730802428 -0.11202324279728508 -0.5489408846051845 -0.9254813830848871 0.06805122463184123 -0.29723149146655187 0.07048606552197652 0.6012009899845077
first-w 0 0 19 -1.327273902918296 -1.4680145433426468 -1.1475284895176234 -1.1355056651870241 -1.0318304296568164 -0.8857523613417844 -0.43219667055296 -0.2528092829656396 -0.34240835407817893 1.122668116978752 3.6334438786719745 6.1601388784935045 4.97807287189007 2.6842288019370266 1.8728654719485844 0.8293513093048938 -0.506309661452059 -0.9036138756735875 -0.8827644405234408 -2.3428958544052514 -1.5669586664827342 -1.081327550346196 -0.9323575111277619 -0.901005688455992 -0.8510389466966178 -0.9939096358638656 -1.6059796282862357 -1.298712859824988 -0.6387504556065764 -0.8612667338409913 -0.5812717203755864 -0.36039013426340183
first-w 0 0 20 -2.150242395002011 -2.749172914219778 -2.4585659946701983 -1.5944343528526739 -1.06744767714577 -0.7724187340532265 -0.38604131730780034 -0.04264483133049093 0.7756009189636764 2.623042947940438 6.1176476721977435 7.171339628806162 6.585648962510259 4.1912136196172 3.932887002912125 3.6145653103935502 1.052903496253071 0.5552150010706792 -2.270074596583707 -2.744595704326421 -2.7070666426501315 -2.1906332871547303 -1.5956214210787574 -1.1986312096399403 -0.8891699193125315 -1.1204458572888942 -1.5689506868665344 -1.2216343421386486 -0.5455587007863446 -0.6108491249160777 -0.4737442786897879 -0.7813850841688073
first-w 0 0 21 -1.8405748174159058 -1.8281758520870357 -1.2965437223554013 -0.8818170353266224 -0.7594289063284659 -0.5939730405185416 -0.5394963343986663 1.9193985944014447 2.048479379549589 2.0104213659538104 3.0734998662229116 3.593807300489933 3.653455846371948 3.9086441142762998 4.1329871165989704 4.054367011994641 2.068024478133731 0.5596070808522448 -0.8805030520115669 -2.133909534764944 -2.504486316326919 -2.1479953202179622 -1.593928113029442 -1.2118794434295845 -0.7240167528551132 -0.7892253046511125 -0.7111240678339061 -0.47509102122413455 -0.3708161668068523 -0.3706536914326043 -0.2985491870436848 -0.10200185274865081
first-w 0 0 22 -0.05573376332809826 0.09678037523395813 0.17501920332698429 0.32348250760449626 0.4012434386991862 0.1064131260693163 -0.15030230218584947 1.2650479030711836 2.7555507488022144 1.676151263068939 0.7352252737829433 0.558963703886261 1.0389164303652385 1.5125073800960294 2.141217874523483 2.757453088742911 3.3071240055985305 1.6338870810543518 -0.16759638082598083 -1.5792029134461294 -1.6339684719508583 -1.1612127828577172 -0.882851775700075 -0.8918573147911925 -0.6413793834517125 -0.45143135855457217 -0.341138655504579 -0.2788872075323151 -0.14881458791886787 -0.056036082114151856 -0.08054909239723801 0.6129584707007066
first-w 0 0 23 -7.302813185064338 -9.795725271814577 -8.758324342490361 -4.78617536455279 -1.3352119255252013 -0.09202032061098328 0.2953434482347893 0.8552317846925661 2.342356364405758 8.003217853833455 18.97975299196801 19.913147683041576 19.694876504091887 13.742319873308968 7.668998277440191 3.788414265738831 -1.8667594362345437 -4.671883423399866 -4.916651319070278 -4.0483464274106336 -4.126988902689708 -5.208805241153457 -5.554987532360571 -5.381600607828206 -4.712270327698697 -4.4247681266097585 -4.183297905043777 -3.7433545174302743 -2.224969921611825 -0.9089299204025831 -0.49523908160135816 0.0
first-w 1 0 0 -3.38894018072074 -2.871869312540901 -2.304621925134455 -0.7460366653596434 0.071482006635362 0.9977620241204854 1.653226890129395 1.8782675954021604 1.190841066512466 2.577030246203053 1.9840762635823688 2.9855457758097197 2.982517278542598 2.6646844635531814 1.7197718969266649 1.1556364359185065 -0.2116091933984936 -1.6373095744463741 -2.6195410512411073 -1.6979539517254092 -0.2817908551876503 -0.6185346235072272 -1.075109226472407 -2.6717313950938104 -3.605008673897921 -2.078499219107216 -0.60557040582016 -0.4382923232856709 0.33017672655111685 1.5411075480015364 2.2153070355080193 0.13132717076252648
first-w 1 0 1 -3.957261058786379 -2.673796613396017 -2.090974794863026 -0.5700261875933031 0.5740793088051004 1.4889383983466304 2.32634153201816 4.655836591561568 2.891527297376898 2.8069242555964307 2.855290119558681 2.499822460892188 2.6557494070663523 2.606169791409074 1.8845365865425907 1.0436502396963276 -0.30633598064474143 -2.0344161622010533 -4.064739616761014 -5.292778942593242 -2.092080657824073 -1.1036138032349432 -2.4098909707167318 -3.1963116190690872 -3.278207915086904 -2.7373244445920335 -1.0651661254693545 -0.5357500736452921 0.35519024167214824 1.7445872910043658 3.1568140385027132 2.0411419534725734
first-w 1 0 2 -3.340932993494874 -2.685027710560575 -1.3732676554803631 -0.5830596106891267 0.8084929150610527 1.947699314430063 3.2293520567885357 6.2215393526458165 5.136227393867216 4.036446232624899 3.137532368666829 2.3455237336388195 2.2347538971717875 2.188295721778652 1.5791229402796036 0.45629230660280723 -0.8267925703139858 -1.9388624306298494 -4.190671959982697 -7.559398896982004 -6.714637152648963 -4.372757411455573 -4.015091373329063 -3.2669653309326505 -3.209432326291199 -3.069987439288474 -1.585964339532111 -0.8141195228617311 0.27396501719895233 2.0092751151633337 3.045977511291592 6.862089020333358
first-w 1 0 3 -2.6327840355256136 -3.0645423767257243 -1.5314548144732978 -0.676845805591716 0.7896250585407691 2.3166187964959013 4.1273054894626435 7.484388662106643 7.125567032917121 6.183223703743964 4.349244490769236 2.8426252234291596 2.0629367760703046 1.9164304490182995 1.2397582227466524 0.06298198955390287 -1.1242145034683568 -2.056540521208871 -5.08169934873679 -8.392448670942672 -10.773593644023805 -10.366262381658993 -9.254332653760875 -6.375329696344932 -4.288319772817467 -2.930880790360656 -2.421730161210505 -0.9145410735150608 0.8374898478120282 4.230396654364179 2.6862139526543385 14.526267412685538
first-w 1 0 4 -2.228159492011504 -2.2704630993146404 -1.2689915548748663 -0.44709425608774234 1.1001084369692362 2.7269317609098493 4.291268433384875 9.717418788043355 10.103662903006676 8.926444101444236 7.5537467901062945 5.3291533889626805 3.6204842216889213 2.9152423374845613 1.6746382891102192 -0.21448030404613525 -1.573573163667171 -2.599179279981045 -11.269197411527978 -13.332490894403735 -11.018555118988628 -11.552843038558551 -12.006338643606542 -10.099736851157841 -7.347527431885644 -5.317104504507189 -3.803337224475569 -0.919843027797976 3.4398750363884747 5.152853425550232 2.405473773760477 16.445773377960755
first-w 1 0 5 -0.04265760330568113 0.7605729134042791 1.4624642534829817 2.486034410777442 4.263871916931181 5.893700238712129 10.444560733786764 10.306005315513321 12.002763165821902 10.757464281677656 8.17067175246697 5.661457259673635 3.933426258867054 2.8211575572529752 1.4977259356885448 -0.7263425246775118 -7.218326017741981 -9.59993708400179 -14.039142463121623 -12.998069295375434 -11.51774406564941 -11.79567077855592 -12.939819953424472 -11.579783285800227 -8.950112465462706 -6.95011281510724 -4.245142513319303 0.7699681941172827 5.42958470209492 4.15072311725847 2.005577743604071 16.24165731733112
first-w 1 0 6 0.9576189112584773 1.8422877385915533 3.4251287488824302 5.384566900848702 7.327580715106922 10.268712793585676 10.105775736258057 9.425687271502701 10.40441198324862 11.647313810949296 8.034628618997921 5.993409729280089 4.172921816014491 2.7933588541321583 0.7995366026547278 -7.50532199102487 -6.771593287926 -8.654154783083037 -13.448555897814101 -13.009150686602506 -12.287715632278772 -12.702919704641461 -13.798856181042565 -12.09037187294533 -9.456234310257695 -7.015651919400429 -2.2816750670883903 2.609341425129313 4.699614016415775 3.027142643506395 1.519960778553906 14.944005375889198
first-w 1 0 7 1.916766311336044 2.493143525384541 4.269144744415819 6.699670732002818 9.020229510279776 10.099612883538104 9.571730411357795 9.054539937603124 8.598143013911443 10.757646475682957 7.450796012327763 6.548688647859676 3.36066490547825 2.343418644435663 -5.908772564767247 -6.951602236032635 -6.564680952594949 -7.813383818847039 -12.402112453951553 -13.325189419749414 -13.225507236119574 -14.012959905051902 -13.763649773620307 -12.074657926855206 -8.3801438182146 -3.795551055116009 0.34523240388390475 2.382322987995882 3.076556908145858 2.168525932917317 1.4775420559369188 10.628327636627171
first-w 1 0 8 2.5906989275176455 3.327063497762414 5.488205733460986 7.7987537604336366 9.290835246313522 9.214394412206541 8.663508459337995 7.778113833906466 7.469482017327915 9.35091968668486 8.132881123712647 7.171153481999239 2.5198517668543157 -5.3121176019728855 -6.450512275270187 -6.702095307829334 -7.058802293492229 -7.761989861169517 -10.749289347442017 -12.032239463102952 -12.81713941825074 -12.365849443356826 -11.133367865730824 -8.455314233379363 -7.487698027997744 -1.750100029241412 0.10290186411475305 1.5821915698619302 1.9320530889472853 1.9512026282822699 1.6765333228888695 6.2634726141548525
first-w 1 0 9 2.522138110032063 3.925816141915021 5.942005602515567 7.3822783129518985 8.265302295439087 8.017692903449335 7.79243941713186 7.249338543623659 6.693021730011894 7.192813738871521 8.089223503662259 7.792998397833356 -1.3010690767463742 -6.277315773261066 -6.712059415387691 -6.763982258790203 -7.467344720735617 -8.332007666409181 -10.273682607996616 -11.4495300205529 -11.801869153724926 -10.972764620241344 -9.81230976077524 -6.7648971124193515 -1.5877988344472547 -1.7620513645662623 0.37032267009848197 1.1977175487598035 1.4707411254311429 1.9329418811824368 2.2090192547345815 -2.9521831745932405
first-w 1 0 10 1.8671221676827319 3.403125598361021 4.761276558942342 5.353621721497983 5.266877169231716 4.651042218634217 4.409611511693838 4.452399322750506 4.423028118351633 6.58774827813129 7.185741606876944 3.39693535752688 -2.539896988419325 -4.555520757331318 -6.0125310375414776 -5.501080883177607 -5.778723474854821 -6.453577216429166 -7.379759489663834 -9.152127228911981 -10.182239173815267 -9.489182340490979 -5.628454446250033 -0.3797536368920639 -0.3265752356826237 -1.3612698544902084 -0.37197893958696093 0.967738073418811 1.3658161532532451 1.77815221301913 1.7757516080776108 -3.0088389475120794
first-w 1 0 11 1.4560808003845325 2.5158058667550716 3.786060480986678 4.819109014351099 4.982565442685004 4.25772533670932 2.822535517928018 1.6514081184521106 -0.24183092917274535 0.8788414697610825 1.1162485734387306 -3.147313116716672 -2.660390750783181 -2.884209575407216 -4.662274756923004 -4.578725199936685 -4.158252584709634 -2.9511652522893446 -1.7176439165372783 -1.6087595195438926 -2.6027750687137483 -3.9922881743855965 -1.061708070235586 1.7171628673234378 0.6121167571803667 0.20783490895720008 -0.8769231272462505 -0.410377704454492 0.5227021375984386 2.1033651660211374 1.8437215510072378 -3.3092417265646943
first-w 1 0 12 1.5320358192331214 2.016254726144377 3.205768904566527 3.9723175594994715 4.420511700711469 4.18254494412621 1.6242110441618727 -0.7426566566388181 -0.659935728354548 0.2609243243801813 -0.35424400936262107 -2.432768496484316 -2.5755814529414676 -2.569743264230502 -3.1422953583713253 -3.9499985400226465 -1.898441587788454 -1.5895112997699559 -1.3283727383624815 -0.04310375148851345 1.3821407316729077 1.3325965032016818 0.8673252065403416 1.652724882663899 1.1975852218956915 0.6153274139916272 -0.5448890161355542 -0.9961520019885852 -0.3610088669793249 -0.3696936395414594 -0.20031488112463114 -3.7248647359611184
first-w 1 0 13 1.5513072343597658 1.752069770093876 2.5765535339216026 3.235369203553848 3.7763453831522757 3.5014054650314064 1.7173957338678112 -3.327873133336638 -2.0090217157495056 -2.1717817873227028 -1.456737801134911 -1.9937210215817547 -2.0777449063654774 -2.1682816601378176 -0.9592664283747527 -1.996397221324587 -1.742932982373395 0.8701034623613803 4.746865694005712 3.0611937986240476 2.7871803652018623 4.964689465854973 2.9849242361086294 1.852422655263607 1.904041256165479 0.4849607634962109 -0.286777818294776 -0.21514972460926357 0.9026185758578036 0.5593467071147463 -0.2085417165632944 -4.07425058880489
first-w 1 0 14 0.9062988284062525 1.0333959230804861 1.7153772054252172 2.840383095970246 3.3673760276792386 3.2018156314063755 -3.2348915251900836 -6.172372831278631 -4.41776976099029 -5.1549497438835745 -5.043098027722215 -3.9802876658898483 -2.5409350550985925 -1.8881305642749078 0.41726165692789075 2.6153841762071384 4.3383842058254425 8.331838038741294 6.338691545731566 4.482491123445558 3.567665309581841 5.61736142253812 6.972818950017518 3.4781203317350213 1.9663232475433783 2.5809988844385345 0.8164535719202058 0.5112517543738823 1.3613503158323954 1.24027640889096 0.31083748571887043 -4.309284687288192
first-w 1 0 15 -0.6680546023736171 -1.0062827895200308 -0.43784395191931613 1.6239066515839444 -2.2274549310398393 -7.524855373260849 -9.950134818728005 -9.44297716703625 -6.893175909153933 -6.540133228855103 -6.311140975983484 -5.324664822185024 -3.284730738618427 -1.642363019529158 0.9206166943723011 4.81986123279295 6.279849555669526 7.9555821158033435 6.481443843556655 5.189829222494801 4.531170140423394 5.3352078847057705 6.999916109655458 4.083410465744866 2.701285247593745 3.7380153484066327 2.817873584309132 1.3088046269052862 1.2327478812275674 1.0904418411180483 0.2662605623469957 -4.576127158519103
first-w 1 0 16 -2.368894461453648 -2.821201002691932 -3.5616527351695724 -6.060893728382956 -8.20393646371471 -8.763249411968516 -10.186581495625074 -10.586593023838313 -9.472002773409228 -9.222340172088655 -8.848190238104932 -6.419640866026686 -3.3687796004578905 -0.5208902980361305 3.741229167986402 5.8096029256445405 6.337241220888592 6.965028574203005 6.437151599821933 5.679515984635792 5.01161224903529 5.9101858375694825 7.014505896237683 4.064664027398948 2.5807454601431945 2.8506493720236175 2.503540654033735 1.2237203521779803 0.4740777584816386 0.6475630206939927 -0.15523820993855636 -4.597705441357389
first-w 1 0 17 -4.117010451526421 -5.963210599408319 -6.347971100081653 -7.706662399051352 -8.415340717518099 -9.251271826909035 -10.484912284831646 -10.970308780604196 -11.615615689378691 -11.263576016458021 -10.210751340060083 -6.755882892107309 -2.170608029161109 3.178781289703727 7.905541599179583 5.550381502627771 5.88507278996406 6.228880338838142 6.230474435604854 5.901891829998596 5.143723261399841 6.362769470032635 4.830697838464031 3.0208703548666267 2.3197198962673036 2.1593810800473747 2.1648979125880197 0.883943607898611 -0.5686021370152157 -0.08157407888434304 -0.27835880295372656 -3.2708202314465673
first-w 1 0 18 -6.268843310990724 -7.291372245104775 -7.044866944055486 -8.029834773481241 -8.87498317623472 -9.846168289702204 -10.99200517529757 -11.47791666241221 -12.566688726159732 -11.629064689717202 -10.017672240720623 -5.470894173684699 1.7302588724514867 8.457732394645467 7.580876309354188 6.1949415908323155 5.707617582511656 5.621318219255151 5.859379378455665 5.85674617605299 5.775152091951959 4.3400361291314224 3.3425280440339318 3.041403442448584 2.2571353858463525 1.7697076696101426 1.539431733458745 0.17621870748457238 -1.7920299423262267 -0.730587834615343 -0.6961819484427992 -2.200913072674143
first-w 1 0 19 -7.119767147286194 -7.562111655427741 -7.716991803586136 -8.242051469849292 -9.166310327669013 -10.409897842006417 -11.340533239307089 -11.960219550098504 -12.562378450236146 -10.783339137918071 -8.884590599070744 -3.782535105741022 4.175720140362227 10.302103095268839 7.708051618613668 6.495121454788876 5.772987905501947 5.056909070702574 5.3613627640628785 3.0680685676231563 4.522914250233674 3.7971288253724382 3.3787975800053722 3.1888532334938575 2.6770759740735386 1.4493946260886872 1.1183321661103134 -0.5344867304785689 -1.51677906950883 -1.0619605052273473 -0.881918856819144 -1.7527906875439851
first-w 1 0 20 -6.106250093389671 -6.510933297757205 -7.40875870600749 -8.136259335228761 -9.022031310668368 -10.464883190104114 -11.420270087842216 -12.22320139954663 -11.390991012251027 -9.758353293860585 -6.602154816947455 -2.29739302799453 2.825794522122191 8.486511973078017 7.438357155397869 6.289654473146781 5.509109626037501 4.687425854274296 2.9375262570403535 2.963002759384181 3.6797413577802036 3.5714445335692098 3.3474993517655878 3.0378700163072376 2.141646401452332 1.5635356135451282 1.1744553413727796 -0.37010869432698823 -0.7869243497832451 -0.9142975267765678 -0.7688566324674674 -1.3104019129661495
first-w 1 0 21 -4.480620155217433 -5.773781551049901 -7.111483366710058 -8.098739013141287 -8.940537322901621 -10.160957636243173 -10.84764181245975 -10.615293025582563 -11.344218071174252 -9.680357720813555 -6.22013855964226 -1.9674608174872479 1.858961361430701 5.9669715135387955 6.703421888724042 6.677065324248254 5.2766980247571835 4.062795714141349 3.121124329964815 3.1500668767886175 3.206290754450956 3.0133225196890514 2.5551851870663924 2.23566900788498 1.485923269375305 1.2953119846605996 0.7047376052422395 -0.2492000208412507 -0.34137648192935566 -0.5564445444457934 -0.35676431898847055 -1.6663967510466293
first-w 1 0 22 -3.5305730696925473 -5.611577441228668 -6.921738496650957 -7.8697337574638455 -8.941439816549888 -9.964824562836686 -10.827069884150726 -9.577625375033396 -10.073725983196063 -9.63020295890064 -6.286906439354591 -1.8217565453126963 1.2777841196026376 4.5490340999794245 6.564598904942163 7.182781148542852 5.7479844611337505 4.039103977004122 3.330328348027652 3.4710945313281774 3.214124934780523 2.877175550964002 2.055650301369023 1.5720648509557473 1.1924270611770202 0.8116403520721566 0.31949012443128777 -0.03485631268595747 0.005805681110601552 -0.22657393188107156 -0.15609844212977514 -1.2862082561241972
first-w 1 0 23 -0.14176527002480066 -0.09340320922989756 -0.3087773312413744 -0.23856066278403146 -0.06857697657985443 0.0036563892051390268 -0.24196510928080253 -0.187084101043963 0.2619972849788905 -0.1329548658433658 0.22325856251035342 -0.020881862956553587 0.7916956581167794 0.1878957632486363 0.008533520260449456 -0.7110125735142939 -0.32146445630969245 0.6029537860035109 0.008050135011859375 -0.5161616217551993 -0.6434404779392842 0.12308200432005757 0.38103682944401857 -0.005469317724617076 0.018135604315997006 0.604267886665178 0.29559014548178025 0.07931509720720759 0.05953822852555303 -0.0837264695635466 -0.37007197397639735 0.0
first-r 0 0 0 -1.144287747544519 -0.6500980610110096 0.06273609337844827 0.7480954265795797 1.2384543272631874 1.2709447372528089 1.1348951769499578 1.607123890200359 1.058878053625657 0.7701782444046131 0.48799007618542606 0.3617949727679493 0.2597118286706315 -0.04168209525025041 -0.49419712397659177 -0.8414993794367995 -0.6870782161388175 -0.9306491341761242 -1.1537772017953947 -1.8017824171933716 -1.6459953723981378 -1.3301702965079558 -1.1277817029505415 -0.6218283265721634 -0.017357726700806375 0.015218479474233609 0.022592690970462306 0.3683157332507227 0.7012082208290777 0.8767793668192839 1.2432264936292765 1.7927235454305264
first-r 0 0 1 -1.670452388279885 -1.5894100520837413 -0.7351910892927049 0.08909781428857474 0.6729596016873716 1.5213861902340393 1.9063317991372257 1.642592548838873 1.8796184711616832 1.5774807791987924 1.5009516291846559 1.4880937835112298 1.1648065809724502 0.41606230262928673 -0.11661251536692133 -0.535238646587122 -0.6901496549774186 -1.130878687338759 -1.6207738046340436 -1.42136300018693 -1.8771061676904277 -1.8712360816235607 -1.6672344879728436 -1.2296024642865295 -0.6132903178116972 0.48623343700995064 1.1089765934153477 1.6827729652665129 1.8078453507791425 1.7916079434354881 1.6444084089766264 1.7560751823867025
first-r 0 0 2 -1.9186589149018334 -1.9915937145889877 -1.5280252006562847 -0.8507962827382621 -0.1737307164462858 0.45653312946494373 1.105851070449721 1.7845569722242922 1.849859955123017 1.646774445484782 1.236994481245496 1.035993869314841 1.2611788619990834 1.4854296807110428 1.022220972856434 0.6959995726718413 0.849151169093748 -0.05405307636658894 -0.7544005801389146 -1.2477427560500545 -1.508524786939259 -1.7033838695435577 -1.531960048496951 -0.7265746277688113 -0.058410237256508464 0.5108940932399723 1.1381142901046783 1.9762500488370176 1.9205913540948563 1.841162887715585 1.790729576036479 1.580154906121753
first-r 0 0 3 -1.920088436976519 -1.917240780435511 -1.8938787265945014 -1.2872942939860528 -0.6159164952364289 0.043847529635686076 0.7377452583266471 1.832575352881617 1.8702158714849353 1.3863123012578658 0.9184503700136244 0.6864946029721243 0.8098580233075501 1.1300147529229152 1.110543459743488 0.8833083301035112 1.3357459647583132 1.2884324277277306 0.3772660609165014 -1.17287742033389 -1.7298188781812147 -1.2822932025032818 -1.1359823674264464 -0.9754459491182179 -0.14914275835609117 0.627914845223898 1.3217694566611364 1.381658161401912 1.1223685486501078 0.8854563371858127 1.2013245420473981 1.0874908881514944
first-r 0 0 4 -1.4029376993794374 -1.4479256806777967 -1.5887365063465098 -1.608535000376361 -1.2571769458821627 -0.4048861953039218 0.8362662442306601 1.6399927579844173 1.7619783016613026 1.2350002892175649 0.5404428593681433 0.3673488187045589 0.39196313594131665 0.5849055989145325 0.6597503410422123 0.6343842255011509 0.6603345008990027 0.20882392381193776 -0.5868245994128626 -1.2706729784803439 -1.4448987284128818 -1.6939503932430346 -1.3374973189656902 -1.0838084356784086 -0.5060890791314137 0.060157120438254955 0.679825273417355 0.8842428538131671 0.9654755395456432 1.0134009908657622 0.7703220157337574 1.070316650232969
first-r 0 0 5 -0.22777598967259713 -0.5865132628109091 -0.9518196984537242 -1.023834509416922 -0.7033861150698798 0.03239454549776443 0.8296448981703501 1.1526184016180616 1.5911000980364505 1.5903637958319785 1.310165511251214 0.8754677885619394 0.003167540242380483 -0.7683212170972544 -1.1339512985742233 -0.9938736200002329 -0.7280701342196833 -0.3217678529566802 0.18038315624266282 0.31196534481712007 -0.33100566918676055 -1.100031383626229 -1.6597339399884055 -1.2806861836451788 -0.6312578898175017 -0.018348235636491964 0.4921291203954389 0.9103517878604949 0.7309007003439136 0.24803773008589258 -0.2625876050509362 -0.842776123899792
first-r 0 0 6 -0.048128004574882116 -0.6756976397501945 -0.9157532036240151 -0.7547027694501736 -0.06294024910010367 0.5891431142201886 1.061952315608742 1.416587999781247 1.549271342346444 1.895535581860327 1.7252152194556247 1.0275086505914715 0.277947913414865 -0.6151426698149449 -1.303355695282338 -1.183495065494045 -0.9359684991031875 -0.2955808422885369 0.7227328389531301 1.2816228812130144 1.0507723296897922 0.11917519225643863 -0.6681173144383111 -0.8922522924415591 -0.39810742988882114 0.205351288518497 0.7284199774065194 0.8766041922612897 -0.19010769308350484 -1.0868396016852504 -1.566507395144674 -1.1516232824755857
first-r 0 0 7 0.7043015345134326 -0.0898702638635361 -0.6411654285795269 -0.5623448876518075 0.1290039047019909 0.8985391136587898 0.7300224150704715 0.6947165597803673 0.9978337754924183 1.570921996158447 1.6739431427491565 0.8952804691330578 -0.12064840642021002 -1.0556062115810096 -1.09861913882329 -0.8575000275702898 -1.0934846747085445 0.31437469149235675 0.8167405923375693 1.191824147079107 1.2158787862760514 0.7564654767226565 -0.041199395231110346 -0.43899806208622394 0.10165065984687281 0.5762725401117428 0.8916845154039464 0.532310321563804 -0.35052882475215474 -1.0078833958937699 -1.029403958707441 -0.9855545878378741
first-r 0 0 8 0.9901012909862719 0.6397580437351508 0.04943914562959973 -0.35674936262138346 -0.5394305143596941 -0.5025528185914608 -0.05661189768490788 0.2297098456996265 0.1649043429866712 0.8283796346011144 1.4763642738205596 1.045652730988074 0.1209369970049061 -1.061211973368782 -1.4310373121537385 -1.0742607129562936 -0.747418692609966 0.29426777641092616 1.089970108511647 1.5206508064948419 1.3824899042984813 0.9268141308358002 0.6173204101628629 0.6703026206187067 0.0783903156096747 0.43459445619981085 0.9339290845299887 -0.10687388495881837 -0.8141738867568283 -0.4720878620623229 -0.7128073896147452 -1.2530768903684977
first-r 0 0 9 1.3667522617368038 1.163420732997067 0.3643844185076855 -0.3770501582513426 -0.8290636197059045 -1.1170054976346429 -1.3428071796297338 -1.4839565631153617 -0.9486979758428924 -0.2841125473038928 0.31344464049571935 0.14371216474113535 -0.4879977853364073 -1.05653649846438 -0.6878640540754536 -0.03114696505663957 0.5867304001663274 0.8700316078250377 1.4460418680270135 1.7200462254414788 1.6996026654817367 1.4243890293214991 1.189250760674217 0.6304133327890714 0.4579510586155972 -0.3295074111810573 -0.9376651964442365 -0.7958172086124996 -0.5222115667009634 -0.8906146410195087 -0.5651685309868835 -0.8352041990958189
first-r 0 0 10 1.7032778300899647 1.4438999730035198 0.8508766073154587 0.1558401569247851 -0.5477399242345691 -0.8306375932097735 -0.8808039266838542 -1.4449835589395348 -1.55217052912755 -1.6625910432031865 -1.2151139477114377 -0.7566684439275433 -0.30374555110115736 0.6232272864977916 0.773627000415942 0.9537422368041967 1.0188664122672877 1.0575391285246218 1.0294313256986833 1.3384087082042382 1.4264724890091387 1.1756327562353621 1.035635914656177 0.5524706017024316 -0.47644518450378226 -1.1669084423632816 -1.5837716108938913 -1.6349947237444 -1.7037223164945474 -1.6519130557010053 -1.1281979730647076 -1.2389939586526852
first-r 0 0 11 1.854614329224419 1.6527948161759685 1.3094566629862479 0.8085257321854471 0.3216284884056028 -0.5863543124119615 -1.1769562096909838 -0.9855706374201052 -0.6948640651290137 -1.5364521861902878 -1.1356691137594577 -0.23835504516648487 0.7115988300282318 0.9761062905075834 1.345491542040236 0.7901369812963595 1.010761438400894 0.6520798184471924 0.3620107663457863 0.454847844430029 0.9627474162965378 1.1419494608342133 0.8264260174157126 0.8180539229459166 -0.3529606503441439 -0.36115175974125907 -1.2599703620873457 -1.7483945327097332 -1.25679293564916 -0.9884854226403508 -1.1106547020610962 -1.6413366283424389
first-r 0 0 12 1.9086990447596333 1.8824598877098693 1.6670803852292138 1.4237805015305942 0.7893827330203796 0.06346281723101599 -0.7385187891134676 -1.3932898490395027 -1.7826340553647946 -1.98698902145941 -1.656627618522632 -0.28197098993702796 0.3157827719946377 1.0109298474171435 1.7644882705434766 1.7011268705763056 1.1933734130935105 0.8466178094620187 0.8170431014383733 0.9852942794209246 1.3461765418466 1.612935382936547 1.5447715927805992 0.36766832056674525 0.2002317449854578 -0.8500930115294261 -1.634645443194931 -1.7578998552937133 -1.4232711769446789 -0.9377370566136424 -0.42645552231210787 0.01244170636310256
first-r 0 0 13 1.995750615613842 1.9359425355140873 1.6662491933995385 1.2891409955778426 1.1917738782888831 1.1903545204040857 0.2559536546963606 -1.1538782003099683 -1.7139512530243077 -1.922430740400255 -1.8110522095828163 -0.9628923483827804 0.2319640892149191 1.1569191451253107 1.464427752230568 1.6608868939174855 1.3078237568336342 0.7624768104800345 0.2787663557731618 0.5546020383976229 1.2366335566940743 1.6194875274501268 1.8264508275727585 0.7664533195862399 -0.43766960776623903 -0.7174979718429497 -1.600623467810559 -1.882993302279472 -1.9235056115613844 -1.0313760811026387 -1.1887633434697225 -1.333373226682631
first-r 0 0 14 1.7525610511613092 1.6067887244586914 1.4398619742840915 1.416196164334312 1.3046090978068128 0.789915938149072 -0.174512146295506 -1.2373660212814157 -1.748828570692107 -1.331174159559118 -1.4002490954584077 -1.3451494310647003 -0.7781496521544764 0.5322909819067977 1.5791338923037292 1.2807412852155937 0.8506833000170981 0.653191212028979 0.26323833719075673 0.20849982050308066 0.04769466634771796 0.8511885218681673 0.9261529822040935 0.8317347900855765 -0.1281949487476177 -0.520726440094717 -1.0552409186517147 -1.5007002915949847 -1.3775229756392544 -1.0919602359135936 -0.8410213491934966 -1.4801270541946017
first-r 0 0 15 1.2731475263645748 0.9090078240633315 0.38671622981931936 0.09739496271033349 -0.06271579602116863 -0.4997272620176211 -0.3140011761974454 -0.01051226174784473 -0.9414714499452381 -1.5531151618640509 -1.5604379860706679 -1.1692567003304546 -0.9635736819321145 -0.2568530937567928 0.8567672993059955 1.449924434996095 1.466679949011709 0.868701253202089 0.2623917764738929 -0.017724833439456134 0.5992791108366706 0.7369757262731302 0.4460855284172779 -0.3703822815400089 0.36064703483056304 0.5013086406608585 0.2798125852296826 -0.08670809917691415 -1.1056406633311318 -1.662230805919711 -1.5397942966150593 -1.3318101969722984
first-r 0 0 16 1.2071742857705992 0.9247988886113391 0.23284645452040525 -0.33594164427483547 -0.588213491359146 -0.1372313483223544 0.5187141087010336 0.3026880823973368 0.42656197693976944 -0.7972839396147849 -1.507670537362756 -1.4149158006224298 -0.7881413465770939 0.1811581483962758 0.8812061678557563 1.197824410238453 1.9496537347166187 0.8938362194224169 0.13360654889488785 -0.6401786425998566 -0.6043862679630241 -0.5357601598262328 -0.385038605169298 0.3190013791265841 0.9262742878290267 0.6439154879052211 0.42520456841974136 0.3490943379238706 0.1653647397214989 -0.7891762362836996 -1.2222604383742444 -1.555423795858792
first-r 0 0 17 0.4897422224675073 0.10548548373517896 -0.4504864051595404 -0.8260178693708187 -0.74539161961576 -0.49002685069434615 -0.1663338885931423 0.2630752535279439 -0.11537834663876387 -0.47560753672193173 -1.0578599148024106 -0.9470186817461983 -0.30177447214540004 0.46667208544773775 0.6814072829080494 0.8582325498599697 1.7822537960325602 0.19701845203283697 -0.26633444923979355 -0.613691816237946 -0.9214454510759041 -0.638073893258438 -0.26607696145044124 0.6081694415881298 1.563371255589211 1.1372651811088446 0.3991332453897201 0.19667025811575123 0.35065691640460983 0.2818154902713124 -0.6019174235512765 -0.952219073831238
first-r 0 0 18 -0.32799372753098965 -0.276646999326686 -0.2717199028444595 -0.495170372932565 -0.6706493278070367 -0.17806305769355696 0.6095893423687414 1.044669298820243 0.8571114728563174 0.6102215282884581 -0.005676341192579073 -0.2492042132474573 -0.08335690823942649 0.22192315451450312 0.19243808846874125 0.48845791571536884 0.8034709418661665 0.875279618339864 0.41213104876153217 -0.3410723669394462 -0.7790922033497736 -0.49339387500164295 0.2731394088459095 0.9671896524733702 1.4443386966890184 0.8137086410317089 0.1480098292732701 -0.11208727505006957 0.722949927714381 0.9853579831613873 0.23626608160720558 -0.5825776772180009
first-r 0 0 19 -0.5727888558757953 -0.6308963667411516 -0.6038271701521403 -0.4155468441065624 -0.17021063110332127 0.3150806065034073 0.9996657649539096 1.5232371284025645 1.1708442199926488 0.9687015557157119 0.9063275349786282 0.5046576524656269 -0.22544026679307888 -0.5917220468177672 -0.5729671949705664 -0.2463522082787491 0.6652172724972423 0.26855158744795465 -0.2529305316669815 -0.9897827722513018 -0.9490980101134201 -0.8827345653926558 -0.37232104659339854 0.2597822428919103 1.2065352848837703 0.6665131828369697 0.06451419613806667 0.8138946842278 1.1472550649184348 0.7455615733177462 -0.32724023264110913 -0.9422028105893605
first-r 0 0 20 -0.8370371760553744 -0.8571987530427012 0.15616022317125772 0.3692759768054216 0.6087195680763584 1.0937810529840346 1.5683697028235386 1.4966887298037181 1.2029553628921485 1.4778945887169885 1.2807999794586904 0.6012753991558204 -0.23848640125648393 -0.9154058110891717 -1.3007778742507834 -1.7237901056376237 -1.8888400423818827 -1.4027666711997295 -1.147609850575212 -1.3098797455318978 -1.6027769542733263 -1.4075465672297265 -0.8622645604195702 0.13217941133886546 0.8684336667590186 0.45824166696222646 0.4529629248153592 0.9316427860568988 1.3311944116062884 0.5671792754053041 0.0034726000599586675 -0.7852289408778442
first-r 0 0 21 -1.0227149609913986 -0.5480280239511781 -0.08806825824479046 0.5253125992874954 0.8024461503684699 1.266009157370434 1.3896861400110236 1.506764880295833 1.5570081388436106 1.6813066693301182 1.4204440197091663 1.0750101762487783 0.4750228147561025 0.11431770062233693 -0.8854173072217209 -1.2543159259866028 -1.9386993248233269 -1.0493366457950006 -0.857637988262874 -1.1188041285232355 -1.0415495797135783 -0.9864034424415775 -0.5651527653723778 -0.07286545649212915 0.5027458001680836 0.9162379872648969 1.1922355753360092 1.2831679385798413 1.3541528723845078 1.3949367260748076 0.46047039150543345 0.6459447964659347
first-r 0 0 22 -1.0144656298414978 -0.9543496492908304 -0.1886896590580642 0.4583835010554743 0.9053368889897605 0.9362197744385974 1.2142548280508982 1.3987388418115372 1.4155215272970483 1.1932175282663513 0.37666688496741385 -0.41750868315038997 -0.04151608981578586 -0.2428864345467274 -0.11332442472728299 -0.42173215875418046 -1.4661471899828382 -1.2596094603608996 -0.7334381605598742 -0.06158686911177122 -0.17883318674796578 -0.14379729001140978 -0.058373673370746844 -0.13970248509451505 -0.08017104644550513 0.7447148203942017 1.1330727537483871 1.385431318448728 1.7096735084975803 1.4324263963409456 0.0512376590558462 -1.469927318441243
first-r 0 0 23 -1.8167039747090645 -0.8115442702872185 0.29189755300565706 0.8899226510950942 0.7167160206027428 0.24846940711009266 0.0709306749192292 0.1053393886604746 0.2592685863516119 0.9997675257557257 1.737728184206523 1.0734235913195238 -0.24051451564839393 -1.5640034255627266 -1.3075858965817153 -0.8824312046981815 -1.4187214627621543 -0.9868530087816552 0.07819751940968962 0.41212967604413214 -0.08459507022727995 -0.621851879569136 -0.557180901986959 0.10264562986317187 1.1600942937130467 0.5927968040804443 0.2665940520003908 0.9642381345326049 1.801942528149199 1.9958482343122605 1.803112187587487 1.1795319089034786
first-r 1 0 0 -0.8444420693578115 -1.0992040861870036 -1.0702275908743932 -0.7257561124529035 -0.0724849649844729 0.5282449183053416 1.5085435359200603 0.8986177575884172 0.8921997953967927 0.7699673457894433 0.6675624803557748 0.6901556187883331 0.7197137525486458 0.7255476791704675 0.6603233569071827 0.5712683068164541 0.09921327263280583 -0.9443592598481488 -1.5779562227023067 -0.8626293879950354 -0.7094414319709874 -0.19687895892440888 -0.23635111411960827 -0.6270893392276493 -0.8374022342202714 -0.538885026349565 -0.1752141719363536 -0.18129314350262374 0.16816957025370655 0.8699234818443933 1.2139506379716243 0.0032070500030375692
first-r 1 0 1 -0.14331774295055705 -0.20471980507628157 -0.5380206164521899 -0.21479552959087833 0.23570118907905577 0.28581793847827475 0.6046608949271887 0.9353931448264724 0.6247558285941914 0.9043782921476171 1.0111978718059988 0.6894291184356128 0.18812600116289832 0.031400102544186556 0.10041371993923823 -0.49407138433558057 0.15752257750074705 -0.331559781561472 -1.1481667601197636 -1.3523334441861075 -0.651216003326077 -0.5284664561455653 -0.5730141191588114 -0.5884805212080727 -1.1132473799664644 -1.0940429584784095 -0.5015463525587069 -0.09165204983791148 0.10624778193025897 0.39416157033987326 0.955732196094173 0.5556421899366404
first-r 1 0 2 0.25285790695137766 -0.006867313293979194 -0.18429963661258378 -0.11779888718670896 0.4364262090099358 0.567751863694674 -0.04841269585823477 0.7961709343138338 0.6688340900942686 1.1100301236022212 1.5687852952906092 1.3213544393187788 0.5090994567685939 0.07882032644839299 0.15260001383543664 -0.29155547057260417 0.005668594527645177 -0.1314804734445256 -0.6298010345160702 -1.5616780922239621 -1.1887478490409822 -1.0368839831713768 -1.279478491030463 -1.316280904746355 -1.467001643069689 -1.3095802866988606 -0.7797591844143655 -0.08653586001791282 0.2873734256843834 0.1432999727075591 0.8724394577413852 1.1154676469215672
first-r 1 0 3 0.4807144313476595 -0.08948138960793446 -0.1515849441327354 0.02835967509375506 0.4113081798984545 0.3901848169481513 0.3359385929618356 0.4243272017874702 0.630468367858432 1.2675820617272502 1.612577384766561 1.613676746688181 1.442375460137993 0.7960012319097078 0.8265931725232799 0.7921890253117083 0.408917557840567 0.31105740547158284 -0.9119898374283728 -1.3258914308142038 -1.003845205931995 -1.466467023642588 -1.6164015124288083 -1.6131193280665832 -1.811562478828558 -1.6295765527975459 -0.8974038577539226 -0.06850198609279322 0.3468301306252586 0.8414331950778426 0.2136780565278033 1.6437968045828069
first-r 1 0 4 0.974086621433838 0.5783374910536442 0.3312448043612722 0.4943536874090674 0.9776419689621738 0.8460578505382459 0.7007338276419235 0.6196203588223774 0.932511787646826 1.2868782649527295 1.5813587988722024 1.3547684362645258 0.9582144495566725 0.9454437033102114 0.9184280326174478 0.8035452468567956 0.28008515467773415 0.15789528273595393 -1.2204129845022933 -0.7542086454053911 -0.32502496954058746 -0.97674719559825 -1.1744158209786928 -1.2952044517742771 -1.4190238017388346 -1.4005223830728581 -0.7843210518689864 0.09533058698552703 0.83285188035629 0.6283054134548154 0.04811103042202705 1.096465480563205
first-r 1 0 5 1.682252033029951 1.429415280289912 1.265966665275574 1.3182077043000116 1.4634387724272684 1.6183132860083604 1.1949916781676335 1.2389846167140754 1.2115340034172846 0.9800265895820608 0.8046105446309653 0.5939945814350626 0.047455713146368095 -0.032272611857475215 -0.006138024386952339 -0.08605958415577575 -0.7284941400573268 -1.0097731244306476 -0.5007630988739391 0.4012865055113831 -0.24844729818933953 0.0274718860473323 -0.061255151848864764 -0.5519495311244864 -0.7650617535490271 -0.7534194914239868 -0.14426832218773997 0.4504332897616853 0.65885459317424 -0.2771690796416998 0.7901395580052166 0.02123203754077166
first-r 1 0 6 1.553509221551973 1.3591044586592866 1.3446714885362807 1.3079642671002536 1.3752627120283478 1.17245273584683 0.6146889524889037 0.7761963504514166 0.8701035119597391 0.5956810728358294 0.08547679345942714 0.4157635368033163 -0.5799381425295869 -0.5072098015771381 -0.6187442361151909 -0.8775372090976704 -1.1272323302150444 -0.3295107677388617 0.5576345417843459 1.0130918032031675 0.5533747998173489 0.4820790021668469 0.7703555539879701 0.10966407720069607 0.013965158624077316 0.21696289043570452 0.4933435903332751 0.4770783882232946 -0.13113792296778243 -0.0013916116848141369 1.10476441252315 -0.9413870305861867
first-r 1 0 7 0.9584802067388033 1.1065165789323659 0.8452775012454807 0.9311279375678426 0.847366977863601 0.21626677679028647 -0.19044547247661775 0.15886409515508967 0.06333836085386685 0.7957828037391117 -0.2265605506991985 0.4880060320190234 -0.47887169520883827 -0.462595302370987 -0.8202885171336494 0.15416630586214777 -0.3751061202307808 0.21054001747544274 0.9083435121545979 1.4325781863597422 1.1974974795670086 1.1763440204090467 1.3505865756749116 0.4877344659303606 0.6125197574799931 0.8448665536712375 0.6390673764272682 0.14572667202663334 -0.44906341242193104 0.016491757423639966 1.2626915874748437 -1.6282621745053816
first-r 1 0 8 0.28796715028035047 0.823270467368234 0.7839397779922799 0.6792944082716705 0.4315555357030682 -0.2503279410438882 -0.5658842169709971 -0.5065142579306251 0.05182132561651265 0.44791783235058913 0.37549266801355735 0.5705135135164292 -0.4529358800178262 -0.9331998217937171 -0.4794552032960362 0.30738206495868625 0.8022116264700521 0.424649557730856 1.0946773522606486 1.1850579990984271 1.3388737741822112 1.566034040946905 1.3731171949591734 1.0953630359101 0.4349386496843646 0.6052113835416247 0.4794332115249806 -0.2738047875074458 -0.2982413710110502 0.5763171053084667 0.37073103421712583 -1.4520785329340729
first-r 1 0 9 -0.25702737329516934 0.15826634955351188 0.003152679682195419 -0.2579857283871176 -0.5599015839011005 -0.9056984215961622 -1.1319973848804694 -0.7851251022824994 -0.17118145010723634 0.0688962886066504 1.0316440096175632 0.5457250054949248 -0.5834513909270458 -0.29778434459648273 -0.36464225466270334 0.06872467029572844 0.9209672400898428 0.5988022248616636 1.0878142005376554 0.941482027235292 0.9700300441562192 0.8912475417236487 0.6597659485292588 0.8119633396496311 1.4836468747119642 1.4186716201080782 0.5193591236854693 -0.41851874019972884 -0.14666173991088713 0.08930616161754022 -0.801178283356931 -1.7513954029496268
first-r 1 0 10 -0.3914066656407678 -0.31867328445742193 -0.5696776305740842 -0.945585038109483 -1.2413020685322125 -1.474440372333308 -1.6132841214550009 -1.3519178917020338 -1.06754561986175 -0.4003559423131667 -0.2465911729735493 -0.7029295293398177 -0.20822215682615502 0.5102811638633387 0.4086596626076269 1.1152246127139365 1.334075249776889 1.507837623038298 1.6189901526382457 1.4525619434909525 1.3802828375687473 1.3524287256093153 1.112703008610512 1.273698281755956 0.40152331529766894 -0.25722690700522344 -0.6939426816504038 -0.3660005337835443 -0.6600590862326058 -0.6888625553293761 -0.5240679326856158 -0.9568512728420682
first-r 1 0 11 -0.10302720857457777 -0.3477744592170153 -0.5672376460549975 -1.04941867100663 -1.2738432920776013 -1.6382378617956985 -1.5983786951796184 -1.6364301171330844 -1.8257381821982528 -1.2236831641949948 -1.4094959241147458 -1.6412569335133191 -0.5262111575976207 1.3794725035986148 0.8897753942227865 1.7236730110660696 1.7153373091700816 1.8867571941780097 1.9666727057344462 1.9347106304506947 1.750997245108963 1.6096089352722398 1.4782794483965318 1.1840801116771407 -0.2878518799677424 -0.8784209298704158 -1.4882785828755585 -0.9673577819833681 -1.456969496541372 -1.2329543263343983 -0.10499940784534093 -1.1342793211388036
first-r 1 0 12 0.05323528064972257 -0.26234741929961425 -0.43870185015674057 -0.1480363936713613 -0.6768920786327053 -1.698171118075481 -1.3919892882034768 -0.9707824302513683 -0.6416470251933156 -0.1427734925910849 -1.1205260639074093 -1.0685062209383744 -1.2188565967790086 1.5927445393492847 0.8982208365928568 1.0483135840456055 0.9786039371632262 1.221292364936754 1.4499638715922492 1.7356076654851162 1.473928095247225 1.1531634204200703 1.0462406844495882 0.5760165717704099 0.7728691066685253 0.41689522944370316 -0.326586586327572 -0.799175677319193 -1.3633984696990373 -1.7560184531163974 -1.9538815609145135 -1.9827569892841304
first-r 1 0 13 -0.08536240978330763 -0.04030768686768473 -0.24768442428298776 -0.14539270331711673 -0.20068544531733273 -1.3215508553386115 -1.0424277096023078 -1.182932957885305 -0.8640060732509213 -0.5511931208516099 -0.8483078878634474 -1.2021745640889225 -1.1960958244203985 0.7858327766131094 1.3560914509228443 1.0700336046553143 1.318374144421929 1.221128683449316 1.6219294685794012 1.8705214969706427 1.561567495059169 1.1684715950066809 0.814381159443989 1.150982249924036 0.22660105988467416 0.5070817684246293 0.059672371618313645 0.2922550327510535 -0.07969903114097183 -1.2187808578143553 -1.4730178540603063 -1.1148834799744758
first-r 1 0 14 -0.5046569331902842 -0.640078634030511 -1.0292623778102374 -0.9640105686139154 -0.4536042827746683 -1.3613007239496646 -1.3611603654739335 -1.165856810101228 -0.9703539568397139 -1.3656449593222557 -1.2962682500537905 -1.2143234881223925 -0.931542916957382 0.03251877468762604 1.0889673796005477 1.4759556887217906 1.6431337762392604 1.5027466602996045 1.7474001904010985 1.7712764958218916 1.7367466340400288 1.695696254074619 1.3675058354722402 0.6356923036484063 -0.3175185585406944 0.70681897247887 0.40106971446137 0.45400662752423526 1.0550864547511025 -0.24302598729418295 -0.4595439352821123 0.1365215795727257
first-r 1 0 15 -1.2564362479659774 -1.3829690626515574 -1.6086972164344002 -1.670960026323252 -1.5152378679359821 -1.539613673209129 -1.381650207781922 -1.300932911285715 -1.0890922432452648 -0.8060557311597989 -0.6382930420394243 -0.9322734476599011 -0.5066282199064907 0.008250912015086988 0.08372719993068087 0.5988887724203412 0.7549035841780719 0.21301077856073264 0.4740677285393767 0.5823968168392076 1.7163788536776834 1.0943380730178571 0.4144633509565533 0.19291537832456263 0.5035958711678444 1.0202700005737833 1.4473084058901495 1.2944609463735304 0.9003400633150054 0.5174991516222279 0.46339884213664656 -0.38358035681259556
first-r 1 0 16 -1.0707390594813337 -1.5946882867017984 -1.902273713775495 -1.794211017483051 -1.5077649076005262 -1.5951674345455018 -0.3748193867027191 -1.7896875232417866 -1.7829937076856026 -1.3588156684192745 -0.8365717349836638 -0.28770492324866953 0.07807520541004255 0.6954705503180313 0.7950559825447793 0.6746354947086084 0.1737111565998511 0.38495244961790775 -0.7827163112171522 0.33284860313392756 0.9408215600634091 0.7706709972152115 -1.0478844639851692 -0.598092011498629 0.12394289310599216 0.17085702144601142 0.9496706485197396 0.9253320170009538 0.5230413307206394 1.1010111913007006 1.2346186770544658 -0.08185033213892655
first-r 1 0 17 -0.8403839238261004 -1.5445156315500084 -1.4617839313997503 -0.8836557253348976 -0.5185004015092584 -0.8308988901087844 -1.5897548387114129 -0.6516274240752016 -1.2545549783343242 -0.8063611895043985 -0.3964684964388155 0.14262958767591233 0.5734174095486887 0.9116424620012877 1.085900316980441 1.156876414009112 -0.3459642083781296 0.8067200229797978 -1.5493753808886115 -0.6475361303881003 -0.2097783847866277 -0.46966873396450526 -1.6356026833305515 -1.2633564932202945 0.04238997446791971 0.2797562817357428 0.30692819134594884 0.25808900606090585 -0.1144756804479486 0.9544674279114757 1.7222067075116814 1.0724302029460404
first-r 1 0 18 -0.651933016560498 -1.075041061111154 -0.6959554244926955 -0.27709127295387126 0.04741815724101727 -0.8052336660092118 -1.2800287782967723 -0.4102179505360324 -0.30576242618683647 0.07717514553201295 0.06839835152479333 0.38332340535638193 0.7948744769844432 1.0962947588662795 0.7354343649987792 1.0372242578450253 -0.529603891994505 0.5988910719396672 -1.4720626616699646 -1.5432527706250856 -1.0461571264390863 -1.6479982435587548 -1.731828068185533 -1.2431375359473662 0.11508580198985056 0.34690283583452336 -0.39708196119737904 -0.1763899396651384 -0.398192541116729 0.7462775369221439 1.8632870924794114 1.7316181641462287
first-r 1 0 19 -0.23701628703676336 -0.11797507374137134 0.12633623614694206 0.03276879305911924 0.043621131172747935 -0.4363164796348856 -0.4369501197033375 0.03692248084058835 0.6045689740818578 0.3764230503298352 0.2689033803375863 0.3141138778735925 0.46958499010511906 0.5218924839415354 0.24410432699379 0.07430045035538688 -0.23769708318267752 0.10602033402155586 -1.5822991161490914 -1.2126302419588622 -1.4688949456796314 -1.6813934529108396 -1.1930583330727214 -0.9032384680395096 -0.4077706984062944 -0.3500281164335151 -0.4060590865681082 -0.48136212168561937 0.3245564375881735 1.1796758001008 1.6498930564644958 1.3137164071080025
first-r 1 0 20 0.4418190384284037 0.9131846642474554 0.5300338318250978 0.2949275354509563 0.3387898340580684 0.21618206293174433 0.7530740104492226 0.6981819159175594 0.8410237802214962 0.42789014733277436 0.6475174658926955 0.615647741867839 -0.49515887354479116 -0.5683731804381097 -0.6404133321264147 -0.2067426709608841 -0.4519387289527348 -0.6838556505477263 -1.106463915391084 -0.4071160849520325 -0.816550192969238 -0.7661234370744832 -0.6422494595078929 -0.4689434946304318 -1.3685278461043637 -1.3604772979550643 -0.786068327041516 0.47934480975580196 0.9561682808705109 1.7492683394173996 0.3828817381230457 0.4356239937821995
first-r 1 0 21 0.8907610109041285 1.3789286731173254 0.8972558759227947 0.47560384360364577 0.5953858074816654 0.9919709860624465 1.2394243059608259 0.9335689160323649 1.0132169856566238 0.6600267375169402 0.9268777141137446 0.8864046165918328 -1.0943206496949736 -1.320007610593314 -1.2720323445994373 -0.9899420597895285 -0.4488131775573375 -1.3882466673455605 -1.2979580392323982 -0.011375883846692962 -0.6703392098139036 -0.35914980328917756 -0.8301492875880009 -0.46424032771808554 -1.9222815003162717 -1.730963470124287 -0.7862163037084333 0.3789119343418538 1.0296528944151586 1.2775353874652005 0.04160228244844543 -0.17439707822473044
first-r 1 0 22 1.2574389078047614 1.2831648989459177 1.5621854386991159 1.0538288775797295 1.1967405683969292 1.4768335976981972 1.3188590425198246 1.2521037977389127 1.3690204007686881 1.2450328212732897 1.2854850818398778 1.001044684115811 -1.3610038819671615 -1.558559383089453 -1.509444616121712 -1.2496698386143144 -0.5436128381734586 -1.487410875060387 -1.703959153629135 -0.8900704813526263 -0.8530720360653333 -0.951416450946436 -1.336323773565292 -1.080027453104845 -1.1881614182092683 -1.2819361955929647 -0.9584405877884646 -0.5964613811257435 0.12692970146866842 0.11631235637877411 1.0248790755175192 0.7056178327243844
first-r 1 0 23 0.8362573199948299 1.8279042358407462 1.9780613615402365 1.7910172196859508 1.8671118591482574 1.984491624688113 1.998713934562331 1.9903033011176823 1.9581664396790073 1.7094336358997042 0.9881571627710631 1.2685412865983623 -1.8476219591742844 -1.1671659220027637 -1.4529761318089849 -1.6920861184159397 -1.3294744464192276 -1.7343104218749748 -1.9960291238847376 -1.8891173364746503 -1.798558083357839 -1.6111768487291682 -1.5512330123576676 -1.5414484200833949 -0.9565993243086929 -0.8984017677952493 -0.5693724346284552 -1.2495048527597485 -0.4768788900283773 0.015249363773256048 0.8648636409050133 1.6144612608181979
first-r 2 0 0 -0.9943649084511653 -1.0883755987662347 -1.1938754303357624 -1.2069861842556373 -1.109273818571025 -1.0260742617213368 -0.46707030389949095 0.552104576730726 1.0204794933372894 1.1861651989212523 1.2876773703777253 1.302457219937517 1.3066296109534834 1.3175437693272085 1.2883598617964034 1.2176886539741065 1.3262881005726075 1.058791239432091 0.2990420771833438 0.06874103599787117 -0.4486111905908847 -1.0468728809699814 -1.155907994034213 -1.2688751894689039 -1.2842227625000806 -1.361868445603084 -1.4086854802026196 -1.3841019320770633 -1.3190955285123218 -1.1123153953928047 -0.7002541446169886 -0.6269497605427727
first-r 2 0 1 -0.7710540976629289 -0.48814477378581594 -0.37919368628676264 -0.5262767636177335 -0.06273312147417288 0.06432792899740744 -0.011922116927766024 0.4620223929154601 0.1958501436116418 0.5889203239617952 0.601923197303006 0.5512748767534601 0.443286787838938 0.4351369444868157 0.3842270545303165 0.5295431330356846 0.4693589442263336 0.307571441132599 0.1655375564157148 0.27470118077226174 0.16184892991701655 -0.3310579492770492 -0.6678263177498251 -0.6081374072316892 -0.16766395310094784 -0.2549883777301917 -0.5021143126743827 -0.7400897261080867 -0.6001693912976314 -0.5633727156537074 -0.4373196507338591 -0.5511178234134348
first-r 2 0 2 -0.356938963381618 -0.12943592240518081 0.0779404349525342 -0.013545820445412277 0.15933051911378773 0.5391422994544813 1.0106404532878164 0.30122106187939773 -0.2556160268449945 -0.1672827701736296 -0.06617155978267002 0.1344256354586323 0.2751820595625439 -0.036235621863642375 -0.18296291140700408 -0.031563587247416744 -0.21203501138216396 -0.3863864322282129 -0.8216923142661011 0.04636567152722492 0.39448163366011163 0.10806247827408924 -0.08953547006530119 -0.1112293045162932 -0.060352878864480874 0.1641259020612856 0.3245256690249186 0.20850334458066283 0.3381903049959501 0.5429476672391274 -0.1267615440189388 -0.35975158188020234
first-r 2 0 3 0.20269932126571807 0.39760587945154063 0.4417269369560026 0.4147986091580796 0.5794787671011331 0.8122168562729789 1.0199045834455946 0.4804237722230404 -0.22891289956637315 -0.48547601391233236 -0.5272774866999703 -0.6799898959866955 -0.6268745250205742 -0.2740147020504386 -0.2524950176916693 -0.10190254649602257 -0.4214575821958342 -0.8859920681869974 -1.230029441864689 -0.6239924948770881 0.003274997346099019 0.3203112637597426 0.21998887643931864 0.4724146662450663 0.5899143255297615 0.6050392855242288 0.8124484554992459 1.0213540529446268 1.144551812171803 1.1198118710655325 0.6951363017753535 -0.2400995974911541
first-r 2 0 4 0.735840018483482 0.885730480923942 0.8264965798433619 0.7642740294911503 0.855488838988026 1.1229969755284976 1.0032782951844303 0.6806226431332905 -0.11369747221128695 -0.6398119320647219 -0.7769253068948939 -1.0073870481343643 -1.2099979274205084 -1.1755895636295657 -1.166451764197116 -1.214881000487117 -1.2936168790984037 -1.2146974772770647 -1.0407278791264645 -0.953037119150051 -0.950427912523085 0.2970664749872679 0.6449218561944284 0.7575634306302065 0.9301196950077397 1.0086917704067233 1.20885857014337 1.2666938569886057 1.0895445672220208 1.13539656929543 0.8212691455861881 -0.9088965062556289
first-r 2 0 5 0.7477119083896102 0.8979905759585155 0.8635298674760775 0.7791313578759054 0.8257102798450168 0.8306662090607804 0.9704855053142247 0.7537864219383696 0.017114856004132505 -0.5051192337552874 -0.904452377020622 -1.2001513630405651 -1.4138136231446106 -1.3054962630896516 -1.1649284907492086 -1.225726106322813 -1.2122726936542512 -1.199338085358173 -1.3632127925878088 -1.367780458284077 -0.708493268680845 -0.1176011345870108 0.7878867478332582 1.013704743530336 1.2280460068335475 1.3099661087584382 1.3669300604039598 1.2182712082729499 1.231197545337462 1.251052687999132 0.040126395700214014 -1.2702187082926257
first-r 2 0 6 0.8900260652724231 0.9209418467222737 0.8225736009531235 0.9272683553786182 1.0258389244778274 1.0673014975095418 1.1167843952754097 0.8339057693833481 0.2577914731515323 -0.16141393583979485 -0.7128555829684491 -1.1177656359913577 -1.3391072974686635 -1.2969845243789577 -0.9793925417955054 -0.9563649608283222 -0.8388520111155647 -1.379140061708046 -1.2583125528476047 -0.6666119329201307 0.12291463310793678 0.6207772077015853 1.055312304178423 1.2633011590283019 1.3858779615485488 1.3983486604701951 1.2700426052680593 1.2255532019460018 1.4047529872169988 1.0555223177507183 0.26258762820889653 -0.9453978723014664
first-r 2 0 7 1.1369421800979953 1.1763384708962195 1.1988354430618549 1.1867537636789978 1.2777572534323463 1.2541642919653744 1.3097323763860755 0.9487892807247659 0.3576839144211425 -0.6704229304173148 -0.7571607067558226 -1.2166188791692205 -1.3704243615676273 -1.1557900138640849 -1.0296025292485085 -1.2729741656557236 -0.4507210190233889 -1.3886758899020546 -1.1197872272790768 -0.34637304190093904 0.5653105788522953 0.7078513733461023 1.042645316356264 1.3359258572668182 1.3443375115738876 1.2153416116468747 1.1824744422978446 1.3593030307140277 1.355631143534598 0.825746937962156 -0.27125685941980415 -0.4344217107067304
first-r 2 0 8 1.2117702657572376 1.2068420325451592 1.3005756793360448 1.306003254046497 1.3271726601655252 1.3441616533518606 0.9706640110289091 0.627415804630722 -0.09784917187917425 -0.5981271690874517 -0.9163388530599237 -1.1360292023254333 -1.3748133202998714 -1.000741535108569 -0.9279695359375112 -1.1729194743758775 -0.9052999305957786 -0.9179625636927663 -0.8982334487756297 -0.3763367265358372 0.3637592840339731 0.5867507773657348 0.9309846078490788 1.084175773653309 1.3792540247230305 1.31241129983554 1.2037275980793622 1.3988582685625823 0.9880001766986873 -0.0471946949893719 -0.5902513112197967 -0.4007906192867091
first-r 2 0 9 1.0163476728989733 1.144858934679634 1.390541990764687 1.3768218007627577 1.224574156763318 0.9828553014997184 0.6765540624956065 0.3831603510676894 0.007005034428440596 -0.215348098277688 -1.1911051789755402 -1.3567481402388177 -1.307945456800867 -1.1821706965421428 -0.9002291868740595 -0.6806842921827523 -0.9776049811793585 -0.6015243079204329 -0.6023384351930264 -0.27843542764656054 0.29188396060905686 0.7670703072470314 1.0369164675606908 1.2131147029252414 0.8913677072539354 0.5397497079876854 1.193953533438771 1.2109677138436605 0.08229589345407919 -0.28076502800244785 -0.6722161360291099 -0.3428178002522808
first-r 2 0 10 0.6876210641101674 0.9522605225812822 1.2147996535122227 1.241286184002937 1.039026022305784 0.7536798979607625 0.5574490049320517 0.20535399739275098 -0.47492788822193477 -0.7333164877851434 -1.1096600577403546 -1.2110621253152896 -1.3900327646485384 -1.2944498605915327 -1.2717111591050958 -0.9608979677709747 -0.7688154726221096 -0.5513785878095009 -0.39946340967017313 -0.22217777805717934 0.17319862357022414 0.6280223581263681 0.9190620944482962 1.017956020981869 1.3438338836023458 0.9254168796995565 0.710672582526727 0.3432468272547999 -0.30060349544718595 -0.6311305872280514 -1.1073667268577538 -0.8801504451179529
first-r 2 0 11 0.5243048178916483 0.7574041923366146 0.9908493075788333 1.0594825608136893 0.41847828462694525 -0.043907177509692086 0.173146797928425 0.418776187476752 0.3031864286670837 -0.2663777329440384 -0.6014885302134725 -0.7903994403585252 -1.1768712420275298 -0.7563967614443149 -0.8360479227095395 -0.44979712188402526 -0.13412537122203788 0.08642684939126571 -0.023944452059809496 -0.15812687127498556 -0.059691121765144926 0.22924932321842875 0.7522333116084564 0.9820239478453279 1.3325913210487612 0.7299669992299 0.31424635750904245 0.06056186765173663 -0.3858182234228624 -0.8602777783868781 -1.1737591867886927 0.059031543662421054
first-r 2 0 12 0.4207338597188302 0.4401809870667854 0.4585861618325522 0.2918069415368099 0.24857579128850774 -0.403630832365819 -0.8709063725949983 -0.7471026936368009 0.4530479663977285 -0.12547979600939763 -0.001771108720771339 -0.33607951926624446 -0.12948573175785233 -0.43463879144520684 -0.19972540126999294 0.06002499358067943 0.8994982576665107 0.946489102961287 0.5692626984729581 -0.0918183381730101 -0.087591918071293 0.18527489883470277 0.5094414374295383 0.8798568838771343 0.4479356429837853 0.49072275288647815 0.1281228784532702 0.3681754578592599 0.2402537925827929 -0.13610364610890635 0.015532762274808676 0.18509446964686202
first-r 2 0 13 -0.06961587201550158 -0.3539080315326736 -0.37672286968314167 -0.18194533790032585 -0.09617797388461398 -0.6467454880041079 -1.1932795558671199 -0.7966287454009401 0.39740697505323724 0.014936396653657055 -0.015225333393002706 0.3943179312410985 0.5973920195086784 0.14892515645765825 0.09073955926414054 0.21963926165588155 0.5251126719006631 0.9817010369602176 0.8036274378848361 0.3110995888585412 0.12697323503950708 0.07724726563451229 -0.020744898185465866 -0.621322235502174 -0.12116085295991 -0.3425913358749713 -0.8437103701364419 -0.4294899413271106 0.38325854636723666 0.3092211522549603 0.4566509141796701 0.6996966001224931
first-r 2 0 14 -0.5804529015068075 -0.7101159543377571 -0.6585652787063457 -0.7297506586929052 -0.8971219237716979 -0.7718219631466745 -1.0287827686781608 -0.7448836243732263 -0.0024319515325271455 0.42602183160008933 0.42366914837547165 0.5983274497716861 1.1239908613325997 0.9998346445538939 0.40030375737906304 0.3010453165838111 0.5368655867410983 0.810892630218853 0.6623058781330763 0.6399638271805305 0.7005127935850317 -0.4472651977055609 -0.797548883612733 -1.2050129737981008 -1.3933319812768663 -1.2706791323403006 -1.1673923264577681 -0.878002453575956 -0.5647518736764368 0.5996509399540002 0.8679629020578287 0.928901163245536
first-r 2 0 15 -0.6326386531460677 -0.7940722094181105 -0.7945262183938755 -0.774082299135063 -0.9219872375749707 -0.8306209727859831 -0.9981097045622774 -1.0741189535350866 -0.08708258859906946 0.6848749711635131 0.7607940865016553 0.9390700153664419 1.1863502025713506 1.4024903583765707 1.2765068646175934 0.8772261313567076 0.7996782183360102 1.26490800869116 0.6209647094345104 0.6385250899700516 -0.3119899105915417 -0.6517998983472418 -1.2952347600031586 -1.3830402420622308 -1.344679313964973 -1.1635589311951362 -0.9557728012940092 -1.0763021331974751 -0.7431277940494552 0.15099867487595814 0.5846415210937671 1.0195949463164597
first-r 2 0 16 -0.8355381829321961 -0.5485053709305474 -0.4044361794498994 -0.57790571739011 -0.8308579517557317 -0.8475282923900387 -1.3398593397790475 0.5938848768605338 0.5652337207663676 0.8315861074596689 0.7166161046874124 0.9785803886976956 1.2986026105232935 1.3197542269130962 1.1382797710476822 1.0271522845995555 0.2904089778039599 0.7687499737078124 0.16591892417204634 -0.30702493454466273 -0.6068914876657965 -0.554591452803732 -0.42225880793140214 -1.3305119439330226 -1.2503307768257461 -1.1315096653770533 -1.2067616241704973 -1.2292058008206843 -1.2224404270843376 -0.546327160743997 0.20256819775685503 0.8871181822071323
first-r 2 0 17 -1.2356996836018115 -0.8953614567924046 -0.9111118857384983 -1.1262430995488828 -0.8573218617647764 -0.5027628566516882 -0.23887741336110002 0.14102375299626874 1.0983577840265597 1.2497157883043544 1.166992958844607 1.2415338128990068 1.3379321063469245 1.214727373969174 1.085473310676418 0.8077822858783704 0.25924453513897494 0.34849586297063573 0.21866600031051858 -0.6433254525763082 -0.864228359105409 -0.9343595156634755 -0.7918354983414164 -1.0084791275372293 -0.8814968540108421 -1.1463778457966771 -1.3686649951287886 -1.3954767777579065 -1.3899523455074978 -1.1573536824228743 0.0458413179068001 0.9856906957157235
first-r 2 0 18 -1.3167010778112578 -1.1763828362162854 -1.256216500678963 -1.297124487294534 -0.6127761747009622 0.11411324092341239 0.19136473583177113 0.17872120858482463 0.9895942930703494 1.3456733785219597 1.4133806006627083 1.3767644001436308 1.296384624964264 1.172366818698964 1.3080718399394848 0.764449989473147 0.9465961583532159 -0.1692079404094104 -0.3559801055199551 -0.5566970034951603 -0.7353878736121797 -0.7213405136751027 -0.6805021695704107 -0.8715369306194525 -0.9748438304228582 -1.268372317184567 -1.3821032896513452 -1.4064712993795463 -1.2881743092875229 -1.017397943939579 -0.30712720164980106 0.5753702215122554
first-r 2 0 19 -1.3445698580333796 -1.3394124936718586 -1.345256834961689 -1.0208730822011696 -0.32358802420246924 0.3027895752195673 0.5359919121352696 0.3960474408262582 1.0001394215933712 1.2082886623514975 1.2462466391895672 1.3503060996557588 1.3654059145866186 1.2995178441474218 1.3438976283613402 1.1622131201312966 0.40277680207471184 -0.3959714741971023 -0.5035605132666292 -0.8803005055210746 -0.6861343183938472 -0.43448594334131635 -0.5713122036087396 -0.5513788927277501 -1.0904117717293045 -1.310198552664927 -1.3840075752524141 -1.2461673143667442 -1.1354446122200486 -0.5129887710766983 -0.10692491376034759 0.7247773017008855
first-r 2 0 20 -1.245825971631561 -1.10256611293049 -1.3591685182161752 -1.1150911178007348 -0.437179071156749 0.2270850323894878 0.563482665241776 0.7412001445303085 0.9606189140317205 0.9035312962085433 0.9849549593718792 1.2766059987919216 1.359768716798115 1.1914243846721544 0.9741272211303705 0.5733020952417374 0.33766453734986324 -0.6243148397445876 -0.8540284640455997 -0.9965674045428751 -0.5991303401817516 -0.4481506852979961 -0.577625036349315 -0.6353236622016675 -0.8285392268554451 -0.9846613875867597 -1.1413159742918284 -1.2046307053508791 -0.8104516201369826 0.1290445862593065 0.8075711013112057 0.9339261932800683
first-r 2 0 21 -1.039374554724479 -0.9482143743423899 -0.7956313274345161 -0.8914487764999159 -0.5580781067409519 -0.14250531785874945 0.5160425476909763 0.6550223944741275 0.5239832991382745 0.6072777739341396 0.7494119327685357 1.0145540834884694 1.1350805348327406 1.059365699676026 0.8938595824750929 0.14290769019214467 -0.14144196615655205 -0.6970164253429193 -0.7537594812703599 -0.9286473992401043 -0.5677311275817082 -0.5894066729598774 -0.6438461335502885 -0.46524471006868584 0.16136990728629727 -0.2865950241962145 -0.6234729753932912 -0.5724724766088646 -0.3107594573855057 -0.2230285255806844 0.7167673195149042 0.03384287208941345
first-r 2 0 22 -0.8335786942481983 -0.19519626426615627 -0.42768893309244205 -0.4944534014678959 -0.5854359171965314 -0.17324842511711153 0.48925767872200765 0.4877323713346859 0.24706471625646073 0.010634485894595598 0.2707227356200793 0.6501324080413765 0.41562026780565015 0.8694535149440139 0.47339803136812575 -0.3806147020255372 -0.6722751591485663 -0.3170117475121522 0.03727562860872263 -0.26574728895357935 -0.2211901647983144 -0.142783071531928 -0.2063614444360049 -0.06205772002992355 0.6527329721744473 0.44862139221533487 0.35939795474060127 0.13643791765439056 0.11517453910610108 -0.28519491885039955 -0.4482483434285097 -0.018827022798433506
first-r 2 0 23 -0.01140971146329627 0.0090000544288027 -0.032164176741328425 -0.01214483133448708 -0.010282296419258114 0.005288916386785618 -0.007464822230561512 -0.11746570298749602 -0.22177014524736774 -0.19786553375839916 -0.043853047092206374 -0.786944978316168 -0.5140261976492041 -0.30952947787205576 -0.29923191963257423 -0.42317829388981826 -0.33145671468255206 -0.09562557093801162 -0.06983152784415442 0.36151405170109396 0.6156429545123613 0.713235375593317 0.8010073607129821 0.8981649745153725 0.9324963706166849 1.1919450936797344 1.2482165748763745 0.7127518006712525 0.5126351770472722 0.09043584050901333 -0.019966492105407088 0.03331150849054604
record 0 9602.372048284391 46.69928628810487 0.5442430564580719 nan
record 1 9551.552829933218 215.09062107012642 0.5453982550329651 nan
canvas 0 0 145.80693543257945 140.91616932665485 130.25678383439708 119.99188931110001 113.16568197843819 105.92192249994874 62.553582344931456 53.32410608073193 55.42154758603173 60.74319266551883 69.82387433205773 79.26735603338089 89.79320555515854 100.99689106190127 114.71890189806156 131.21452153803585 137.90957829068915 159.9992385470463 195.50299037526165 203.3593294354273 202.87038966329652 199.40445885564722 191.73048433589886 179.63734044644227 145.29812637824216 129.09319359282665 116.11757852673819 105.14052416584968 95.06613012602551 80.85832450539377 71.53642021821072 67.77740414767449
canvas 0 1 142.49525505048402 134.87828839692475 126.58839655147436 117.21977484368949 111.30070013942691 97.40962565581638 63.80537428294449 54.80301016566441 56.23094899565657 63.136986022796556 71.7522623653658 82.25333143327875 92.83486148090408 105.39291079635595 120.75104018670706 132.06765395897722 139.24414319951205 160.03174338955958 191.3878667946851 201.5929674356226 203.79113470416218 200.08418993455948 192.19736488067068 177.13585596884053 144.43425445035905 128.73686286680373 116.07414793025993 104.76448799985131 94.4111029706731 82.36229333031753 73.7527274603647 67.71041041615169
canvas 0 2 138.78867705230388 132.23339788014815 124.21761529500056 116.58473842716359 109.06186679375554 95.5057959457438 68.43335998666409 59.177661351126936 59.13177647384454 65.73952114474295 74.3293024220078 84.0492980295944 94.70002103391936 107.05542217226497 121.39195928711442 133.26850482908762 140.39620305931408 154.59920299119955 183.68590208334143 196.0170976812075 202.76618653730216 201.5942025344932 194.6594537466775 182.50233954218635 144.15326188998546 127.77028696590375 115.7878779948381 104.39515204744465 94.00043727440881 84.06592952471483 76.90316305428611 69.46789161146611
canvas 0 3 135.50826273879375 129.9631414425145 123.2132321983798 115.3776070519206 107.72909451024931 94.44886331749164 74.9061525159531 65.23301637103395 64.30062907574798 69.6593163279218 77.00358202067893 85.39425439239446 94.84863733966168 105.3902471218389 116.13484805308332 128.036323577184 137.35866860848992 150.98131725972516 175.61462069129672 187.22867291065296 196.1692998519958 197.2408619521257 192.6752975018808 184.5688213804688 141.8808460647872 124.95677837023936 114.62401763814745 103.57438236487259 94.00553151819831 86.14380608442221 80.91998268717441 76.25471946275064
canvas 0 4 129.58391078081735 127.15596225493958 121.98145077748917 113.26459270757425 101.920430897226 88.51162316195958 80.35381593904339 72.94546124461442 71.57401675782357 75.69425373166295 81.27666983966851 88.07699689374525 96.61826073006944 107.19253814743813 117.69176922138378 128.22076783507802 140.0523066477984 156.72225335686784 168.7816062621035 178.12382549545475 185.68446403681958 187.35055492237362 183.90061235289915 167.03636559411387 135.43524511324114 121.97231962065057 112.13620562948103 102.88617134476013 95.185662378752 90.62574909778084 88.16542750643573 90.44985608318942
canvas 0 5 107.27366046949739 106.74096462261991 105.30648063088478 101.93288689641803 96.920667568588 91.05525010950089 84.82706155105842 82.88312165559647 82.07496278730974 84.57614869279496 89.4382736176491 97.71812217518054 122.910166997459 143.93219630932754 152.80656238410324 159.84823145902115 162.49692399478846 159.8419413640398 154.9974931184725 150.33579573469817 146.7813171950252 143.33286996006547 138.61087700308738 132.42213450249318 124.1296025408924 115.84911340910493 108.5829424659057 102.02874677946961 98.80503279419322 97.27295680672766 101.02392481038937 108.23833429593795
canvas 0 6 107.2091626612336 107.02039045116167 106.42621323791694 104.41983318529472 101.20395358919217 97.0986004738928 95.39533460739896 94.5078089247422 95.04470256828586 95.83282929392453 100.38531959828552 112.40745761737648 135.1757850623056 146.1727526929292 153.72410661065823 158.9150611079113 154.9217088407036 150.1690328987263 137.3323703954448 127.89067201870985 124.33009882615504 122.45815556714429 120.80652008031778 117.98019434397392 113.51453965893339 108.89652500562188 104.37909884677913 103.02514730316483 104.49524016378805 107.43315436995638 124.15530692983283 129.70411294885764
canvas 0 7 108.34981532771727 109.1025336192035 109.93582510980598 110.06365191121853 109.16612668283003 108.46947516496535 108.70221193090934 108.90159998789602 109.31911067276366 108.78010946130279 112.07585323782106 119.34623845243034 138.63103260667407 148.41502936417257 154.13721053517585 151.25129354127267 147.96908858405163 135.96590235572577 114.4147674540777 112.15491065833065 110.23129404388202 108.43511048055682 106.99206531229298 105.53954200912725 103.64238945918198 101.74986713244566 102.18085210247165 106.25305447598203 110.58390975316178 123.44595328076966 141.09618561085176 144.6193186419086
canvas 0 8 109.94947209539689 111.74724987231124 114.28833950219773 116.89236922109254 118.20869503206407 118.6326995775152 118.5645514624158 118.47832999682126 124.8396831862335 120.31479479164781 120.77255751138324 124.62156933414083 141.01274397595517 150.56783634248737 148.34970220848362 144.60746998746538 139.97095941707806 119.57413910662076 101.82847200985864 98.52071675087491 96.51890360474108 94.11346624812705 92.80592877445442 92.70258252667259 95.2795804359167 98.26961361937387 103.25364767750546 109.52649556373491 115.22976066047717 131.66873383573446 146.15970576418297 155.0804821836881
canvas 0 9 112.42564582994785 115.00329304603852 119.35642918390077 124.40096908251391 130.46437581478912 135.88839084134287 143.72581778066836 148.67982284739924 136.70262357532062 130.4293013763768 129.690553708875 133.12201550324312 141.73414758446495 145.1226672096221 142.01953674424132 137.9513558310535 129.89683992828745 109.74826109628302 91.14244774461729 86.41221053040705 83.54804948626328 81.86635926938057 81.75883658944096 83.7192897472078 87.13766531166034 96.10445006700945 102.81505066686378 111.42647801730735 131.60687471202618 151.7791621260521 155.5880002747145 161.0515522173314
canvas 0 10 115.05622706203486 119.11174139148503 126.20444276084893 135.27242916858023 144.0662472995217 156.52832234806127 179.0005706477498 191.43473385349515 192.26027122000502 187.72101328762267 175.5494467367099 155.98110479646587 135.8237666534287 123.76032188831273 111.42492191750962 102.19927540536075 92.19988710986387 83.69524713658727 77.77840824483789 74.19999707889163 71.98238236258452 71.51083932947546 72.28143525266107 76.73000187585713 112.6656497999249 125.94047199495743 139.4478979976813 148.25675358169147 153.3396802247644 154.12665241770168 155.7834175484258 157.1514779735522
canvas 0 11 117.18493765881368 122.85420719010551 131.4931805238571 141.02903468962683 150.35436232155638 163.94929776858595 184.96507056326485 195.71437996147426 199.49021314496432 200.94365942801025 195.48327635811074 172.32355062237602 133.15974840171705 116.8390961897647 105.30746585097476 95.28233137521522 85.62450558248341 77.34744998929817 70.53597771701224 65.18418040084298 61.793797051768 62.36593127271733 66.65222742450258 73.25157490988349 120.34783446858305 141.3245639899278 152.9104370780928 160.88847687042397 166.35925871264288 162.47347206280926 157.5877375923431 154.67216529829568
canvas 0 12 118.50072425412257 125.2303951170171 135.1249072281397 146.17158611946584 154.35700517239425 163.92335908207127 184.22287778679683 197.25496479309496 199.65651918700925 200.442668142206 192.1539833159995 172.58869422481268 131.39407455920082 114.01821464499349 100.8051481852385 90.69785045965571 81.16640305095372 74.2274794137014 68.79544912712339 63.47784735727188 59.30407383054778 58.731653308367065 65.3746753179142 77.83197022674425 100.70400484389806 134.8360090407774 152.1116434416348 160.6291454934402 167.43500558778658 172.01041590316444 161.6546827086156 159.10519272996962
canvas 0 13 119.9569214339393 126.85695668730692 138.9756134723253 150.49331655103904 159.40072499981605 167.85079886597052 181.24154067666763 194.63399154875648 198.68961221978768 199.92840598763593 192.40218067705328 175.27499812424875 130.89160311121188 112.01974382505523 98.05477310345675 87.28569474420169 79.60904149383776 72.69861912478815 67.45098621999954 63.37042273243611 60.88447463988727 60.56829087177553 65.57903068376869 77.68895761764603 109.9415850225835 137.26736774530534 151.2625273980021 160.15222308828695 166.9459878623703 166.80295577182872 159.73098626380366 154.3718826978926
canvas 0 14 123.56556048822605 135.92021336194048 148.23214617632382 157.1421912502681 165.4070861531949 174.47109128231764 181.2489303647375 189.3677018892823 196.15394507293274 197.10643573788934 191.15261711120212 167.856843117159 130.0118797627516 111.97123814111613 97.32863390791107 85.64301368587951 78.33641486743664 74.04348205898654 72.52855719126521 66.27520207299469 63.37179037742231 65.54564476928073 68.19100034383996 82.35231408063581 123.94396967316652 137.58268572931635 150.43499047331153 153.4809719664095 147.78133657530915 140.74706824872442 142.66910951952602 146.62711515654053
canvas 0 15 162.70110509183903 164.1082958739167 166.46827389008033 169.13106238965744 173.02429018633453 177.26630101343497 177.70185811718528 177.00365114884463 148.36092980955908 145.6160130322037 141.8844259573772 135.2630907081039 125.72551551816888 111.72269136070749 98.04907634095946 88.22256820413763 83.14005515082407 84.58903201834913 103.72809511714237 106.63453377075452 107.20221837584985 107.6413243112705 109.52355497248762 110.87609993511636 105.60904996023747 106.39951793261734 108.3314534694672 109.96700459857792 116.65812097228005 129.4017145371925 139.9016617566208 142.24941308594745
canvas 0 16 162.38652035389012 163.67346545583115 166.1037260547215 170.23661276547966 170.82154621780762 169.7621901826995 167.64806766118852 142.4859125519475 141.53543278603314 139.37449743928926 135.7833881610382 130.59624937160135 118.720309276103 108.59505616390318 99.17031391294393 93.37771229248548 89.02406829709393 93.54486740347778 114.85765954049293 117.42464762938148 118.32552954943206 118.6706248014134 120.10031269064399 119.68923978253544 108.11382734067998 109.35004150423619 110.59590885905597 112.03956194147337 113.49415510193857 116.04990389373206 128.83804631642764 137.66423829158862
canvas 0 17 159.95234059587682 160.64317906826608 161.80848706013157 163.8769111539338 162.79953566999558 161.11152221854653 141.2012153338673 130.90388678072264 130.89035449683357 129.52375339929506 126.42477079600081 121.43107644292185 115.01552304805394 107.93820111201879 102.62774012062384 99.72174527598551 93.29408391733703 96.87862289365964 127.06099258513993 136.46110841174092 134.23364726375982 132.4287757386279 130.98547701848773 130.42120467528133 110.91446824048153 111.75481781596079 112.42544383633327 112.96581220929006 113.55085166136227 113.98202993003454 114.85837187919404 116.97565990745893
canvas 0 18 155.8347691729453 154.3055415247663 153.79300631975502 154.40134524723706 154.02389602893336 148.17299430831264 125.8098663803275 118.5653776152556 118.18308886600408 117.2097738841593 115.56102895474712 114.22897099348152 112.72750975414449 111.12040189421904 110.56216154797589 107.90041659138046 98.45881376314911 105.39138816607839 138.31321544670467 142.59841299890857 140.93531546764424 139.98350366812716 136.1721208882137 131.5968623881222 113.06690966025377 113.65837195597196 114.01019906759417 113.61630802751951 112.93182134671927 113.5549736604769 113.32684149927114 113.51238263664993
canvas 0 19 149.9525018641205 146.72160838336146 144.0958962499429 144.2879544559564 140.2071554547188 127.74383203324112 109.31539498313893 104.7529724054302 105.14461688355186 104.61911561363928 105.0349716364496 108.26784085147251 114.33240169488364 119.38399525742386 121.84139601782056 122.63685528757063 115.23279055856932 128.12496577027628 143.89350904349345 148.44057201858243 147.39603741060148 144.29566044964628 137.28418841883203 130.35839799132856 115.59795935011492 115.476611771924 115.09624648642036 113.70128918918289 110.76605318348592 110.12720894288042 112.01737366591915 111.42586416687656
canvas 0 20 111.71005905517573 109.51783196883852 106.89681811173193 98.04936443160167 94.71334547005893 92.49746924335133 91.61734420586555 91.5479876097484 92.29099027533604 93.4015967948899 95.93075194770114 104.44853863565119 118.39018033885951 131.8735878447271 139.95395246248947 146.59969308239056 153.19044758848955 151.9145485384765 147.03819582467483 144.13676725563738 140.45689780982343 137.21004122576423 134.6040322487148 132.7133358580169 122.12066523968922 119.36588815531519 115.94129700911633 107.0840159351451 103.93227208700502 104.18683890788445 110.72695560012485 128.77819298135088
canvas 0 21 105.24913689668432 103.16826600938056 90.99368621730619 85.83035892451339 82.17295360890274 80.48871351601792 79.81938683615711 79.07197882087814 81.07149124242702 83.69759085420392 87.12594004494483 99.2894135186839 127.43623768100788 148.27982295493615 154.32960562679054 160.07542501975954 168.5092986118535 168.75739473642253 150.1211554172183 147.104101646916 144.1089522736559 140.84197751419947 138.07385790846118 135.66621456721313 126.01044438653102 122.90191772234098 117.8654868990556 105.81090530494976 102.04423642787529 101.68343924017374 113.24393352431463 128.09076517560428
canvas 0 22 100.69197225866266 96.9359720830182 81.41167431750664 73.48990042778202 70.56013274254111 69.67634878578279 68.93369653736032 68.32733371031937 69.6220047029974 72.73928597213983 75.96043799121854 90.41128120338675 133.82982884425348 155.02720901340865 162.87724690664948 169.04691572175784 176.10766596102513 180.069634683818 154.78032544247043 150.44710897677416 147.36620375159387 143.90110565289808 140.62863283066864 137.69799530458675 127.25929407469455 124.15785756706865 120.32286630565962 108.67799407102167 101.76129148037201 101.8614279277209 107.28442300124604 125.25543800355639
canvas 0 23 95.42386597231848 88.3027469441403 72.45702081021382 63.83391127739603 59.214438014144775 57.931104483156545 58.00613748295817 58.437978480487516 59.29197123232587 62.08783361110607 70.5983347246079 89.53827948402758 135.1614732315934 157.59590673870264 171.58521741472978 179.4290195129311 182.4262338963646 180.88877828170226 162.3269750824466 157.0874582287323 152.80988159675545 148.44024326879213 143.0827631193491 137.6151582497025 128.7503108928302 123.83314075115825 119.13588186353643 114.68751067087807 104.5725766749599 102.22505345979748 101.03667553584756 99.93144978266868
constants method=tgv centres_tested=8.627622486870601e-13 centres_reference=4.510791180808633e-14 tau=0.9330261158225017 sigma=0.09330261158225017 rho=1.0 root=0.9949874371066201 gamma_max=1.0 lipschitz=239.90578230142967 dual_lipschitz=11528.111033469459 dual_centres=0.0005274300502137627 weight_max=2.5e-06 dual_reach=4075.802743018852 dual_fixed=0.3780000000000001 xi_bound=78.38367176906178 xi_terms_bound=443.40500673763256 one_step=1.0 cells=1 vector_terms=2 tensor_terms=3 primal_terms=2324 dual_terms=776 dual_rounding=20
start SI0=5241.77766851718 Sp0=24.569619501846915 Sr0=51.32551726291288
majorant 0 ME=50.37932694768547 Ma=51.01961226952156 Mb=58.50452141540029 McenA=1.0305284763079971e-18 McenR=7.592244606017011e-20 Md=56.64491441586958 Mf=24142.871429274266 Mg=59.00511593743948 Mh=136.8163521782496 Mi=5245.774410423714 Mmean=0.0 Mp=24.578081934539888 Mphi=3524.0044588900396 Mput=0.0 Mq=328.9685414307138 Mr=51.33640310423468 Mw=213.93871290385812 Mwbar=19.517023853851697 Mx=3526.1916496144972
recordbound 0 Dabs=15853.400626531762 Lcen=0.00016081483580796083 Lzeta=0.00016081483580796083 P=9602.372048284391 Zdot=2926846.610374812
recordbound 1 Dabs=15603.48174486225 Lcen=0.00016112956191074117 Lzeta=0.00016112956191074117 P=9551.552829933218 Zdot=2933790.025922578
stop 1 iterations
tolerance canvas 1.2255163323839075e-10
tolerance record 0 9.143811549472976e-09 8.384396978425891e-08 -1.0
tolerance record 1 3.4330270855192856e-08 8.381774545850699e-08 -1.0
