# A conformance case of JPEG-Unround, written by conformance/generate.py: the quantized
# coefficients of a picture and the options of its reconstruction; what the Python
# implementation made of them; the exact centres; and what bounds the rounding of that
# run, from which conformance/bounds.py computes the tolerances at the end (docs/math.md, 9).
# Each line is a keyword and its values. Numbers are decimal, each double the shortest
# decimal that reads back as it; an exact centre is hi:lo, two doubles whose sum is the
# value to about 2^-106 of it.
name grey-tv-stop
picture 21 30 grayscale
component 0 1 1 3 4
table 0 32 22 20 32 48 80 102 122 24 24 28 38 52 116 120 110 28 26 32 48 80 114 138 112 28 34 44 58 102 174 160 124 36 44 74 112 136 218 206 154 48 70 110 128 162 208 226 184 98 128 156 174 206 242 240 202 144 184 190 196 224 200 206 198
levels 0 0 -6 7 -2 1 0 0 0 0 1 4 -1 1 0 0 0 0 0 -1 0 0 0 0 0 0 -1 0 0 0 0 0 0 0 1 0 0 0 0 0 0 0 0 0 0 0 0 0 0 0 0 0 0 0 0 0 0 0 0 0 0 0 0 0 0 0 -6 -9 1 0 0 0 0 0 -5 0 0 -1 0 0 0 0 2 0 0 0 0 0 0 0 0 0 0 0 0 0 0 0 -1 1 0 0 0 0 0 0 0 0 0 0 0 0 0 0 0 0 0 0 0 0 0 0 0 0 0 0 0 0 0 0 9 -2 -3 0 0 0 0 0 8 -4 -3 -1 0 0 0 0 -3 2 1 0 0 0 0 0 0 1 0 0 0 0 0 0 0 -1 0 0 0 0 0 0 0 0 0 0 0 0 0 0 0 0 0 0 0 0 0 0 0 0 0 0 0 0 0 0 -6 4 2 0 0 0 0 0 -2 5 -1 0 0 0 0 0 1 -2 0 0 0 0 0 0 0 0 0 0 0 0 0 0 0 0 0 0 0 0 0 0 0 0 0 0 0 0 0 0 0 0 0 0 0 0 0 0 0 0 0 0 0 0 0 0
levels 0 1 5 -7 1 -1 0 0 0 0 -5 1 0 0 0 0 0 0 -1 3 -1 0 0 0 0 0 -2 0 0 0 0 0 0 0 0 1 0 0 0 0 0 0 0 0 0 0 0 0 0 0 0 0 0 0 0 0 0 0 0 0 0 0 0 0 0 0 4 10 -1 0 0 0 0 0 0 -5 1 1 0 0 0 0 -2 -5 0 1 0 0 0 0 1 0 0 0 0 0 0 0 -1 -1 0 0 0 0 0 0 1 1 0 0 0 0 0 0 0 0 0 0 0 0 0 0 0 0 0 0 0 0 0 0 -12 2 2 0 0 0 0 0 2 2 1 1 0 0 0 0 4 0 0 0 0 0 0 0 -1 1 0 0 0 0 0 0 1 0 0 0 0 0 0 0 -1 0 0 0 0 0 0 0 0 0 0 0 0 0 0 0 0 0 0 0 0 0 0 0 3 -5 -2 0 0 0 0 0 -1 -1 1 0 0 0 0 0 -4 -1 2 0 0 0 0 0 1 0 0 0 0 0 0 0 -1 0 0 0 0 0 0 0 1 1 0 0 0 0 0 0 0 0 0 0 0 0 0 0 0 0 0 0 0 0 0 0
levels 0 2 -3 4 -1 1 0 0 0 0 12 -1 -2 0 0 0 0 0 0 0 0 0 0 0 0 0 -1 -1 0 0 0 0 0 0 0 0 0 0 0 0 0 0 1 0 0 0 0 0 0 0 0 0 0 0 0 0 0 0 0 0 0 0 0 0 0 0 -3 -5 0 1 0 0 0 0 0 8 -1 -1 0 0 0 0 0 0 0 0 0 0 0 0 1 0 0 0 0 0 0 0 0 0 0 0 0 0 0 0 0 0 0 0 0 0 0 0 0 0 0 0 0 0 0 0 0 0 0 0 0 0 0 0 3 0 -1 0 0 0 0 0 -5 -4 -2 -1 0 0 0 0 0 0 0 0 0 0 0 0 -1 1 1 0 0 0 0 0 0 0 0 0 0 0 0 0 0 0 0 0 0 0 0 0 0 0 0 0 0 0 0 0 0 0 0 0 0 0 0 0 -4 0 2 -1 0 0 0 0 0 -2 -1 0 0 0 0 0 0 0 0 0 0 0 0 0 0 -1 1 0 0 0 0 0 0 0 0 0 0 0 0 0 0 0 0 0 0 0 0 0 0 0 0 0 0 0 0 0 0 0 0 0 0 0 0 0
options --method tv --alpha 1.0 --alpha1 1.0 --alpha0 2.0 --channels coupled --mu 0.001 --mu-scale 1.0 --mu-power 1.0 --weight-power 2.0 --dc-weight 0.0 --centres mmse --slack 0.0 --slack-cost 0.0 --relative-tolerance 0.0 --partial-tolerance 0.0 --step-product 0.99 --record-every 10 --free-radius 255.0 --iterations 600 --tolerance 0.010760212620526085 --subgradient-iterations 50 --subgradient-record-every 1 --subgradient-step 0.5 --subgradient-decay 0.5
steps 1.9267848867997692 0.06422616289332565
weights 0 0.0 2.066115702479339e-06 2.5e-06 9.765625e-07 4.340277777777778e-07 1.5625e-07 9.611687812379854e-08 6.718624025799516e-08 1.7361111111111112e-06 1.7361111111111112e-06 1.2755102040816327e-06 6.925207756232687e-07 3.698224852071006e-07 7.431629013079668e-08 6.944444444444444e-08 8.264462809917355e-08 1.2755102040816327e-06 1.4792899408284024e-06 9.765625e-07 4.340277777777778e-07 1.5625e-07 7.694675284702986e-08 5.2509976895610165e-08 7.971938775510204e-08 1.2755102040816327e-06 8.650519031141868e-07 5.165289256198347e-07 2.972651605231867e-07 9.611687812379854e-08 3.3029462280354074e-08 3.90625e-08 6.503642039542144e-08 7.71604938271605e-07 5.165289256198347e-07 1.8261504747991236e-07 7.971938775510204e-08 5.4065743944636676e-08 2.1041999831664e-08 2.3564897728343858e-08 4.2165626581210995e-08 4.340277777777778e-07 2.0408163265306124e-07 8.264462809917355e-08 6.103515625e-08 3.8103947568968145e-08 2.3113905325443787e-08 1.95786670843449e-08 2.953686200378072e-08 1.0412328196584757e-07 6.103515625e-08 4.10913872452334e-08 3.3029462280354074e-08 2.3564897728343858e-08 1.707533638412677e-08 1.736111111111111e-08 2.450740123517302e-08 4.822530864197531e-08 2.953686200378072e-08 2.7700831024930747e-08 2.6030820491461892e-08 1.992984693877551e-08 2.5e-08 2.3564897728343858e-08 2.5507601265177022e-08
lower 0 0 816.0 143.0 -50.0 16.0 -24.0 -40.0 -51.0 -61.0 12.0 84.0 -42.0 19.0 -26.0 -58.0 -60.0 -55.0 -14.0 -39.0 -16.0 -24.0 -40.0 -57.0 -69.0 -56.0 -42.0 -17.0 -22.0 -29.0 -51.0 -87.0 -80.0 -62.0 18.0 -22.0 -37.0 -56.0 -68.0 -109.0 -103.0 -77.0 -24.0 -35.0 -55.0 -64.0 -81.0 -104.0 -113.0 -92.0 -49.0 -64.0 -78.0 -87.0 -103.0 -121.0 -120.0 -101.0 -72.0 -92.0 -95.0 -98.0 -112.0 -100.0 -103.0 -99.0 816.0 -209.0 10.0 -16.0 -24.0 -40.0 -51.0 -61.0 -132.0 -12.0 -14.0 -57.0 -26.0 -58.0 -60.0 -55.0 42.0 -13.0 -16.0 -24.0 -40.0 -57.0 -69.0 -56.0 -14.0 -17.0 -22.0 -29.0 -51.0 -87.0 -80.0 -62.0 -54.0 22.0 -37.0 -56.0 -68.0 -109.0 -103.0 -77.0 -24.0 -35.0 -55.0 -64.0 -81.0 -104.0 -113.0 -92.0 -49.0 -64.0 -78.0 -87.0 -103.0 -121.0 -120.0 -101.0 -72.0 -92.0 -95.0 -98.0 -112.0 -100.0 -103.0 -99.0 1296.0 -55.0 -70.0 -16.0 -24.0 -40.0 -51.0 -61.0 180.0 -108.0 -98.0 -57.0 -26.0 -58.0 -60.0 -55.0 -98.0 39.0 16.0 -24.0 -40.0 -57.0 -69.0 -56.0 -14.0 17.0 -22.0 -29.0 -51.0 -87.0 -80.0 -62.0 -18.0 -66.0 -37.0 -56.0 -68.0 -109.0 -103.0 -77.0 -24.0 -35.0 -55.0 -64.0 -81.0 -104.0 -113.0 -92.0 -49.0 -64.0 -78.0 -87.0 -103.0 -121.0 -120.0 -101.0 -72.0 -92.0 -95.0 -98.0 -112.0 -100.0 -103.0 -99.0 816.0 77.0 30.0 -16.0 -24.0 -40.0 -51.0 -61.0 -60.0 108.0 -42.0 -19.0 -26.0 -58.0 -60.0 -55.0 14.0 -65.0 -16.0 -24.0 -40.0 -57.0 -69.0 -56.0 -14.0 -17.0 -22.0 -29.0 -51.0 -87.0 -80.0 -62.0 -18.0 -22.0 -37.0 -56.0 -68.0 -109.0 -103.0 -77.0 -24.0 -35.0 -55.0 -64.0 -81.0 -104.0 -113.0 -92.0 -49.0 -64.0 -78.0 -87.0 -103.0 -121.0 -120.0 -101.0 -72.0 -92.0 -95.0 -98.0 -112.0 -100.0 -103.0 -99.0
lower 0 1 1168.0 -165.0 10.0 -48.0 -24.0 -40.0 -51.0 -61.0 -132.0 12.0 -14.0 -19.0 -26.0 -58.0 -60.0 -55.0 -42.0 65.0 -48.0 -24.0 -40.0 -57.0 -69.0 -56.0 -70.0 -17.0 -22.0 -29.0 -51.0 -87.0 -80.0 -62.0 -18.0 22.0 -37.0 -56.0 -68.0 -109.0 -103.0 -77.0 -24.0 -35.0 -55.0 -64.0 -81.0 -104.0 -113.0 -92.0 -49.0 -64.0 -78.0 -87.0 -103.0 -121.0 -120.0 -101.0 -72.0 -92.0 -95.0 -98.0 -112.0 -100.0 -103.0 -99.0 1136.0 209.0 -30.0 -16.0 -24.0 -40.0 -51.0 -61.0 -12.0 -132.0 14.0 19.0 -26.0 -58.0 -60.0 -55.0 -70.0 -143.0 -16.0 24.0 -40.0 -57.0 -69.0 -56.0 14.0 -17.0 -22.0 -29.0 -51.0 -87.0 -80.0 -62.0 -54.0 -66.0 -37.0 -56.0 -68.0 -109.0 -103.0 -77.0 24.0 35.0 -55.0 -64.0 -81.0 -104.0 -113.0 -92.0 -49.0 -64.0 -78.0 -87.0 -103.0 -121.0 -120.0 -101.0 -72.0 -92.0 -95.0 -98.0 -112.0 -100.0 -103.0 -99.0 624.0 33.0 30.0 -16.0 -24.0 -40.0 -51.0 -61.0 36.0 36.0 14.0 19.0 -26.0 -58.0 -60.0 -55.0 98.0 -13.0 -16.0 -24.0 -40.0 -57.0 -69.0 -56.0 -42.0 17.0 -22.0 -29.0 -51.0 -87.0 -80.0 -62.0 18.0 -22.0 -37.0 -56.0 -68.0 -109.0 -103.0 -77.0 -72.0 -35.0 -55.0 -64.0 -81.0 -104.0 -113.0 -92.0 -49.0 -64.0 -78.0 -87.0 -103.0 -121.0 -120.0 -101.0 -72.0 -92.0 -95.0 -98.0 -112.0 -100.0 -103.0 -99.0 1104.0 -121.0 -50.0 -16.0 -24.0 -40.0 -51.0 -61.0 -36.0 -36.0 14.0 -19.0 -26.0 -58.0 -60.0 -55.0 -126.0 -39.0 48.0 -24.0 -40.0 -57.0 -69.0 -56.0 14.0 -17.0 -22.0 -29.0 -51.0 -87.0 -80.0 -62.0 -54.0 -22.0 -37.0 -56.0 -68.0 -109.0 -103.0 -77.0 24.0 35.0 -55.0 -64.0 -81.0 -104.0 -113.0 -92.0 -49.0 -64.0 -78.0 -87.0 -103.0 -121.0 -120.0 -101.0 -72.0 -92.0 -95.0 -98.0 -112.0 -100.0 -103.0 -99.0
lower 0 2 912.0 77.0 -30.0 16.0 -24.0 -40.0 -51.0 -61.0 276.0 -36.0 -70.0 -19.0 -26.0 -58.0 -60.0 -55.0 -14.0 -13.0 -16.0 -24.0 -40.0 -57.0 -69.0 -56.0 -42.0 -51.0 -22.0 -29.0 -51.0 -87.0 -80.0 -62.0 -18.0 -22.0 -37.0 -56.0 -68.0 -109.0 -103.0 -77.0 24.0 -35.0 -55.0 -64.0 -81.0 -104.0 -113.0 -92.0 -49.0 -64.0 -78.0 -87.0 -103.0 -121.0 -120.0 -101.0 -72.0 -92.0 -95.0 -98.0 -112.0 -100.0 -103.0 -99.0 912.0 -121.0 -10.0 16.0 -24.0 -40.0 -51.0 -61.0 -12.0 180.0 -42.0 -57.0 -26.0 -58.0 -60.0 -55.0 -14.0 -13.0 -16.0 -24.0 -40.0 -57.0 -69.0 -56.0 14.0 -17.0 -22.0 -29.0 -51.0 -87.0 -80.0 -62.0 -18.0 -22.0 -37.0 -56.0 -68.0 -109.0 -103.0 -77.0 -24.0 -35.0 -55.0 -64.0 -81.0 -104.0 -113.0 -92.0 -49.0 -64.0 -78.0 -87.0 -103.0 -121.0 -120.0 -101.0 -72.0 -92.0 -95.0 -98.0 -112.0 -100.0 -103.0 -99.0 1104.0 -11.0 -30.0 -16.0 -24.0 -40.0 -51.0 -61.0 -132.0 -108.0 -70.0 -57.0 -26.0 -58.0 -60.0 -55.0 -14.0 -13.0 -16.0 -24.0 -40.0 -57.0 -69.0 -56.0 -42.0 17.0 22.0 -29.0 -51.0 -87.0 -80.0 -62.0 -18.0 -22.0 -37.0 -56.0 -68.0 -109.0 -103.0 -77.0 -24.0 -35.0 -55.0 -64.0 -81.0 -104.0 -113.0 -92.0 -49.0 -64.0 -78.0 -87.0 -103.0 -121.0 -120.0 -101.0 -72.0 -92.0 -95.0 -98.0 -112.0 -100.0 -103.0 -99.0 880.0 -11.0 30.0 -48.0 -24.0 -40.0 -51.0 -61.0 -12.0 -60.0 -42.0 -19.0 -26.0 -58.0 -60.0 -55.0 -14.0 -13.0 -16.0 -24.0 -40.0 -57.0 -69.0 -56.0 -14.0 -51.0 22.0 -29.0 -51.0 -87.0 -80.0 -62.0 -18.0 -22.0 -37.0 -56.0 -68.0 -109.0 -103.0 -77.0 -24.0 -35.0 -55.0 -64.0 -81.0 -104.0 -113.0 -92.0 -49.0 -64.0 -78.0 -87.0 -103.0 -121.0 -120.0 -101.0 -72.0 -92.0 -95.0 -98.0 -112.0 -100.0 -103.0 -99.0
upper 0 0 848.0 165.0 -30.0 48.0 24.0 40.0 51.0 61.0 36.0 108.0 -14.0 57.0 26.0 58.0 60.0 55.0 14.0 -13.0 16.0 24.0 40.0 57.0 69.0 56.0 -14.0 17.0 22.0 29.0 51.0 87.0 80.0 62.0 54.0 22.0 37.0 56.0 68.0 109.0 103.0 77.0 24.0 35.0 55.0 64.0 81.0 104.0 113.0 92.0 49.0 64.0 78.0 87.0 103.0 121.0 120.0 101.0 72.0 92.0 95.0 98.0 112.0 100.0 103.0 99.0 848.0 -187.0 30.0 16.0 24.0 40.0 51.0 61.0 -108.0 12.0 14.0 -19.0 26.0 58.0 60.0 55.0 70.0 13.0 16.0 24.0 40.0 57.0 69.0 56.0 14.0 17.0 22.0 29.0 51.0 87.0 80.0 62.0 -18.0 66.0 37.0 56.0 68.0 109.0 103.0 77.0 24.0 35.0 55.0 64.0 81.0 104.0 113.0 92.0 49.0 64.0 78.0 87.0 103.0 121.0 120.0 101.0 72.0 92.0 95.0 98.0 112.0 100.0 103.0 99.0 1328.0 -33.0 -50.0 16.0 24.0 40.0 51.0 61.0 204.0 -84.0 -70.0 -19.0 26.0 58.0 60.0 55.0 -70.0 65.0 48.0 24.0 40.0 57.0 69.0 56.0 14.0 51.0 22.0 29.0 51.0 87.0 80.0 62.0 18.0 -22.0 37.0 56.0 68.0 109.0 103.0 77.0 24.0 35.0 55.0 64.0 81.0 104.0 113.0 92.0 49.0 64.0 78.0 87.0 103.0 121.0 120.0 101.0 72.0 92.0 95.0 98.0 112.0 100.0 103.0 99.0 848.0 99.0 50.0 16.0 24.0 40.0 51.0 61.0 -36.0 132.0 -14.0 19.0 26.0 58.0 60.0 55.0 42.0 -39.0 16.0 24.0 40.0 57.0 69.0 56.0 14.0 17.0 22.0 29.0 51.0 87.0 80.0 62.0 18.0 22.0 37.0 56.0 68.0 109.0 103.0 77.0 24.0 35.0 55.0 64.0 81.0 104.0 113.0 92.0 49.0 64.0 78.0 87.0 103.0 121.0 120.0 101.0 72.0 92.0 95.0 98.0 112.0 100.0 103.0 99.0
upper 0 1 1200.0 -143.0 30.0 -16.0 24.0 40.0 51.0 61.0 -108.0 36.0 14.0 19.0 26.0 58.0 60.0 55.0 -14.0 91.0 -16.0 24.0 40.0 57.0 69.0 56.0 -42.0 17.0 22.0 29.0 51.0 87.0 80.0 62.0 18.0 66.0 37.0 56.0 68.0 109.0 103.0 77.0 24.0 35.0 55.0 64.0 81.0 104.0 113.0 92.0 49.0 64.0 78.0 87.0 103.0 121.0 120.0 101.0 72.0 92.0 95.0 98.0 112.0 100.0 103.0 99.0 1168.0 231.0 -10.0 16.0 24.0 40.0 51.0 61.0 12.0 -108.0 42.0 57.0 26.0 58.0 60.0 55.0 -42.0 -117.0 16.0 72.0 40.0 57.0 69.0 56.0 42.0 17.0 22.0 29.0 51.0 87.0 80.0 62.0 -18.0 -22.0 37.0 56.0 68.0 109.0 103.0 77.0 72.0 105.0 55.0 64.0 81.0 104.0 113.0 92.0 49.0 64.0 78.0 87.0 103.0 121.0 120.0 101.0 72.0 92.0 95.0 98.0 112.0 100.0 103.0 99.0 656.0 55.0 50.0 16.0 24.0 40.0 51.0 61.0 60.0 60.0 42.0 57.0 26.0 58.0 60.0 55.0 126.0 13.0 16.0 24.0 40.0 57.0 69.0 56.0 -14.0 51.0 22.0 29.0 51.0 87.0 80.0 62.0 54.0 22.0 37.0 56.0 68.0 109.0 103.0 77.0 -24.0 35.0 55.0 64.0 81.0 104.0 113.0 92.0 49.0 64.0 78.0 87.0 103.0 121.0 120.0 101.0 72.0 92.0 95.0 98.0 112.0 100.0 103.0 99.0 1136.0 -99.0 -30.0 16.0 24.0 40.0 51.0 61.0 -12.0 -12.0 42.0 19.0 26.0 58.0 60.0 55.0 -98.0 -13.0 80.0 24.0 40.0 57.0 69.0 56.0 42.0 17.0 22.0 29.0 51.0 87.0 80.0 62.0 -18.0 22.0 37.0 56.0 68.0 109.0 103.0 77.0 72.0 105.0 55.0 64.0 81.0 104.0 113.0 92.0 49.0 64.0 78.0 87.0 103.0 121.0 120.0 101.0 72.0 92.0 95.0 98.0 112.0 100.0 103.0 99.0
upper 0 2 944.0 99.0 -10.0 48.0 24.0 40.0 51.0 61.0 300.0 -12.0 -42.0 19.0 26.0 58.0 60.0 55.0 14.0 13.0 16.0 24.0 40.0 57.0 69.0 56.0 -14.0 -17.0 22.0 29.0 51.0 87.0 80.0 62.0 18.0 22.0 37.0 56.0 68.0 109.0 103.0 77.0 72.0 35.0 55.0 64.0 81.0 104.0 113.0 92.0 49.0 64.0 78.0 87.0 103.0 121.0 120.0 101.0 72.0 92.0 95.0 98.0 112.0 100.0 103.0 99.0 944.0 -99.0 10.0 48.0 24.0 40.0 51.0 61.0 12.0 204.0 -14.0 -19.0 26.0 58.0 60.0 55.0 14.0 13.0 16.0 24.0 40.0 57.0 69.0 56.0 42.0 17.0 22.0 29.0 51.0 87.0 80.0 62.0 18.0 22.0 37.0 56.0 68.0 109.0 103.0 77.0 24.0 35.0 55.0 64.0 81.0 104.0 113.0 92.0 49.0 64.0 78.0 87.0 103.0 121.0 120.0 101.0 72.0 92.0 95.0 98.0 112.0 100.0 103.0 99.0 1136.0 11.0 -10.0 16.0 24.0 40.0 51.0 61.0 -108.0 -84.0 -42.0 -19.0 26.0 58.0 60.0 55.0 14.0 13.0 16.0 24.0 40.0 57.0 69.0 56.0 -14.0 51.0 66.0 29.0 51.0 87.0 80.0 62.0 18.0 22.0 37.0 56.0 68.0 109.0 103.0 77.0 24.0 35.0 55.0 64.0 81.0 104.0 113.0 92.0 49.0 64.0 78.0 87.0 103.0 121.0 120.0 101.0 72.0 92.0 95.0 98.0 112.0 100.0 103.0 99.0 912.0 11.0 50.0 -16.0 24.0 40.0 51.0 61.0 12.0 -36.0 -14.0 19.0 26.0 58.0 60.0 55.0 14.0 13.0 16.0 24.0 40.0 57.0 69.0 56.0 14.0 -17.0 66.0 29.0 51.0 87.0 80.0 62.0 18.0 22.0 37.0 56.0 68.0 109.0 103.0 77.0 24.0 35.0 55.0 64.0 81.0 104.0 113.0 92.0 49.0 64.0 78.0 87.0 103.0 121.0 120.0 101.0 72.0 92.0 95.0 98.0 112.0 100.0 103.0 99.0
centres 0 0 832.0 153.60255580020547 -38.87336483449439 26.69226062420509 -0.0 -0.0 -0.0 -0.0 23.42270543668469 95.35154304291041 -25.988355002375418 32.91254725390694 -0.0 -0.0 -0.0 -0.0 -0.0 -24.28539510050995 -0.0 -0.0 -0.0 -0.0 -0.0 -0.0 -24.986518189902093 -0.0 -0.0 -0.0 -0.0 -0.0 -0.0 -0.0 30.028793202230727 -0.0 -0.0 -0.0 -0.0 -0.0 -0.0 -0.0 -0.0 -0.0 -0.0 -0.0 -0.0 -0.0 -0.0 -0.0 -0.0 -0.0 -0.0 -0.0 -0.0 -0.0 -0.0 -0.0 -0.0 -0.0 -0.0 -0.0 -0.0 -0.0 -0.0 -0.0 832.0 -197.6025558002055 18.87336483449439 -0.0 -0.0 -0.0 -0.0 -0.0 -119.42270543668468 -0.0 -0.0 -32.91254725390694 -0.0 -0.0 -0.0 -0.0 54.43783125476628 -0.0 -0.0 -0.0 -0.0 -0.0 -0.0 -0.0 -0.0 -0.0 -0.0 -0.0 -0.0 -0.0 -0.0 -0.0 -30.028793202230727 35.73027445971005 -0.0 -0.0 -0.0 -0.0 -0.0 -0.0 -0.0 -0.0 -0.0 -0.0 -0.0 -0.0 -0.0 -0.0 -0.0 -0.0 -0.0 -0.0 -0.0 -0.0 -0.0 -0.0 -0.0 -0.0 -0.0 -0.0 -0.0 -0.0 -0.0 -0.0 1312.0 -43.60255580020548 -58.87336483449439 -0.0 -0.0 -0.0 -0.0 -0.0 191.42270543668468 -95.35154304291041 -81.98835500237543 -32.91254725390694 -0.0 -0.0 -0.0 -0.0 -82.43783125476628 50.28539510050995 26.43440848163393 -0.0 -0.0 -0.0 -0.0 -0.0 -0.0 28.36052691321791 -0.0 -0.0 -0.0 -0.0 -0.0 -0.0 -0.0 -35.73027445971005 -0.0 -0.0 -0.0 -0.0 -0.0 -0.0 -0.0 -0.0 -0.0 -0.0 -0.0 -0.0 -0.0 -0.0 -0.0 -0.0 -0.0 -0.0 -0.0 -0.0 -0.0 -0.0 -0.0 -0.0 -0.0 -0.0 -0.0 -0.0 -0.0 -0.0 832.0 87.60255580020548 38.87336483449439 -0.0 -0.0 -0.0 -0.0 -0.0 -47.422705436684694 119.35154304291041 -25.988355002375418 -0.0 -0.0 -0.0 -0.0 -0.0 26.437831254766284 -50.28539510050995 -0.0 -0.0 -0.0 -0.0 -0.0 -0.0 -0.0 -0.0 -0.0 -0.0 -0.0 -0.0 -0.0 -0.0 -0.0 -0.0 -0.0 -0.0 -0.0 -0.0 -0.0 -0.0 -0.0 -0.0 -0.0 -0.0 -0.0 -0.0 -0.0 -0.0 -0.0 -0.0 -0.0 -0.0 -0.0 -0.0 -0.0 -0.0 -0.0 -0.0 -0.0 -0.0 -0.0 -0.0 -0.0 -0.0
centres 0 1 1184.0 -153.60255580020547 18.87336483449439 -26.69226062420509 -0.0 -0.0 -0.0 -0.0 -119.42270543668468 23.3515430429104 -0.0 -0.0 -0.0 -0.0 -0.0 -0.0 -26.437831254766284 76.28539510050996 -26.43440848163393 -0.0 -0.0 -0.0 -0.0 -0.0 -52.98651818990209 -0.0 -0.0 -0.0 -0.0 -0.0 -0.0 -0.0 -0.0 35.73027445971005 -0.0 -0.0 -0.0 -0.0 -0.0 -0.0 -0.0 -0.0 -0.0 -0.0 -0.0 -0.0 -0.0 -0.0 -0.0 -0.0 -0.0 -0.0 -0.0 -0.0 -0.0 -0.0 -0.0 -0.0 -0.0 -0.0 -0.0 -0.0 -0.0 -0.0 1152.0 219.6025558002055 -18.87336483449439 -0.0 -0.0 -0.0 -0.0 -0.0 -0.0 -119.35154304291041 25.988355002375418 32.91254725390694 -0.0 -0.0 -0.0 -0.0 -54.43783125476628 -128.28539510050996 -0.0 33.2823531006096 -0.0 -0.0 -0.0 -0.0 24.986518189902093 -0.0 -0.0 -0.0 -0.0 -0.0 -0.0 -0.0 -30.028793202230727 -35.73027445971005 -0.0 -0.0 -0.0 -0.0 -0.0 -0.0 38.978481228774605 52.23324117812485 -0.0 -0.0 -0.0 -0.0 -0.0 -0.0 -0.0 -0.0 -0.0 -0.0 -0.0 -0.0 -0.0 -0.0 -0.0 -0.0 -0.0 -0.0 -0.0 -0.0 -0.0 -0.0 640.0 43.60255580020548 38.87336483449439 -0.0 -0.0 -0.0 -0.0 -0.0 47.422705436684694 47.3515430429104 25.988355002375418 32.91254725390694 -0.0 -0.0 -0.0 -0.0 110.43783125476628 -0.0 -0.0 -0.0 -0.0 -0.0 -0.0 -0.0 -24.986518189902093 28.36052691321791 -0.0 -0.0 -0.0 -0.0 -0.0 -0.0 30.028793202230727 -0.0 -0.0 -0.0 -0.0 -0.0 -0.0 -0.0 -38.978481228774605 -0.0 -0.0 -0.0 -0.0 -0.0 -0.0 -0.0 -0.0 -0.0 -0.0 -0.0 -0.0 -0.0 -0.0 -0.0 -0.0 -0.0 -0.0 -0.0 -0.0 -0.0 -0.0 -0.0 1120.0 -109.60255580020548 -38.87336483449439 -0.0 -0.0 -0.0 -0.0 -0.0 -23.42270543668469 -23.3515430429104 25.988355002375418 -0.0 -0.0 -0.0 -0.0 -0.0 -110.43783125476628 -24.28539510050995 58.43440848163393 -0.0 -0.0 -0.0 -0.0 -0.0 24.986518189902093 -0.0 -0.0 -0.0 -0.0 -0.0 -0.0 -0.0 -30.028793202230727 -0.0 -0.0 -0.0 -0.0 -0.0 -0.0 -0.0 38.978481228774605 52.23324117812485 -0.0 -0.0 -0.0 -0.0 -0.0 -0.0 -0.0 -0.0 -0.0 -0.0 -0.0 -0.0 -0.0 -0.0 -0.0 -0.0 -0.0 -0.0 -0.0 -0.0 -0.0 -0.0
centres 0 2 928.0 87.60255580020548 -18.87336483449439 26.69226062420509 -0.0 -0.0 -0.0 -0.0 287.4227054366847 -23.3515430429104 -53.988355002375414 -0.0 -0.0 -0.0 -0.0 -0.0 -0.0 -0.0 -0.0 -0.0 -0.0 -0.0 -0.0 -0.0 -24.986518189902093 -28.36052691321791 -0.0 -0.0 -0.0 -0.0 -0.0 -0.0 -0.0 -0.0 -0.0 -0.0 -0.0 -0.0 -0.0 -0.0 38.978481228774605 -0.0 -0.0 -0.0 -0.0 -0.0 -0.0 -0.0 -0.0 -0.0 -0.0 -0.0 -0.0 -0.0 -0.0 -0.0 -0.0 -0.0 -0.0 -0.0 -0.0 -0.0 -0.0 -0.0 928.0 -109.60255580020548 -0.0 26.69226062420509 -0.0 -0.0 -0.0 -0.0 -0.0 191.3515430429104 -25.988355002375418 -32.91254725390694 -0.0 -0.0 -0.0 -0.0 -0.0 -0.0 -0.0 -0.0 -0.0 -0.0 -0.0 -0.0 24.986518189902093 -0.0 -0.0 -0.0 -0.0 -0.0 -0.0 -0.0 -0.0 -0.0 -0.0 -0.0 -0.0 -0.0 -0.0 -0.0 -0.0 -0.0 -0.0 -0.0 -0.0 -0.0 -0.0 -0.0 -0.0 -0.0 -0.0 -0.0 -0.0 -0.0 -0.0 -0.0 -0.0 -0.0 -0.0 -0.0 -0.0 -0.0 -0.0 -0.0 1120.0 -0.0 -18.87336483449439 -0.0 -0.0 -0.0 -0.0 -0.0 -119.42270543668468 -95.35154304291041 -53.988355002375414 -32.91254725390694 -0.0 -0.0 -0.0 -0.0 -0.0 -0.0 -0.0 -0.0 -0.0 -0.0 -0.0 -0.0 -24.986518189902093 28.36052691321791 32.83232302624991 -0.0 -0.0 -0.0 -0.0 -0.0 -0.0 -0.0 -0.0 -0.0 -0.0 -0.0 -0.0 -0.0 -0.0 -0.0 -0.0 -0.0 -0.0 -0.0 -0.0 -0.0 -0.0 -0.0 -0.0 -0.0 -0.0 -0.0 -0.0 -0.0 -0.0 -0.0 -0.0 -0.0 -0.0 -0.0 -0.0 -0.0 896.0 -0.0 38.87336483449439 -26.69226062420509 -0.0 -0.0 -0.0 -0.0 -0.0 -47.3515430429104 -25.988355002375418 -0.0 -0.0 -0.0 -0.0 -0.0 -0.0 -0.0 -0.0 -0.0 -0.0 -0.0 -0.0 -0.0 -0.0 -28.36052691321791 32.83232302624991 -0.0 -0.0 -0.0 -0.0 -0.0 -0.0 -0.0 -0.0 -0.0 -0.0 -0.0 -0.0 -0.0 -0.0 -0.0 -0.0 -0.0 -0.0 -0.0 -0.0 -0.0 -0.0 -0.0 -0.0 -0.0 -0.0 -0.0 -0.0 -0.0 -0.0 -0.0 -0.0 -0.0 -0.0 -0.0 -0.0 -0.0
exact-centres 0 0 832.0:0.0 153.60255580020547:1.2404569734847118e-14 -38.87336483449439:-1.370217104995141e-15 26.69226062420509:9.637418503739353e-16 0.0:0.0 0.0:0.0 0.0:0.0 0.0:0.0 23.42270543668469:-6.723371064939219e-16 95.35154304291041:-6.410752176652355e-15 -25.988355002375418:3.1319374914243737e-17 32.91254725390694:1.8472168117940735e-15 0.0:0.0 0.0:0.0 0.0:0.0 0.0:0.0 0.0:0.0 -24.28539510050995:2.178036119819037e-16 0.0:0.0 0.0:0.0 0.0:0.0 0.0:0.0 0.0:0.0 0.0:0.0 -24.986518189902093:7.127319884511698e-16 0.0:0.0 0.0:0.0 0.0:0.0 0.0:0.0 0.0:0.0 0.0:0.0 0.0:0.0 30.028793202230727:1.084209581670677e-15 0.0:0.0 0.0:0.0 0.0:0.0 0.0:0.0 0.0:0.0 0.0:0.0 0.0:0.0 0.0:0.0 0.0:0.0 0.0:0.0 0.0:0.0 0.0:0.0 0.0:0.0 0.0:0.0 0.0:0.0 0.0:0.0 0.0:0.0 0.0:0.0 0.0:0.0 0.0:0.0 0.0:0.0 0.0:0.0 0.0:0.0 0.0:0.0 0.0:0.0 0.0:0.0 0.0:0.0 0.0:0.0 0.0:0.0 0.0:0.0 0.0:0.0 832.0:0.0 -197.60255580020547:-1.2404569734847118e-14 18.87336483449439:1.370217104995141e-15 0.0:0.0 0.0:0.0 0.0:0.0 0.0:0.0 0.0:0.0 -119.4227054366847:4.225050785294423e-15 0.0:0.0 0.0:0.0 -32.91254725390694:-1.8472168117940735e-15 0.0:0.0 0.0:0.0 0.0:0.0 0.0:0.0 54.43783125476628:6.11395795280649e-16 0.0:0.0 0.0:0.0 0.0:0.0 0.0:0.0 0.0:0.0 0.0:0.0 0.0:0.0 0.0:0.0 0.0:0.0 0.0:0.0 0.0:0.0 0.0:0.0 0.0:0.0 0.0:0.0 0.0:0.0 -30.028793202230727:-1.084209581670677e-15 35.73027445971005:3.1679168624970802e-15 0.0:0.0 0.0:0.0 0.0:0.0 0.0:0.0 0.0:0.0 0.0:0.0 0.0:0.0 0.0:0.0 0.0:0.0 0.0:0.0 0.0:0.0 0.0:0.0 0.0:0.0 0.0:0.0 0.0:0.0 0.0:0.0 0.0:0.0 0.0:0.0 0.0:0.0 0.0:0.0 0.0:0.0 0.0:0.0 0.0:0.0 0.0:0.0 0.0:0.0 0.0:0.0 0.0:0.0 0.0:0.0 0.0:0.0 0.0:0.0 1312.0:0.0 -43.60255580020548:1.8062849803548854e-15 -58.87336483449439:-1.370217104995141e-15 0.0:0.0 0.0:0.0 0.0:0.0 0.0:0.0 0.0:0.0 191.42270543668468:9.98580392990758e-15 -95.35154304291041:6.410752176652355e-15 -81.98835500237541:-3.5213943038862572e-15 -32.91254725390694:-1.8472168117940735e-15 0.0:0.0 0.0:0.0 0.0:0.0 0.0:0.0 -82.43783125476628:-6.11395795280649e-16 50.28539510050995:-2.178036119819037e-16 26.43440848163393:1.2810950553296044e-15 0.0:0.0 0.0:0.0 0.0:0.0 0.0:0.0 0.0:0.0 0.0:0.0 28.36052691321791:-7.523811233779443e-16 0.0:0.0 0.0:0.0 0.0:0.0 0.0:0.0 0.0:0.0 0.0:0.0 0.0:0.0 -35.73027445971005:-3.1679168624970802e-15 0.0:0.0 0.0:0.0 0.0:0.0 0.0:0.0 0.0:0.0 0.0:0.0 0.0:0.0 0.0:0.0 0.0:0.0 0.0:0.0 0.0:0.0 0.0:0.0 0.0:0.0 0.0:0.0 0.0:0.0 0.0:0.0 0.0:0.0 0.0:0.0 0.0:0.0 0.0:0.0 0.0:0.0 0.0:0.0 0.0:0.0 0.0:0.0 0.0:0.0 0.0:0.0 0.0:0.0 0.0:0.0 0.0:0.0 0.0:0.0 832.0:0.0 87.60255580020548:-1.8062849803548854e-15 38.87336483449439:1.370217104995141e-15 0.0:0.0 0.0:0.0 0.0:0.0 0.0:0.0 0.0:0.0 -47.42270543668469:-2.880376572306579e-15 119.35154304291041:-6.410752176652355e-15 -25.988355002375418:3.1319374914243737e-17 0.0:0.0 0.0:0.0 0.0:0.0 0.0:0.0 0.0:0.0 26.43783125476628:6.11395795280649e-16 -50.28539510050995:2.178036119819037e-16 0.0:0.0 0.0:0.0 0.0:0.0 0.0:0.0 0.0:0.0 0.0:0.0 0.0:0.0 0.0:0.0 0.0:0.0 0.0:0.0 0.0:0.0 0.0:0.0 0.0:0.0 0.0:0.0 0.0:0.0 0.0:0.0 0.0:0.0 0.0:0.0 0.0:0.0 0.0:0.0 0.0:0.0 0.0:0.0 0.0:0.0 0.0:0.0 0.0:0.0 0.0:0.0 0.0:0.0 0.0:0.0 0.0:0.0 0.0:0.0 0.0:0.0 0.0:0.0 0.0:0.0 0.0:0.0 0.0:0.0 0.0:0.0 0.0:0.0 0.0:0.0 0.0:0.0 0.0:0.0 0.0:0.0 0.0:0.0 0.0:0.0 0.0:0.0 0.0:0.0 0.0:0.0
exact-centres 0 1 1184.0:0.0 -153.60255580020547:-1.2404569734847118e-14 18.87336483449439:1.370217104995141e-15 -26.69226062420509:-9.637418503739353e-16 0.0:0.0 0.0:0.0 0.0:0.0 0.0:0.0 -119.4227054366847:4.225050785294423e-15 23.3515430429104:6.946751809486472e-16 0.0:0.0 0.0:0.0 0.0:0.0 0.0:0.0 0.0:0.0 0.0:0.0 -26.43783125476628:-6.11395795280649e-16 76.28539510050994:6.887623745619098e-15 -26.43440848163393:-1.2810950553296044e-15 0.0:0.0 0.0:0.0 0.0:0.0 0.0:0.0 0.0:0.0 -52.98651818990209:7.127319884511698e-16 0.0:0.0 0.0:0.0 0.0:0.0 0.0:0.0 0.0:0.0 0.0:0.0 0.0:0.0 0.0:0.0 35.73027445971005:3.1679168624970802e-15 0.0:0.0 0.0:0.0 0.0:0.0 0.0:0.0 0.0:0.0 0.0:0.0 0.0:0.0 0.0:0.0 0.0:0.0 0.0:0.0 0.0:0.0 0.0:0.0 0.0:0.0 0.0:0.0 0.0:0.0 0.0:0.0 0.0:0.0 0.0:0.0 0.0:0.0 0.0:0.0 0.0:0.0 0.0:0.0 0.0:0.0 0.0:0.0 0.0:0.0 0.0:0.0 0.0:0.0 0.0:0.0 0.0:0.0 0.0:0.0 1152.0:0.0 219.60255580020547:1.2404569734847118e-14 -18.87336483449439:-1.370217104995141e-15 0.0:0.0 0.0:0.0 0.0:0.0 0.0:0.0 0.0:0.0 0.0:0.0 -119.35154304291041:6.410752176652355e-15 25.988355002375418:-3.1319374914243737e-17 32.91254725390694:1.8472168117940735e-15 0.0:0.0 0.0:0.0 0.0:0.0 0.0:0.0 -54.43783125476628:-6.11395795280649e-16 -128.28539510050996:7.323230969582905e-15 0.0:0.0 33.2823531006096:7.106336015543602e-16 0.0:0.0 0.0:0.0 0.0:0.0 0.0:0.0 24.986518189902093:-7.127319884511698e-16 0.0:0.0 0.0:0.0 0.0:0.0 0.0:0.0 0.0:0.0 0.0:0.0 0.0:0.0 -30.028793202230727:-1.084209581670677e-15 -35.73027445971005:-3.1679168624970802e-15 0.0:0.0 0.0:0.0 0.0:0.0 0.0:0.0 0.0:0.0 0.0:0.0 38.978481228774605:1.518065479741996e-15 52.23324117812485:3.0337138856844447e-15 0.0:0.0 0.0:0.0 0.0:0.0 0.0:0.0 0.0:0.0 0.0:0.0 0.0:0.0 0.0:0.0 0.0:0.0 0.0:0.0 0.0:0.0 0.0:0.0 0.0:0.0 0.0:0.0 0.0:0.0 0.0:0.0 0.0:0.0 0.0:0.0 0.0:0.0 0.0:0.0 0.0:0.0 0.0:0.0 640.0:0.0 43.60255580020548:-1.8062849803548854e-15 38.87336483449439:1.370217104995141e-15 0.0:0.0 0.0:0.0 0.0:0.0 0.0:0.0 0.0:0.0 47.42270543668469:2.880376572306579e-15 47.3515430429104:6.946751809486472e-16 25.988355002375418:-3.1319374914243737e-17 32.91254725390694:1.8472168117940735e-15 0.0:0.0 0.0:0.0 0.0:0.0 0.0:0.0 110.43783125476628:6.11395795280649e-16 0.0:0.0 0.0:0.0 0.0:0.0 0.0:0.0 0.0:0.0 0.0:0.0 0.0:0.0 -24.986518189902093:7.127319884511698e-16 28.36052691321791:-7.523811233779443e-16 0.0:0.0 0.0:0.0 0.0:0.0 0.0:0.0 0.0:0.0 0.0:0.0 30.028793202230727:1.084209581670677e-15 0.0:0.0 0.0:0.0 0.0:0.0 0.0:0.0 0.0:0.0 0.0:0.0 0.0:0.0 -38.978481228774605:-1.518065479741996e-15 0.0:0.0 0.0:0.0 0.0:0.0 0.0:0.0 0.0:0.0 0.0:0.0 0.0:0.0 0.0:0.0 0.0:0.0 0.0:0.0 0.0:0.0 0.0:0.0 0.0:0.0 0.0:0.0 0.0:0.0 0.0:0.0 0.0:0.0 0.0:0.0 0.0:0.0 0.0:0.0 0.0:0.0 0.0:0.0 0.0:0.0 1120.0:0.0 -109.60255580020548:1.8062849803548854e-15 -38.87336483449439:-1.370217104995141e-15 0.0:0.0 0.0:0.0 0.0:0.0 0.0:0.0 0.0:0.0 -23.42270543668469:6.723371064939219e-16 -23.3515430429104:-6.946751809486472e-16 25.988355002375418:-3.1319374914243737e-17 0.0:0.0 0.0:0.0 0.0:0.0 0.0:0.0 0.0:0.0 -110.43783125476628:-6.11395795280649e-16 -24.28539510050995:2.178036119819037e-16 58.43440848163393:1.2810950553296044e-15 0.0:0.0 0.0:0.0 0.0:0.0 0.0:0.0 0.0:0.0 24.986518189902093:-7.127319884511698e-16 0.0:0.0 0.0:0.0 0.0:0.0 0.0:0.0 0.0:0.0 0.0:0.0 0.0:0.0 -30.028793202230727:-1.084209581670677e-15 0.0:0.0 0.0:0.0 0.0:0.0 0.0:0.0 0.0:0.0 0.0:0.0 0.0:0.0 38.978481228774605:1.518065479741996e-15 52.23324117812485:3.0337138856844447e-15 0.0:0.0 0.0:0.0 0.0:0.0 0.0:0.0 0.0:0.0 0.0:0.0 0.0:0.0 0.0:0.0 0.0:0.0 0.0:0.0 0.0:0.0 0.0:0.0 0.0:0.0 0.0:0.0 0.0:0.0 0.0:0.0 0.0:0.0 0.0:0.0 0.0:0.0 0.0:0.0 0.0:0.0 0.0:0.0
exact-centres 0 2 928.0:0.0 87.60255580020548:-1.8062849803548854e-15 -18.87336483449439:-1.370217104995141e-15 26.69226062420509:9.637418503739353e-16 0.0:0.0 0.0:0.0 0.0:0.0 0.0:0.0 287.4227054366847:9.98580392990758e-15 -23.3515430429104:-6.946751809486472e-16 -53.988355002375414:-3.5213943038862572e-15 0.0:0.0 0.0:0.0 0.0:0.0 0.0:0.0 0.0:0.0 0.0:0.0 0.0:0.0 0.0:0.0 0.0:0.0 0.0:0.0 0.0:0.0 0.0:0.0 0.0:0.0 -24.986518189902093:7.127319884511698e-16 -28.36052691321791:7.523811233779443e-16 0.0:0.0 0.0:0.0 0.0:0.0 0.0:0.0 0.0:0.0 0.0:0.0 0.0:0.0 0.0:0.0 0.0:0.0 0.0:0.0 0.0:0.0 0.0:0.0 0.0:0.0 0.0:0.0 38.978481228774605:1.518065479741996e-15 0.0:0.0 0.0:0.0 0.0:0.0 0.0:0.0 0.0:0.0 0.0:0.0 0.0:0.0 0.0:0.0 0.0:0.0 0.0:0.0 0.0:0.0 0.0:0.0 0.0:0.0 0.0:0.0 0.0:0.0 0.0:0.0 0.0:0.0 0.0:0.0 0.0:0.0 0.0:0.0 0.0:0.0 0.0:0.0 0.0:0.0 928.0:0.0 -109.60255580020548:1.8062849803548854e-15 0.0:0.0 26.69226062420509:9.637418503739353e-16 0.0:0.0 0.0:0.0 0.0:0.0 0.0:0.0 0.0:0.0 191.3515430429104:-6.410752176652355e-15 -25.988355002375418:3.1319374914243737e-17 -32.91254725390694:-1.8472168117940735e-15 0.0:0.0 0.0:0.0 0.0:0.0 0.0:0.0 0.0:0.0 0.0:0.0 0.0:0.0 0.0:0.0 0.0:0.0 0.0:0.0 0.0:0.0 0.0:0.0 24.986518189902093:-7.127319884511698e-16 0.0:0.0 0.0:0.0 0.0:0.0 0.0:0.0 0.0:0.0 0.0:0.0 0.0:0.0 0.0:0.0 0.0:0.0 0.0:0.0 0.0:0.0 0.0:0.0 0.0:0.0 0.0:0.0 0.0:0.0 0.0:0.0 0.0:0.0 0.0:0.0 0.0:0.0 0.0:0.0 0.0:0.0 0.0:0.0 0.0:0.0 0.0:0.0 0.0:0.0 0.0:0.0 0.0:0.0 0.0:0.0 0.0:0.0 0.0:0.0 0.0:0.0 0.0:0.0 0.0:0.0 0.0:0.0 0.0:0.0 0.0:0.0 0.0:0.0 0.0:0.0 0.0:0.0 1120.0:0.0 0.0:0.0 -18.87336483449439:-1.370217104995141e-15 0.0:0.0 0.0:0.0 0.0:0.0 0.0:0.0 0.0:0.0 -119.4227054366847:4.225050785294423e-15 -95.35154304291041:6.410752176652355e-15 -53.988355002375414:-3.5213943038862572e-15 -32.91254725390694:-1.8472168117940735e-15 0.0:0.0 0.0:0.0 0.0:0.0 0.0:0.0 0.0:0.0 0.0:0.0 0.0:0.0 0.0:0.0 0.0:0.0 0.0:0.0 0.0:0.0 0.0:0.0 -24.986518189902093:7.127319884511698e-16 28.36052691321791:-7.523811233779443e-16 32.83232302624991:-2.1533383333417784e-15 0.0:0.0 0.0:0.0 0.0:0.0 0.0:0.0 0.0:0.0 0.0:0.0 0.0:0.0 0.0:0.0 0.0:0.0 0.0:0.0 0.0:0.0 0.0:0.0 0.0:0.0 0.0:0.0 0.0:0.0 0.0:0.0 0.0:0.0 0.0:0.0 0.0:0.0 0.0:0.0 0.0:0.0 0.0:0.0 0.0:0.0 0.0:0.0 0.0:0.0 0.0:0.0 0.0:0.0 0.0:0.0 0.0:0.0 0.0:0.0 0.0:0.0 0.0:0.0 0.0:0.0 0.0:0.0 0.0:0.0 0.0:0.0 0.0:0.0 896.0:0.0 0.0:0.0 38.87336483449439:1.370217104995141e-15 -26.69226062420509:-9.637418503739353e-16 0.0:0.0 0.0:0.0 0.0:0.0 0.0:0.0 0.0:0.0 -47.3515430429104:-6.946751809486472e-16 -25.988355002375418:3.1319374914243737e-17 0.0:0.0 0.0:0.0 0.0:0.0 0.0:0.0 0.0:0.0 0.0:0.0 0.0:0.0 0.0:0.0 0.0:0.0 0.0:0.0 0.0:0.0 0.0:0.0 0.0:0.0 0.0:0.0 -28.36052691321791:7.523811233779443e-16 32.83232302624991:-2.1533383333417784e-15 0.0:0.0 0.0:0.0 0.0:0.0 0.0:0.0 0.0:0.0 0.0:0.0 0.0:0.0 0.0:0.0 0.0:0.0 0.0:0.0 0.0:0.0 0.0:0.0 0.0:0.0 0.0:0.0 0.0:0.0 0.0:0.0 0.0:0.0 0.0:0.0 0.0:0.0 0.0:0.0 0.0:0.0 0.0:0.0 0.0:0.0 0.0:0.0 0.0:0.0 0.0:0.0 0.0:0.0 0.0:0.0 0.0:0.0 0.0:0.0 0.0:0.0 0.0:0.0 0.0:0.0 0.0:0.0 0.0:0.0 0.0:0.0 0.0:0.0
record 0 12437.351207401107 -0.0 nan nan
record 10 9407.763585028586 6008.533423884535 nan nan
record 20 9301.822005417187 8009.352786148593 nan nan
record 30 9270.217508271478 8673.210182048035 nan nan
record 40 9261.187180424195 8951.50690680209 nan nan
record 50 9257.3209272049 9084.323360939083 nan nan
record 60 9255.483796898967 9159.994836544169 nan nan
record 70 9254.061142715967 9180.872460695955 nan nan
record 80 9253.081914909446 9191.753918249427 nan nan
record 90 9252.434643840683 9202.051282408722 nan nan
record 100 9252.067814675616 9214.263109002202 nan nan
record 110 9251.896410271955 9225.694795291607 nan nan
record 120 9251.836306923708 9233.442648246355 nan nan
record 130 9251.744469116202 9237.728494961855 nan nan
record 140 9251.640060294523 9237.547019691774 nan nan
record 150 9251.55547337888 9237.905999884104 nan nan
record 160 9251.466339935087 9238.986615927814 nan nan
record 170 9251.40029134949 9240.46096200208 nan nan
record 180 9251.392407238689 9241.9316332418 nan nan
record 190 9251.377363208865 9242.989947733353 nan nan
record 200 9251.35439637749 9243.21251022727 nan nan
canvas 0 0 148.76814774546986 148.76818198288848 120.57581567585719 120.57583422228494 120.57586236473067 100.20109583286037 61.47063246607692 60.62027828225478 60.620260194085624 60.62019729653119 77.37894225675768 78.76853481586747 94.70652789102888 95.47909817767666 117.73181134366028 134.14482072595942 135.29004964420832 164.3037853833239 194.89274711459538 197.60984261499337 197.6097157606582 197.60969924309634 197.6099171339932 173.75342073041887 134.04783015502156 132.58677107550125 120.25293266613542 105.50432313576965 91.0505083698244 79.4628720247423 76.74093767943491 76.62975139033657
canvas 0 1 148.76809861764931 140.79617115701825 120.57577395171677 120.57578999523155 117.8786761975817 90.86811423298664 61.97491568403694 60.620311937349804 60.62025275363132 66.51885711215292 77.6579596954752 83.39861470061629 95.19130010881602 113.68426801693528 132.188427776525 135.77211860588108 135.7722384577625 164.04480142180705 193.38418091680876 197.6098865102444 197.60954959713962 197.60938137765697 197.60915971885618 179.44831531499307 134.1941452768991 133.05902411722806 119.50360630020182 104.78379794010424 91.9219546494105 80.24107347420232 76.80197306511802 76.62978630663926
canvas 0 2 138.64991793411252 136.9777484946476 120.575730811152 119.50886811047597 114.75709974946373 89.89092543974735 64.71719847773247 60.62042786121765 64.95165401536478 71.8956005924696 77.62241225407587 82.64075306728739 95.88557047320225 114.28547387267449 132.00033017349568 135.7718872383267 137.29697271138807 160.9948021516896 188.55861076908903 197.6100857314223 197.60924197330613 197.60922344706333 196.62211863577136 189.80766937784674 134.28904235327292 132.71242825823668 117.00425341617601 103.56472975138321 93.93596207806472 82.25002175550692 77.03938026250492 76.62983979940998
canvas 0 3 137.4864847862683 131.04736123827368 120.29843373111177 117.62758155963198 112.24543886909757 93.04554427657624 77.57896751351787 74.7225310195957 74.12087089903481 74.98564537628087 77.14152830127101 78.98179589094298 89.00179741008932 105.07493930179872 129.11762949798694 134.85013817972325 142.09606833878033 157.2952261813256 176.8483602975066 192.4651552481981 197.60903316467787 196.7749875969792 194.84803165449924 190.0107026789165 134.06187811994835 128.77127174334447 111.62970551247014 102.84298116158291 97.3137111785806 86.98974277266782 78.48643264536148 76.62990799460411
canvas 0 4 125.50698278014025 121.12626407985249 117.2086007904185 112.87272813371865 106.60310798496974 92.1537671874884 80.87765051916733 77.52251841964343 76.762006070156 76.76207064639287 77.67602558849721 81.9796091758758 92.92824718947148 110.60745639785121 129.97938847230083 137.58520864866128 150.97092365035047 153.67003308361765 161.46132924187182 173.10082853856437 185.04233260850498 193.4100095732268 189.54953687428807 164.18492926956225 131.0097045651829 118.61400501663796 105.1631616111794 103.38982551182478 101.52988014707718 96.96723110508181 91.10597648384318 86.8914160004985
canvas 0 5 109.32542641665299 109.32547637594013 109.32776517168693 109.07984586567483 101.45099522361878 91.969930007362 83.66886206753699 78.94610529588138 76.76200307585812 78.54955164092651 85.84907717819854 100.7895427888093 125.32945166545143 149.01662238883006 150.84718454951445 150.84715835022575 150.84713576977933 150.84698924508868 150.84676635066216 150.78121969389332 142.26682474806233 136.9897342309714 132.33340441362319 126.367453651967 118.90848547258233 105.72282474921928 103.9385515708983 103.94372630686638 103.94522171190343 103.94555855265527 103.94546533021207 107.2454773956078
canvas 0 6 109.3253230232319 109.32324603515714 109.31578874482396 108.16261168011788 103.5949263442801 96.97337918602754 91.57608734315876 90.87846256672896 94.17333477686056 99.52625783374452 107.19433517888449 117.15709927983234 136.948850153763 149.22970473770982 150.8471618414204 150.84718410304146 150.847296309817 150.84719498535983 150.69406645880676 124.10222215191249 117.42364928054192 117.37502038217727 117.98448475126108 117.98454907089946 106.64471072177875 103.94668907288411 103.93397376603903 103.94703857135477 103.94630819113021 103.9459873314581 129.09062627211972 140.82001148056628
canvas 0 7 109.32717245641216 109.32890905087186 110.14411535810304 110.3653296590021 110.36523324861176 110.36523393995033 110.69441909265052 113.92977573250347 113.73361854530879 113.98959447818756 116.37300255184057 122.28041206565037 136.72312694855108 148.20162854763143 150.84696825674342 150.84709885818563 150.84740289365232 150.46497414970742 114.62209588735044 105.7837867567694 106.56809123565459 112.13324310946442 117.98442263521262 113.84506809836438 103.87322212051201 103.8731591075592 103.87293499075446 103.94742356335598 103.94688737084655 122.21916001498326 146.08141419141506 146.08136527228848
canvas 0 8 109.32709338715972 109.65405235845562 110.44386331954371 110.36538553509148 110.3651670115397 111.04644160006364 116.9367619584995 123.77605601246958 127.21018745498162 125.92536570552788 125.92536161087148 130.36798350468996 142.46725369566968 147.42599593917143 150.8467864135756 150.84702034450567 148.73313262882294 118.3602015844099 97.94102747752542 94.14303083527514 92.29090552320574 91.7667939623404 92.01177390462622 94.6498012681872 103.87351574466324 103.87350518692196 103.58676192840457 103.94758948924193 103.94715908054123 131.5424332290816 146.081590830087 146.08151075697748
canvas 0 9 109.90383296965098 114.06741898115004 120.10342301230135 121.54075943162223 128.19310198823794 133.99089457975677 142.03943294403203 151.01627002224012 135.33357390762987 125.9253759238372 128.4682453151022 137.83135800288844 140.84580411739657 140.84577784761032 140.84574087524422 138.46141029475743 122.48969740249093 102.9261902617416 92.55748408972319 88.93112609695123 88.13720062075848 86.94907990597191 85.33889661099121 86.82735064954441 93.4185015540223 96.86458877155565 102.46351242173738 103.9477906979906 131.53939331127827 154.20500801571507 154.05874880657018 154.0583702461635
canvas 0 10 122.07404800802577 122.07414875485074 122.07424918365129 133.9376738212876 137.73296639574897 145.8494911891154 188.9418484166405 189.2226368715113 188.89253524590546 185.60402848952788 175.2353368946923 153.0600039011189 140.84586740920733 140.84583652823335 105.01858161674102 94.67523550682495 94.6752096380445 81.2544837667274 74.1604565060672 72.3540994279543 71.5487229279346 72.01196193197596 73.86440369401446 79.01125576503755 101.62449691461676 120.00380453047323 137.73576990401884 153.6853458679089 156.21076171930326 155.2066790716115 154.05891433912763 154.05785191397635
canvas 0 11 122.07395342143933 122.07406145983225 127.22385194360658 136.549494343411 142.68877164516945 164.2212022892435 189.01142551865928 192.2057376105453 192.64757972159154 192.64803437456268 192.64803556032368 168.46118596955023 140.84591648389045 108.15491585144075 94.67523523742315 94.67524403590673 77.30492277201415 72.71102385498291 70.61223502403419 67.34928202595874 66.44166015984648 66.44168510285795 66.44173001952946 66.44179839792261 125.69269694924313 150.66299277743977 158.56959151525766 160.58353793767256 160.58318128191056 158.37174499736219 154.0605622094716 154.05726847756418
canvas 0 12 122.07375625192263 122.0737386757998 128.98197673316992 139.09285258790123 151.4984679223578 166.67468683575032 188.0286745470664 192.2208819065468 192.64712424045857 192.64849221734258 192.52524055163266 177.9084179406747 135.23027899434217 103.28477903378828 94.67521672965992 86.2647763182976 75.537581927512 72.15392939216397 69.43507031934031 67.00608960629604 66.44163338604837 66.44165016181815 66.44165048914198 66.44157760567047 103.20283613608643 142.99378331048968 156.68813445808684 160.58310963464686 162.09547406209964 162.09554018615984 159.9231778458274 158.32148107613244
canvas 0 13 122.07361415230017 122.07358793691299 133.47138589417335 148.42314449762318 160.17296874741572 167.82616408463917 185.85011534814495 191.94426436488547 192.80137727337768 192.80122253796787 192.80120661375693 186.0804762766218 136.80662554849894 103.38170866811161 91.06586603382743 82.18242843271972 76.38072809822096 72.95507862357184 70.04808690081788 67.18450255822215 66.44159591291846 66.4416248354444 66.44164356176825 66.44158987908203 118.51263978213859 141.6528795932945 154.23485679173606 159.861011176267 162.09548063109392 162.24430520978572 159.60501987797673 158.3218981630981
canvas 0 14 122.07356007951002 134.03704598122974 154.0737540878888 163.3700816758617 164.92463886542484 168.79384933725964 182.08526343772897 190.7162322717461 192.8014281207869 192.80113497100228 190.80794601819778 169.71725131931234 136.60461150019998 106.57601476678431 92.71446167738584 84.15962379765953 79.56001980476141 76.29276753482768 73.28898603966269 68.27939700074232 66.44154077714167 66.44158371665242 66.44168696257643 88.00913145050599 127.11702540800967 139.1592924554029 149.52867326915558 155.09582109227196 152.14607902679487 142.5185721464271 141.11520988119779 141.65169740928093
canvas 0 15 162.59680165263467 162.59681080995594 163.47414659113278 165.02776908066946 165.7740772988798 167.92105583973697 174.15413753225144 179.17497898692818 158.39593443165882 143.82335962661847 136.55798423307075 136.55806876382042 128.8755914565309 109.48425797105182 99.0958135653011 97.41446658914124 97.38347911543457 97.38348444518637 97.3835157527499 97.38357085823418 97.4148053923885 98.50007284158934 106.07577526579921 112.80752594624292 111.27389603557995 111.27429426962831 111.27427917013536 111.27382659903496 116.7690716673706 128.93900208227933 140.126373431117 141.65007764348576
canvas 0 16 162.59683354742148 162.98078253117555 164.01057967799832 165.23550480101568 165.43611907452197 165.43611445405688 165.43612217157263 146.01971459631685 143.59958838675658 139.5748567811203 136.5578678264946 129.27754194789355 117.03730829398664 108.68278122722671 100.13103965356014 97.52614149365836 97.38348089495966 97.3834872567733 97.38350513764752 118.01038302357978 119.85961358318846 121.39650828450908 123.50633882886427 121.08334243283491 111.27467194790786 111.27490630222233 111.27483938044843 113.0276991869283 113.11694108845687 115.04207645058041 132.50818210666705 141.649003062056
canvas 0 17 162.22162551099484 162.399344416296 163.31648342579408 165.05190154523498 165.43607073896627 165.43605674714868 144.09602546659164 132.61385483650434 134.60733818068354 132.866189875502 126.30951228342524 117.72825802088751 115.47444312487532 110.46575938565373 102.57854743439249 98.0391214655864 97.38351177039021 97.38348959407571 137.2919820272622 138.3120779352575 137.90062055310372 136.59296968501505 134.16183419414554 130.25097994024938 111.27432902373718 111.27498180138257 113.3261254040282 113.27757821380196 112.95676829885132 112.78418122548686 112.87653726027644 112.87724931403102
canvas 0 18 160.14412626795078 160.14413379980178 160.5331106256099 163.97522538846826 165.24115344272016 151.5813482230358 128.45494198527135 118.39883795603322 118.60948833791056 117.36644936595539 116.16216284108509 116.02517721663277 116.02508532534524 113.78509378795636 108.10605673696944 101.0626401624038 97.38356562486892 113.41456474543767 139.51845780902167 139.55392126435322 139.49814070694327 139.2507960381629 137.69734287742767 136.32613296733123 111.27315475739907 113.03441270855538 113.64505045970695 113.64430700434491 113.0016270310424 112.54639524547848 112.8769458476001 112.87726370594466
canvas 0 19 160.14412990175092 151.09296334137474 144.69134841813107 145.39905590956792 143.22141638229354 129.84282383331262 114.48547076791627 108.92589393191798 112.02576657841311 113.11295824402785 114.46784385700003 116.02525018385468 117.87505504118026 117.87505630302012 117.87509128836825 116.52034344062207 117.92702363115951 135.44379123471896 139.68785143933826 139.62751491247099 139.56542039164378 139.5654351106798 138.1229578363205 137.44069530831425 114.31318093487282 114.0145751062793 113.64596922835881 113.64696330986048 111.79174776142706 110.69452349030482 112.87713713326104 112.87727499486185
canvas 0 20 100.95158179052815 100.9515544112984 100.95149942474367 100.95145412766466 96.82131696530062 92.42749642296576 88.50295577792714 88.53154789371571 94.79394561179811 99.97046490837532 106.29414284723669 113.95826100548335 117.87502381472775 117.87503814264849 130.34902901996927 144.51519096188895 156.80211461320678 152.13914903189826 141.99066095320407 139.72120780303754 139.56541700626047 139.56542220286738 138.19468324044217 135.71544349184293 120.6341976731107 117.17684653406236 113.64585987311811 105.48549261481357 104.93573672655414 105.97373862463938 112.877132950601 124.4742998104402
canvas 0 21 100.951615025868 100.95158793473932 100.95152972722573 85.16446342825468 77.72826625237586 75.17633284478723 74.08159430912279 74.92094424058251 79.58943438960503 84.08470300233954 92.30883345254962 109.030750981792 117.8749945384306 143.5419960316384 169.8160067575933 169.81597636725118 172.7859142489578 168.85605672472528 147.29620562984226 140.3151241392273 139.5654050946277 140.16435778712926 138.59318661673618 133.4694021949802 125.44082145888157 122.61220763852079 116.60699384289343 105.01914566763337 102.30333034089882 102.30379311384725 113.88729867194265 124.45886768166109
canvas 0 22 100.95165979371328 100.9516416390714 83.59300412668988 67.70666856879231 67.66838367007725 67.72799813628224 67.89249920848607 68.38957448023538 72.16967468459426 73.4601955579781 77.49045364278874 101.66135587740284 129.03805698517766 169.81604924527664 169.81601344406133 170.79396008690327 179.6336104155053 179.63363370472953 155.56088523257728 146.7325332126319 146.0749591970424 145.02568214720378 142.4780435869811 133.26041476414906 126.878092269693 126.36854068981809 123.55331753147287 106.48252072085756 102.30261534154201 102.30260414040119 108.79682744290044 124.44304128025975
canvas 0 23 100.95167104753834 97.50246968208808 67.44144270316508 67.44147350007731 67.44153594973815 67.44163767166683 67.44171429915102 67.44177122936186 71.26494857584098 71.26493242137647 71.26491514957027 91.53755135476466 135.5228029610651 169.81605614482226 170.18303249849617 171.83039544410678 179.63360808608792 179.6336144652637 160.28666714031814 147.6291579129555 147.62919325094074 147.62920451264844 147.62917233335992 133.4821322185723 127.08740781837525 127.08691322229632 127.08665771493693 109.98447620365371 102.30223323494991 102.30246103664399 102.30408247109398 102.30584687132722
constants method=tv centres_tested=8.627622486870601e-13 centres_reference=4.510791180808633e-14 tau=1.9267848867997692 sigma=0.06422616289332565 rho=1.9 root=0.9949874371066201 gamma_max=1.0 lipschitz=78.38367176906178 dual_lipschitz=11528.111033469459 dual_centres=0.0005274300502137627 weight_max=2.5e-06 dual_reach=4075.802743018852 dual_fixed=0.3780000000000001 xi_bound=78.38367176906178 xi_terms_bound=78.38367176906178 cells=1 vector_terms=2 tensor_terms=3 primal_terms=2324 dual_terms=776 dual_rounding=4
start SI0=5075.416273949084 ScenA=8.627622486870601e-13 ScenR=4.510791180808633e-14 Sgx0=544.3195906170212
majorant 0 Ma=34.95955869299714 McenA=2.1281326519323553e-18 McenR=1.5678655031470195e-19 Md=0.0 Mf=24191.89372497549 Mg=34.95955869299714 Mi=5075.416273949087 Mmean=0.0 Mp=22.542751843156022 Mphi=3544.433729677282 Mput=0.0 Mq=227.645378086851 Mrp=42.831228501996435 Mrx=9924.41444309639 Mx=3544.433729677282
majorant 1 Ma=66.8627752767038 McenA=2.1281326519323553e-18 McenR=1.5678655031470195e-19 Md=200.66763597818957 Mf=24172.72243205088 Mg=28.453615002346968 Mi=5085.117876834891 Mmean=0.0 Mp=26.802292961192247 Mphi=3533.8607680832756 Mput=0.0 Mq=226.41892021312563 Mrp=88.33156496230848 Mrx=9903.975669708187 Mx=3544.4337296772837
majorant 2 Ma=42.21765095588956 McenA=2.1281326519323553e-18 McenR=1.5678655031470195e-19 Md=85.86024062419932 Mf=24149.769913531294 Mg=32.35062533263959 Mi=5147.798027777142 Mmean=0.0 Mp=26.43416650343674 Mphi=3523.9490571963443 Mput=0.0 Mq=226.4614004041222 Mrp=64.87821943917578 Mrx=9871.899026724956 Mx=3526.1181675758858
majorant 3 Ma=63.134116972331206 McenA=2.1281326519323553e-18 McenR=1.5678655031470195e-19 Md=179.96207126967627 Mf=24117.290833520892 Mg=28.319848435806662 Mi=5162.810433316003 Mmean=0.0 Mp=26.745750220259975 Mphi=3517.4816431525373 Mput=0.0 Mq=226.05895703160948 Mrp=84.3400038800745 Mrx=9865.773269313913 Mx=3525.9205021650605
majorant 4 Ma=44.42056463487808 McenA=2.1281326519323553e-18 McenR=1.5678655031470195e-19 Md=93.70011501513765 Mf=24122.09501229067 Mg=31.85601323222547 Mi=5202.506379125708 Mmean=0.0 Mp=26.56597382927499 Mphi=3517.3863680759873 Mput=0.0 Mq=226.60687895066548 Mrp=67.24954983883107 Mrx=9863.12279838053 Mx=3519.972390564463
majorant 5 Ma=61.017633539695915 McenA=2.1281326519323553e-18 McenR=1.5678655031470195e-19 Md=168.637613045701 Mf=24145.413613481214 Mg=28.906428415050087 Mi=5223.812747597642 Mmean=0.0 Mp=26.68879834638027 Mphi=3520.218183032902 Mput=0.0 Mq=226.16823750659987 Mrp=82.00853239835594 Mrx=9871.237464521513 Mx=3527.7985488303516
majorant 6 Ma=46.325932487404636 McenA=2.1281326519323553e-18 McenR=1.5678655031470195e-19 Md=100.02280911880496 Mf=24135.31432606427 Mg=31.872465646747298 Mi=5256.905532897741 Mmean=0.0 Mp=26.61453779427891 Mphi=3518.747826055762 Mput=0.0 Mq=226.63973498045516 Mrp=68.82005013002862 Mrx=9867.053998035586 Mx=3521.71099671363
majorant 7 Ma=59.40591856946073 McenA=2.1281326519323553e-18 McenR=1.5678655031470195e-19 Md=159.94105305851397 Mf=24153.5077688898 Mg=29.20813967058694 Mi=5269.063677897148 Mmean=0.0 Mp=26.669733968519452 Mphi=3521.367682899252 Mput=0.0 Mq=226.35588937935 Mrp=80.37346822919396 Mrx=9875.288805441243 Mx=3528.3887493571824
majorant 8 Ma=47.70842797777141 McenA=2.1281326519323553e-18 McenR=1.5678655031470195e-19 Md=105.23539653734557 Mf=24152.533968075422 Mg=31.641867544305292 Mi=5280.863830987806 Mmean=0.0 Mp=26.66573052837123 Mphi=3521.222699027354 Mput=0.0 Mq=226.69590389106983 Mrp=70.05291409333019 Mrx=9873.253903505094 Mx=3524.5300925765187
majorant 9 Ma=58.247475967283755 McenA=2.1281326519323553e-18 McenR=1.5678655031470195e-19 Md=153.4398012425609 Mf=24163.012319322203 Mg=29.5168727077609 Mi=5294.127056318592 Mmean=0.0 Mp=26.675923002973704 Mphi=3522.783913240592 Mput=0.0 Mq=226.44975888233853 Mrp=79.23458935032029 Mrx=9878.63766546193 Mx=3529.3721390306537
majorant 10 Ma=48.842606148778906 McenA=2.1281326519323553e-18 McenR=1.5678655031470195e-19 Md=108.7911662382285 Mf=24160.03296118882 Mg=31.54931298526424 Mi=5311.986357846596 Mmean=0.0 Mp=26.642804341682627 Mphi=3522.3977187500154 Mput=0.0 Mq=226.7349057232796 Mrp=70.84788696342943 Mrx=9876.625364484336 Mx=3525.9784189413035
majorant 11 Ma=57.35604172050346 McenA=2.1281326519323553e-18 McenR=1.5678655031470195e-19 Md=147.96478729941398 Mf=24169.09752898659 Mg=29.884214087207738 Mi=5327.453284829729 Mmean=0.0 Mp=26.596224807242937 Mphi=3523.7759497623715 Mput=0.0 Mq=226.5429990927996 Mrp=78.14701323583972 Mrx=9881.31605866495 Mx=3530.0301552935284
majorant 12 Ma=49.743205649135405 McenA=2.1281326519323553e-18 McenR=1.5678655031470195e-19 Md=111.7382182601806 Mf=24167.39859426203 Mg=31.560426302735774 Mi=5341.001402436453 Mmean=0.0 Mp=26.527601162718756 Mphi=3523.5758455558507 Mput=0.0 Mq=226.7832374180152 Mrp=71.21866848052098 Mrx=9880.025425340466 Mx=3527.3966837211137
majorant 13 Ma=56.5839304242849 McenA=2.1281326519323553e-18 McenR=1.5678655031470195e-19 Md=143.42547931538738 Mf=24175.614220242056 Mg=30.169657916110346 Mi=5349.691560874283 Mmean=0.0 Mp=26.52082791649021 Mphi=3524.831688170238 Mput=0.0 Mq=226.62624591594317 Mrp=77.18539304026925 Mrx=9884.057740368311 Mx=3530.8206057987313
majorant 14 Ma=50.47328514219575 McenA=2.1281326519323553e-18 McenR=1.5678655031470195e-19 Md=114.50880287496652 Mf=24174.168304804243 Mg=31.521988477821687 Mi=5356.939470388371 Mmean=0.0 Mp=26.522787176710594 Mphi=3524.6499488333156 Mput=0.0 Mq=226.793450917828 Mrp=71.75897439337315 Mrx=9882.573828188297 Mx=3528.6711850888523
majorant 15 Ma=56.025344149468765 McenA=2.1281326519323553e-18 McenR=1.5678655031470195e-19 Md=140.2389280910433 Mf=24177.883686581714 Mg=30.413644277849723 Mi=5362.567784788709 Mmean=0.0 Mp=26.5549029270866 Mphi=3525.263739754571 Mput=0.0 Mq=226.67046345312127 Mrp=76.68556499308413 Mrx=9885.149036957655 Mx=3531.0383899858034
majorant 16 Ma=51.132185110586775 McenA=2.1281326519323553e-18 McenR=1.5678655031470195e-19 Md=117.28701174243723 Mf=24176.943581029587 Mg=31.540706824633386 Mi=5370.157929529648 Mmean=0.0 Mp=26.56187709980692 Mphi=3525.155073889563 Mput=0.0 Mq=226.80796075409913 Mrp=72.35562770916498 Mrx=9884.049368155962 Mx=3529.3387181910934
majorant 17 Ma=55.59708583533958 McenA=2.1281326519323553e-18 McenR=1.5678655031470195e-19 Md=138.10485850916126 Mf=24180.044122089577 Mg=30.633803669089776 Mi=5376.776895696674 Mmean=0.0 Mp=26.577373506852357 Mphi=3525.6821691156024 Mput=0.0 Mq=226.70784692876944 Mrp=76.2899422003709 Mrx=9886.18587966762 Mx=3531.288353617241
majorant 18 Ma=51.64765171456317 McenA=2.1281326519323553e-18 McenR=1.5678655031470195e-19 Md=119.48064495685824 Mf=24179.269142004032 Mg=31.542503717653933 Mi=5383.804443081872 Mmean=0.0 Mp=26.579862340819126 Mphi=3525.5884216295203 Mput=0.0 Mq=226.818472612775 Mrp=72.79255912664892 Mrx=9885.273146305759 Mx=3529.9057974554535
majorant 19 Ma=55.243766577272574 McenA=2.1281326519323553e-18 McenR=1.5678655031470195e-19 Md=136.1072643069392 Mf=24181.770060462106 Mg=30.801802922587367 Mi=5389.466538753994 Mmean=0.0 Mp=26.583631341581718 Mphi=3526.0030661989354 Mput=0.0 Mq=226.73717454455678 Mrp=75.9445746340553 Mrx=9886.977157856303 Mx=3531.473645466116
majorant 20 Ma=52.04280988330965 McenA=2.1281326519323553e-18 McenR=1.5678655031470195e-19 Md=120.98304406925239 Mf=24181.2158999849 Mg=31.52552104470823 Mi=5393.947541386426 Mmean=0.0 Mp=26.58039913318189 Mphi=3525.92142307835 Mput=0.0 Mq=226.82855709398677 Mrp=73.10621844948486 Mrx=9886.255491832244 Mx=3530.349972894595
majorant 21 Ma=54.93742644904309 McenA=2.1281326519323553e-18 McenR=1.5678655031470195e-19 Md=134.47644299649042 Mf=24183.466716996074 Mg=30.91454692970776 Mi=5397.046056560855 Mmean=0.0 Mp=26.59279366941588 Mphi=3526.284863269948 Mput=0.0 Mq=226.76430483175548 Mrp=75.66391924503975 Mrx=9887.706382538061 Mx=3531.6458852902315
majorant 22 Ma=52.384296825413706 McenA=2.1281326519323553e-18 McenR=1.5678655031470195e-19 Md=122.51966531596061 Mf=24183.16469170294 Mg=31.534663797381086 Mi=5401.127871672099 Mmean=0.0 Mp=26.59772344337763 Mphi=3526.2422255666766 Mput=0.0 Mq=226.83033967351372 Mrp=73.41055050431079 Mrx=9887.048479479898 Mx=3530.7605847524246
majorant 23 Ma=54.72598552260844 McenA=2.1281326519323553e-18 McenR=1.5678655031470195e-19 Md=133.36478177149024 Mf=24184.102092429053 Mg=31.046062766218334 Mi=5404.543585319058 Mmean=0.0 Mp=26.605360583024062 Mphi=3526.418767226683 Mput=0.0 Mq=226.77349446560945 Mrp=75.46480421376593 Mrx=9887.936174767834 Mx=3531.6933115476872
majorant 24 Ma=52.66640018508624 McenA=2.1281326519323553e-18 McenR=1.5678655031470195e-19 Md=123.63261474854419 Mf=24183.259851212668 Mg=31.55639120742054 Mi=5408.233794542134 Mmean=0.0 Mp=26.605243753569965 Mphi=3526.3074618469923 Mput=0.0 Mq=226.8278087892704 Mrp=73.63879880326773 Mrx=9887.272488394572 Mx=3530.8993479806404
majorant 25 Ma=54.54776463446736 McenA=2.1281326519323553e-18 McenR=1.5678655031470195e-19 Md=132.30834933526026 Mf=24183.981593127177 Mg=31.148157909822473 Mi=5411.300749503854 Mmean=0.0 Mp=26.609228840056623 Mphi=3526.4582218843643 Mput=0.0 Mq=226.7818269691772 Mrp=75.28558292102453 Mrx=9888.00772637999 Mx=3531.6631722329194
majorant 26 Ma=52.88080558230577 McenA=2.1281326519323553e-18 McenR=1.5678655031470195e-19 Md=124.51810611517536 Mf=24183.26759573053 Mg=31.55491508725319 Mi=5413.7702359505165 Mmean=0.0 Mp=26.61554726389289 Mphi=3526.369804996898 Mput=0.0 Mq=226.82624158678803 Mrp=73.82712154665477 Mrx=9887.478865020294 Mx=3531.0213983242347
majorant 27 Ma=54.409001993487685 McenA=2.1281326519323553e-18 McenR=1.5678655031470195e-19 Md=131.61104679562908 Mf=24183.86321246308 Mg=31.227674720338037 Mi=5416.132585831003 Mmean=0.0 Mp=26.620853487295193 Mphi=3526.497813471641 Mput=0.0 Mq=226.78898158443033 Mrp=75.1689718022203 Mrx=9888.08529036515 Mx=3531.6463783524755
majorant 28 Ma=53.06074679450225 McenA=2.1281326519323553e-18 McenR=1.5678655031470195e-19 Md=125.28817427082049 Mf=24183.306215143137 Mg=31.56020431505745 Mi=5418.488818178568 Mmean=0.0 Mp=26.62096447994619 Mphi=3526.426497459053 Mput=0.0 Mq=226.8251197873609 Mrp=73.97794983275621 Mrx=9887.659166971669 Mx=3531.1265983057483
majorant 29 Ma=54.28873642352541 McenA=2.1281326519323553e-18 McenR=1.5678655031470195e-19 Md=130.97043069231663 Mf=24183.80424601747 Mg=31.287119800690164 Mi=5420.487602363 Mmean=0.0 Mp=26.62498588181099 Mphi=3526.5323858132183 Mput=0.0 Mq=226.79495957355613 Mrp=75.05678916185249 Mrx=9888.154638786296 Mx=3531.6352174179833
majorant 30 Ma=53.20135160537767 McenA=2.1281326519323553e-18 McenR=1.5678655031470195e-19 Md=125.9079165038758 Mf=24183.354349865887 Mg=31.558849681704324 Mi=5422.378512208592 Mmean=0.0 Mp=26.6265629936146 Mphi=3526.475246279179 Mput=0.0 Mq=226.82437363899408 Mrp=74.1014120411133 Mrx=9887.81209560406 Mx=3531.214582607402
majorant 31 Ma=54.196241961759526 McenA=2.1281326519323553e-18 McenR=1.5678655031470195e-19 Md=130.5002864026215 Mf=24183.753515168828 Mg=31.34095428015907 Mi=5424.362026329026 Mmean=0.0 Mp=26.6239087209837 Mphi=3526.5630329167243 Mput=0.0 Mq=226.7999703276658 Mrp=74.96082339394074 Mrx=9888.217906901318 Mx=3531.6286703625237
majorant 32 Ma=53.31224053487771 McenA=2.1281326519323553e-18 McenR=1.5678655031470195e-19 Md=126.30894186479436 Mf=24183.389166622786 Mg=31.560924274599753 Mi=5426.1927723679355 Mmean=0.0 Mp=26.62274524213604 Mphi=3526.5170328786876 Mput=0.0 Mq=226.8236734317793 Mrp=74.17531859012023 Mrx=9887.939552923024 Mx=3531.2884673646677
majorant 33 Ma=54.121086014280564 McenA=2.1281326519323553e-18 McenR=1.5678655031470195e-19 Md=130.03969059800832 Mf=24183.710756031105 Mg=31.387029030530908 Mi=5427.653078023971 Mmean=0.0 Mp=26.625456143578685 Mphi=3526.586046722671 Mput=0.0 Mq=226.80382289835725 Mrp=74.88300021870711 Mrx=9888.263555490406 Mx=3531.6220928241546
majorant 34 Ma=53.410164831586485 McenA=2.1281326519323553e-18 McenR=1.5678655031470195e-19 Md=126.70348347587243 Mf=24183.41129185736 Mg=31.56945830936363 Mi=5428.994181668081 Mmean=0.0 Mp=26.63074982284102 Mphi=3526.5478310403896 Mput=0.0 Mq=226.8230322541965 Mrp=74.2647702668689 Mrx=9888.035510032305 Mx=3531.3451866630594
majorant 35 Ma=54.0722486580679 McenA=2.1281326519323553e-18 McenR=1.5678655031470195e-19 Md=129.76436581766401 Mf=24183.65929389162 Mg=31.436092461300568 Mi=5430.499294767651 Mmean=0.0 Mp=26.634185196204147 Mphi=3526.603952456249 Mput=0.0 Mq=226.8070568660531 Mrp=74.84542106827395 Mrx=9888.299622906436 Mx=3531.615483442925
majorant 36 Ma=53.500822271596974 McenA=2.1281326519323553e-18 McenR=1.5678655031470195e-19 Md=127.05535941208345 Mf=24183.411410668697 Mg=31.59271889162206 Mi=5432.187716021577 Mmean=0.0 Mp=26.63362578140262 Mphi=3526.574637241647 Mput=0.0 Mq=226.82273540710236 Mrp=74.33325019503276 Mrx=9888.119548971667 Mx=3531.392726145597
majorant 37 Ma=54.0338578693785 McenA=2.1281326519323553e-18 McenR=1.5678655031470195e-19 Md=129.50814843761782 Mf=24183.618578908685 Mg=31.48476522372192 Mi=5433.770862858232 Mmean=0.0 Mp=26.631198354696966 Mphi=3526.6215576633954 Mput=0.0 Mq=226.80982060993577 Mrp=74.78754751786478 Mrx=9888.337200856216 Mx=3531.613506060092
majorant 38 Ma=53.56419089949211 McenA=2.1281326519323553e-18 McenR=1.5678655031470195e-19 Md=127.29545978197092 Mf=24183.4171014954 Mg=31.603228694328763 Mi=5434.949701890669 Mmean=0.0 Mp=26.630402266538677 Mphi=3526.5982286480153 Mput=0.0 Mq=226.8224623183479 Mrp=74.36858115367423 Mrx=9888.191312434872 Mx=3531.4335340992975
majorant 39 Ma=53.9938641472794 McenA=2.1281326519323553e-18 McenR=1.5678655031470195e-19 Md=129.28172821921322 Mf=24183.580502457735 Mg=31.51065277758109 Mi=5435.876940709538 Mmean=0.0 Mp=26.631598105965868 Mphi=3526.635318583942 Mput=0.0 Mq=226.81204189689993 Mrp=74.74498389297905 Mrx=9888.366555221237 Mx=3531.6115303880115
majorant 40 Ma=53.61551463094002 McenA=2.1281326519323553e-18 McenR=1.5678655031470195e-19 Md=127.51256808084275 Mf=24183.4235734026 Mg=31.606933807494684 Mi=5436.904700596346 Mmean=0.0 Mp=26.633964011614097 Mphi=3526.6170738580795 Mput=0.0 Mq=226.8224380539698 Mrp=74.41471760074712 Mrx=9888.251763859227 Mx=3531.4663030342003
majorant 41 Ma=53.96667754390518 McenA=2.1281326519323553e-18 McenR=1.5678655031470195e-19 Md=129.13817725314982 Mf=24183.56362247185 Mg=31.535062939642312 Mi=5438.0624036230265 Mmean=0.0 Mp=26.636351887129123 Mphi=3526.6495622955313 Mput=0.0 Mq=226.8142622748671 Mrp=74.72443035216351 Mrx=9888.40199442475 Mx=3531.6128241399992
majorant 42 Ma=53.663018891114056 McenA=2.1281326519323553e-18 McenR=1.5678655031470195e-19 Md=127.71039800299998 Mf=24183.43757198679 Mg=31.61696180264807 Mi=5439.238744415041 Mmean=0.0 Mp=26.636305830682428 Mphi=3526.638815526856 Mput=0.0 Mq=226.8230009668398 Mrp=74.45376749185395 Mrx=9888.321140634413 Mx=3531.499225767196
majorant 43 Ma=53.94594667688292 McenA=2.1281326519323553e-18 McenR=1.5678655031470195e-19 Md=129.00332590976817 Mf=24183.547979795665 Mg=31.560097872524956 Mi=5440.258281434859 Mmean=0.0 Mp=26.63460002719149 Mphi=3526.669990583826 Mput=0.0 Mq=226.8166003308082 Mrp=74.69387799223715 Mrx=9888.455115838886 Mx=3531.6228074429387
majorant 44 Ma=53.699609124834474 McenA=2.1281326519323553e-18 McenR=1.5678655031470195e-19 Md=127.82374296588223 Mf=24183.44089027174 Mg=31.62880235985583 Mi=5441.240844040621 Mmean=0.0 Mp=26.634448243728137 Mphi=3526.664783193305 Mput=0.0 Mq=226.8238088701675 Mrp=74.4715454682751 Mrx=9888.398054248062 Mx=3531.534313461424
majorant 45 Ma=53.93322311511489 McenA=2.1281326519323553e-18 McenR=1.5678655031470195e-19 Md=128.87778717209247 Mf=24183.527146805773 Mg=31.587900293593652 Mi=5442.341959552315 Mmean=0.0 Mp=26.636324403408096 Mphi=3526.6920238216576 Mput=0.0 Mq=226.81864776139793 Mrp=74.67461634683663 Mrx=9888.510869761174 Mx=3531.636515795023
majorant 46 Ma=53.73722283092478 McenA=2.1281326519323553e-18 McenR=1.5678655031470195e-19 Md=127.94209325259239 Mf=24183.441867406385 Mg=31.64585197430367 Mi=5443.484973327733 Mmean=0.0 Mp=26.637353641339914 Mphi=3526.6881616246296 Mput=0.0 Mq=226.8244124986118 Mrp=74.5002719692477 Mrx=9888.46439280612 Mx=3531.565291651987
majorant 47 Ma=53.9237095801914 McenA=2.1281326519323553e-18 McenR=1.5678655031470195e-19 Md=128.79295533411687 Mf=24183.515819597025 Mg=31.609218936220177 Mi=5444.36916019643 Mmean=0.0 Mp=26.636840891767633 Mphi=3526.7091531679953 Mput=0.0 Mq=226.82006719120324 Mrp=74.6596931214188 Mrx=9888.551293753262 Mx=3531.6470008562574
majorant 48 Ma=53.76077071700679 McenA=2.1281326519323553e-18 McenR=1.5678655031470195e-19 Md=128.01959207708916 Mf=24183.450677395023 Mg=31.651747255150255 Mi=5444.954971552784 Mmean=0.0 Mp=26.636116300379854 Mphi=3526.7037129325004 Mput=0.0 Mq=226.82457739741267 Mrp=74.51300949460658 Mrx=9888.506654474731 Mx=3531.586813730742
majorant 49 Ma=53.91084991347821 McenA=2.1281326519323553e-18 McenR=1.5678655031470195e-19 Md=128.70540280244694 Mf=24183.514560341704 Mg=31.620898295134925 Mi=5445.404588653501 Mmean=0.0 Mp=26.63773794312917 Mphi=3526.718349501017 Mput=0.0 Mq=226.82096813475056 Mrp=74.64559399633069 Mrx=9888.57115331857 Mx=3531.650516566424
majorant 50 Ma=53.782994849192136 McenA=2.1281326519323553e-18 McenR=1.5678655031470195e-19 Md=128.09717034772777 Mf=24183.46240606963 Mg=31.65843205835842 Mi=5445.949122450353 Mmean=0.0 Mp=26.64038227837376 Mphi=3526.7125406689747 Mput=0.0 Mq=226.8246794660153 Mrp=74.53684506407134 Mrx=9888.533207368297 Mx=3531.6003180154166
majorant 51 Ma=53.906771705594394 McenA=2.1281326519323553e-18 McenR=1.5678655031470195e-19 Md=128.65627019926367 Mf=24183.509557733993 Mg=31.635123249035725 Mi=5446.5168305418965 Mmean=0.0 Mp=26.642561979594568 Mphi=3526.725127618233 Mput=0.0 Mq=226.8218567054896 Mrp=74.64791130959345 Mrx=9888.588388096343 Mx=3531.6527060835633
majorant 52 Ma=53.8028089627463 McenA=2.1281326519323553e-18 McenR=1.5678655031470195e-19 Md=128.15236082821318 Mf=24183.460493717375 Mg=31.665300406316653 Mi=5447.038893554852 Mmean=0.0 Mp=26.644393026360376 Mphi=3526.7218776327227 Mput=0.0 Mq=226.82492805115652 Mrp=74.55887900910034 Mrx=9888.56140954258 Mx=3531.613573862314
majorant 53 Ma=53.90383422195571 McenA=2.1281326519323553e-18 McenR=1.5678655031470195e-19 Md=128.60506801425396 Mf=24183.495320768947 Mg=31.648206460915283 Mi=5447.5924432479405 Mmean=0.0 Mp=26.645947843215897 Mphi=3526.733038582025 Mput=0.0 Mq=226.82269867785314 Mrp=74.64816956839486 Mrx=9888.60886597453 Mx=3531.657045962975
majorant 54 Ma=53.82172984119313 McenA=2.1281326519323553e-18 McenR=1.5678655031470195e-19 Md=128.20536951645653 Mf=24183.458192844915 Mg=31.67634072111028 Mi=5448.205641607389 Mmean=0.0 Mp=26.64628560469077 Mphi=3526.731265460874 Mput=0.0 Mq=226.82525130385127 Mrp=74.57376226423433 Mrx=9888.58965319987 Mx=3531.6262445015886
majorant 55 Ma=53.903141760119695 McenA=2.1281326519323553e-18 McenR=1.5678655031470195e-19 Md=128.57018921911023 Mf=24183.49191719357 Mg=31.663228897945967 Mi=5448.7837385110215 Mmean=0.0 Mp=26.64568528181133 Mphi=3526.741276545244 Mput=0.0 Mq=226.82347008821736 Mrp=74.64075669402712 Mrx=9888.630332683457 Mx=3531.662462514424
majorant 56 Ma=53.83383053986625 McenA=2.1281326519323553e-18 McenR=1.5678655031470195e-19 Md=128.2408272430523 Mf=24183.465882999764 Mg=31.68260171082242 Mi=5449.202132739183 Mmean=0.0 Mp=26.64593972075903 Mphi=3526.7402776642643 Mput=0.0 Mq=226.825511957709 Mrp=74.57890925896743 Mrx=9888.615139774562 Mx=3531.637928338373
majorant 57 Ma=53.89862211543807 McenA=2.1281326519323553e-18 McenR=1.5678655031470195e-19 Md=128.5438715393073 Mf=24183.495499128116 Mg=31.669003183375523 Mi=5449.498209103492 Mmean=0.0 Mp=26.647763829367438 Mphi=3526.748106451494 Mput=0.0 Mq=226.8240548075365 Mrp=74.63887866515172 Mrx=9888.647180274527 Mx=3531.6669033749085
majorant 58 Ma=53.84418258009843 McenA=2.1281326519323553e-18 McenR=1.5678655031470195e-19 Md=128.29153457299378 Mf=24183.47608415916 Mg=31.685184664192718 Mi=5449.816297778476 Mmean=0.0 Mp=26.649919870920314 Mphi=3526.7471568642595 Mput=0.0 Mq=226.82574528561057 Mrp=74.59521917935048 Mrx=9888.634996872594 Mx=3531.6467979692106
majorant 59 Ma=53.898201517380876 McenA=2.1281326519323553e-18 McenR=1.5678655031470195e-19 Md=128.53886584029155 Mf=24183.499690728117 Mg=31.67582532385556 Mi=5450.20328534758 Mmean=0.0 Mp=26.65108736271472 Mphi=3526.7540456929746 Mput=0.0 Mq=226.82462116416616 Mrp=74.6441049360475 Mrx=9888.662785965998 Mx=3531.670797895608
majorant 60 Ma=53.85336344639206 McenA=2.1281326519323553e-18 McenR=1.5678655031470195e-19 Md=128.32336579335012 Mf=24183.48198745323 Mg=31.688707747342036 Mi=5450.551597235489 Mmean=0.0 Mp=26.651630825827326 Mphi=3526.754088046405 Mput=0.0 Mq=226.82602708178973 Mrp=74.60515768321011 Mrx=9888.655048050183 Mx=3531.655371732068
majorant 61 Ma=53.896199478791736 McenA=2.1281326519323553e-18 McenR=1.5678655031470195e-19 Md=128.51553565070384 Mf=24183.499380937537 Mg=31.680440789600496 Mi=5450.835647824228 Mmean=0.0 Mp=26.652349566493402 Mphi=3526.760209514578 Mput=0.0 Mq=226.82515219046525 Mrp=74.64343141501377 Mrx=9888.679144439782 Mx=3531.6753963958568
majorant 62 Ma=53.8609164199487 McenA=2.1281326519323553e-18 McenR=1.5678655031470195e-19 Md=128.34461419012277 Mf=24183.484754389414 Mg=31.692459277328847 Mi=5451.172077873808 Mmean=0.0 Mp=26.652641462672474 Mphi=3526.760799323235 Mput=0.0 Mq=226.82635687684407 Mrp=74.61197882178432 Mrx=9888.674868507385 Mx=3531.663456063383
majorant 63 Ma=53.89692090550483 McenA=2.1281326519323553e-18 McenR=1.5678655031470195e-19 Md=128.50419217704084 Mf=24183.499871981414 Mg=31.688592706113127 Mi=5451.590208943674 Mmean=0.0 Mp=26.651918049702523 Mphi=3526.7667619001863 Mput=0.0 Mq=226.82571318456215 Mrp=74.63989656343986 Mrx=9888.697216086615 Mx=3531.680677731641
majorant 64 Ma=53.868065001475465 McenA=2.1281326519323553e-18 McenR=1.5678655031470195e-19 Md=128.3603977634725 Mf=24183.488850809743 Mg=31.699282409174494 Mi=5451.994562649245 Mmean=0.0 Mp=26.65067399907848 Mphi=3526.7682176514963 Mput=0.0 Mq=226.82670149972347 Mrp=74.60994258699009 Mrx=9888.695825026294 Mx=3531.6720183084976
majorant 65 Ma=53.89591715320289 McenA=2.1281326519323553e-18 McenR=1.5678655031470195e-19 Md=128.48140490674837 Mf=24183.501442362773 Mg=31.694761644370672 Mi=5452.278694171566 Mmean=0.0 Mp=26.65021844221534 Mphi=3526.773243256646 Mput=0.0 Mq=226.82613619471084 Mrp=74.63179876924616 Mrx=9888.713708245416 Mx=3531.6862047552854
majorant 66 Ma=53.872330444647616 McenA=2.1281326519323553e-18 McenR=1.5678655031470195e-19 Md=128.3680531638628 Mf=24183.49361653868 Mg=31.702109025067617 Mi=5452.466888077682 Mmean=0.0 Mp=26.651091527928198 Mphi=3526.7738095002846 Mput=0.0 Mq=226.82688393153026 Mrp=74.61222111148948 Mrx=9888.710602465826 Mx=3531.678552379134
majorant 67 Ma=53.896267811451715 McenA=2.1281326519323553e-18 McenR=1.5678655031470195e-19 Md=128.4774279066953 Mf=24183.505457632436 Mg=31.69888143141774 Mi=5452.6675952176065 Mmean=0.0 Mp=26.652608034506926 Mphi=3526.777154917713 Mput=0.0 Mq=226.82641247367766 Mrp=74.63569006070274 Mrx=9888.723380228093 Mx=3531.6892292120615
majorant 68 Ma=53.87854842419931 McenA=2.1281326519323553e-18 McenR=1.5678655031470195e-19 Md=128.3912821697251 Mf=24183.499884153847 Mg=31.705986720464534 Mi=5452.923340237824 Mmean=0.0 Mp=26.653969368255755 Mphi=3526.7774461928143 Mput=0.0 Mq=226.82705388036308 Mrp=74.62233771306852 Mrx=9888.72096264662 Mx=3531.6827894323346
majorant 69 Ma=53.89830696143275 McenA=2.1281326519323553e-18 McenR=1.5678655031470195e-19 Md=128.47843526245148 Mf=24183.508625862058 Mg=31.70386175305261 Mi=5453.197995766906 Mmean=0.0 Mp=26.65522145560362 Mphi=3526.7806682623645 Mput=0.0 Mq=226.8267389336892 Mrp=74.64140525347932 Mrx=9888.73326793846 Mx=3531.6919554525894
majorant 70 Ma=53.88431259209836 McenA=2.1281326519323553e-18 McenR=1.5678655031470195e-19 Md=128.4079789503048 Mf=24183.50184264243 Mg=31.71016701557379 Mi=5453.4567892272735 Mmean=0.0 Mp=26.656545341330766 Mphi=3526.781865551708 Mput=0.0 Mq=226.82734386389626 Mrp=74.63104847890926 Mrx=9888.734441070214 Mx=3531.6877557318385
majorant 71 Ma=53.90141645355365 McenA=2.1281326519323553e-18 McenR=1.5678655031470195e-19 Md=128.48004741752158 Mf=24183.506427190285 Mg=31.710122559372316 Mi=5453.766273439698 Mmean=0.0 Mp=26.657516276826392 Mphi=3526.785743813605 Mput=0.0 Mq=226.8271809048764 Mrp=74.64673046566399 Mrx=9888.74818990071 Mx=3531.6964931654725
majorant 72 Ma=53.89084466121954 McenA=2.1281326519323553e-18 McenR=1.5678655031470195e-19 Md=128.42176646672414 Mf=24183.499594724228 Mg=31.71694900642186 Mi=5454.124613120725 Mmean=0.0 Mp=26.657599924929194 Mphi=3526.7881214059307 Mput=0.0 Mq=226.82774261374976 Mrp=74.63608532705118 Mrx=9888.752848428043 Mx=3531.6945192524404
majorant 73 Ma=53.90398984606037 McenA=2.1281326519323553e-18 McenR=1.5678655031470195e-19 Md=128.474913943066 Mf=24183.50374359948 Mg=31.716893874421526 Mi=5454.461885722918 Mmean=0.0 Mp=26.657133666206455 Mphi=3526.792378701484 Mput=0.0 Mq=226.82763598417594 Mrp=74.64507028987585 Mrx=9888.766467699472 Mx=3531.702729195581
majorant 74 Ma=53.89413807564484 McenA=2.1281326519323553e-18 McenR=1.5678655031470195e-19 Md=128.42447508073627 Mf=24183.500460875275 Mg=31.721007873550246 Mi=5454.719632137515 Mmean=0.0 Mp=26.65710398637738 Mphi=3526.7947285784126 Mput=0.0 Mq=226.82807785228988 Mrp=74.63534414052042 Mrx=9888.770847514425 Mx=3531.7015630954343
majorant 75 Ma=53.90465906482307 McenA=2.1281326519323553e-18 McenR=1.5678655031470195e-19 Md=128.4717693120918 Mf=24183.50705808864 Mg=31.720159784143146 Mi=5454.920468418524 Mmean=0.0 Mp=26.657907699687684 Mphi=3526.7980290789233 Mput=0.0 Mq=226.82797752831303 Mrp=74.64552363970564 Mrx=9888.781342578237 Mx=3531.7080407658586
majorant 76 Ma=53.897766115020914 McenA=2.1281326519323553e-18 McenR=1.5678655031470195e-19 Md=128.43974018137294 Mf=24183.506839531812 Mg=31.72411344531939 Mi=5455.11941202331 Mmean=0.0 Mp=26.658968472942217 Mphi=3526.7997764588545 Mput=0.0 Mq=226.82834693742325 Mrp=74.64111594524192 Mrx=9888.78465671908 Mx=3531.706880354643
majorant 77 Ma=53.90708005683187 McenA=2.1281326519323553e-18 McenR=1.5678655031470195e-19 Md=128.48098424521842 Mf=24183.512637418793 Mg=31.724251668542664 Mi=5455.329114729579 Mmean=0.0 Mp=26.6597500401029 Mphi=3526.8026582359976 Mput=0.0 Mq=226.82829228138817 Mrp=74.65018923988065 Mrx=9888.793853391435 Mx=3531.7122861989224
majorant 78 Ma=53.90141652865784 McenA=2.1281326519323553e-18 McenR=1.5678655031470195e-19 Md=128.4507703130781 Mf=24183.511259344574 Mg=31.72750903812869 Mi=5455.525707723506 Mmean=0.0 Mp=26.660435921135196 Mphi=3526.8044751145667 Mput=0.0 Mq=226.82861424700974 Mrp=74.64600730056907 Mrx=9888.797625961533 Mx=3531.7117483732027
majorant 79 Ma=53.90900394067492 McenA=2.1281326519323553e-18 McenR=1.5678655031470195e-19 Md=128.48125026566245 Mf=24183.51418608112 Mg=31.727676478039143 Mi=5455.71930705666 Mmean=0.0 Mp=26.661221202737114 Mphi=3526.8071289004465 Mput=0.0 Mq=226.8285831729282 Mrp=74.65361604206099 Mrx=9888.805927148538 Mx=3531.7164842234365
majorant 80 Ma=53.90509320310657 McenA=2.1281326519323553e-18 McenR=1.5678655031470195e-19 Md=128.45833535917404 Mf=24183.511125440735 Mg=31.73125065966942 Mi=5455.938089225111 Mmean=0.0 Mp=26.661887943107224 Mphi=3526.808780336761 Mput=0.0 Mq=226.82885327263446 Mrp=74.6507168823694 Mrx=9888.809505533869 Mx=3531.716261346133
majorant 81 Ma=53.91186083514145 McenA=2.1281326519323553e-18 McenR=1.5678655031470195e-19 Md=128.4846131075219 Mf=24183.51109043561 Mg=31.732572150430173 Mi=5456.190428802595 Mmean=0.0 Mp=26.662170341534534 Mphi=3526.811063647409 Mput=0.0 Mq=226.82888474908452 Mrp=74.65613421720526 Mrx=9888.817341006674 Mx=3531.720245038684
majorant 82 Ma=53.90862733978731 McenA=2.1281326519323553e-18 McenR=1.5678655031470195e-19 Md=128.46454621643446 Mf=24183.508036090945 Mg=31.73583563229105 Mi=5456.427911928967 Mmean=0.0 Mp=26.662230974478437 Mphi=3526.8132426591715 Mput=0.0 Mq=226.82914062366214 Mrp=74.6523390635582 Mrx=9888.822360170729 Mx=3531.720909811003
majorant 83 Ma=53.913752395720756 McenA=2.1281326519323553e-18 McenR=1.5678655031470195e-19 Md=128.48499570742774 Mf=24183.50900574894 Mg=31.736537807186654 Mi=5456.622008484266 Mmean=0.0 Mp=26.66245720221692 Mphi=3526.81567705477 Mput=0.0 Mq=226.8291714987768 Mrp=74.65639981365186 Mrx=9888.829883540235 Mx=3531.7247281592586
majorant 84 Ma=53.911101455737096 McenA=2.1281326519323553e-18 McenR=1.5678655031470195e-19 Md=128.469642942226 Mf=24183.50844948506 Mg=31.738848829920634 Mi=5456.781860241279 Mmean=0.0 Mp=26.66296855871102 Mphi=3526.817555683293 Mput=0.0 Mq=226.8293645832272 Mrp=74.65449324202626 Mrx=9888.833935539204 Mx=3531.7253759724035
majorant 85 Ma=53.91546756443518 McenA=2.1281326519323553e-18 McenR=1.5678655031470195e-19 Md=128.48698642975376 Mf=24183.510894374558 Mg=31.739353006691893 Mi=5456.920146397939 Mmean=0.0 Mp=26.66362717465234 Mphi=3526.8193493492686 Mput=0.0 Mq=226.8293745538241 Mrp=74.659203773163 Mrx=9888.83942337678 Mx=3531.728264181664
majorant 86 Ma=53.913433618578 McenA=2.1281326519323553e-18 McenR=1.5678655031470195e-19 Md=128.47441916158533 Mf=24183.5112268711 Mg=31.74113121549227 Mi=5457.035327243429 Mmean=0.0 Mp=26.664427334646113 Mphi=3526.820672151746 Mput=0.0 Mq=226.82952509865655 Mrp=74.65873140005016 Mrx=9888.84219132182 Mx=3531.728555857891
majorant 87 Ma=53.91714241709373 McenA=2.1281326519323553e-18 McenR=1.5678655031470195e-19 Md=128.48874267005186 Mf=24183.51315076794 Mg=31.741458082889416 Mi=5457.133542383144 Mmean=0.0 Mp=26.665484961299157 Mphi=3526.822039745892 Mput=0.0 Mq=226.82954068293824 Mrp=74.66390540086941 Mrx=9888.846572281456 Mx=3531.7307973408647
majorant 88 Ma=53.91610745476697 McenA=2.1281326519323553e-18 McenR=1.5678655031470195e-19 Md=128.48060039524708 Mf=24183.51269767593 Mg=31.743355625847467 Mi=5457.241718022003 Mmean=0.0 Mp=26.666714959495298 Mphi=3526.823203353209 Mput=0.0 Mq=226.8296871510688 Mrp=74.66520860798204 Mrx=9888.849373665407 Mx=3531.7311402097203
majorant 89 Ma=53.92002118382636 McenA=2.1281326519323553e-18 McenR=1.5678655031470195e-19 Md=128.49467357280997 Mf=24183.512969793268 Mg=31.744741626702645 Mi=5457.3857926731735 Mmean=0.0 Mp=26.667662305901512 Mphi=3526.8246573080714 Mput=0.0 Mq=226.82973980843457 Mrp=74.67004223582323 Mrx=9888.854189680946 Mx=3531.7333238786923
majorant 90 Ma=53.919558726971516 McenA=2.1281326519323553e-18 McenR=1.5678655031470195e-19 Md=128.48791523016996 Mf=24183.511147430763 Mg=31.747223134256757 Mi=5457.549529477505 Mmean=0.0 Mp=26.668150046760207 Mphi=3526.826193422542 Mput=0.0 Mq=226.82989773903154 Mrp=74.66985289050434 Mrx=9888.8581668036 Mx=3531.7342117417857
majorant 91 Ma=53.92253004204776 McenA=2.1281326519323553e-18 McenR=1.5678655031470195e-19 Md=128.49791686741528 Mf=24183.5105089476 Mg=31.748593848677 Mi=5457.702309822623 Mmean=0.0 Mp=26.66836551018767 Mphi=3526.8279692973797 Mput=0.0 Mq=226.82996570508635 Mrp=74.67209835620321 Mrx=9888.863578073886 Mx=3531.7365920523675
majorant 92 Ma=53.92185689832538 McenA=2.1281326519323553e-18 McenR=1.5678655031470195e-19 Md=128.49186919164376 Mf=24183.509401933195 Mg=31.750410867264417 Mi=5457.83538313853 Mmean=0.0 Mp=26.668525437744208 Mphi=3526.8296045769202 Mput=0.0 Mq=226.83010124033842 Mrp=74.6711221267497 Mrx=9888.867665527621 Mx=3531.737716566327
majorant 93 Ma=53.924105842993924 McenA=2.1281326519323553e-18 McenR=1.5678655031470195e-19 Md=128.50030688922575 Mf=24183.510326994732 Mg=31.751288700690672 Mi=5457.955815706588 Mmean=0.0 Mp=26.668650238364176 Mphi=3526.8311732491125 Mput=0.0 Mq=226.83014962140948 Mrp=74.6727883965203 Mrx=9888.872193575035 Mx=3531.739777735761
majorant 94 Ma=53.92338162770703 McenA=2.1281326519323553e-18 McenR=1.5678655031470195e-19 Md=128.49458366384295 Mf=24183.511101072447 Mg=31.75252074666068 Mi=5458.061529528316 Mmean=0.0 Mp=26.668701905380694 Mphi=3526.8324278744676 Mput=0.0 Mq=226.83024560518228 Mrp=74.67181130454868 Mrx=9888.875125507528 Mx=3531.740596365596
majorant 95 Ma=53.924970471672424 McenA=2.1281326519323553e-18 McenR=1.5678655031470195e-19 Md=128.499427690919 Mf=24183.512979028397 Mg=31.752965447251906 Mi=5458.143412574771 Mmean=0.0 Mp=26.66876885502978 Mphi=3526.8335251738217 Mput=0.0 Mq=226.83027397691677 Mrp=74.67299021915498 Mrx=9888.878247209754 Mx=3531.7420568669945
majorant 96 Ma=53.92440413071713 McenA=2.1281326519323553e-18 McenR=1.5678655031470195e-19 Md=128.4937496543226 Mf=24183.5138705108 Mg=31.75394984838035 Mi=5458.207872369626 Mmean=0.0 Mp=26.668965814095372 Mphi=3526.8343925468657 Mput=0.0 Mq=226.83035472276907 Mrp=74.67253253117022 Mrx=9888.880355345604 Mx=3531.742549560686
majorant 97 Ma=53.92614335466485 McenA=2.1281326519323553e-18 McenR=1.5678655031470195e-19 Md=128.49829521718718 Mf=24183.514732916432 Mg=31.754825681317854 Mi=5458.280512860138 Mmean=0.0 Mp=26.669235876241345 Mphi=3526.8353119382 Mput=0.0 Mq=226.83039941354323 Mrp=74.67413501447759 Mrx=9888.883273018884 Mx=3531.7437687202205
majorant 98 Ma=53.926278596127915 McenA=2.1281326519323553e-18 McenR=1.5678655031470195e-19 Md=128.49419212438676 Mf=24183.51408189566 Mg=31.756484290053233 Mi=5458.381025155273 Mmean=0.0 Mp=26.66938836673572 Mphi=3526.836318630215 Mput=0.0 Mq=226.83049949268275 Mrp=74.67390746938018 Mrx=9888.88608782763 Mx=3531.744490810596
majorant 99 Ma=53.92798867886318 McenA=2.1281326519323553e-18 McenR=1.5678655031470195e-19 Md=128.49709149576 Mf=24183.513297634705 Mg=31.757882082416774 Mi=5458.502599315601 Mmean=0.0 Mp=26.669347174269806 Mphi=3526.837577530039 Mput=0.0 Mq=226.83057041279244 Mrp=74.67455241781728 Mrx=9888.889940662015 Mx=3531.7460071294918
majorant 100 Ma=53.928073885212264 McenA=2.1281326519323553e-18 McenR=1.5678655031470195e-19 Md=128.49272453414895 Mf=24183.511900139605 Mg=31.75948235032121 Mi=5458.624085360011 Mmean=0.0 Mp=26.669234406524716 Mphi=3526.8389250230152 Mput=0.0 Mq=226.83067576168284 Mrp=74.6736142281109 Mrx=9888.89358055477 Mx=3531.74713185522
majorant 101 Ma=53.929405328105936 McenA=2.1281326519323553e-18 McenR=1.5678655031470195e-19 Md=128.4953870724013 Mf=24183.511404456 Mg=31.760620910597204 Mi=5458.732360978425 Mmean=0.0 Mp=26.66916961482627 Mphi=3526.840325829877 Mput=0.0 Mq=226.83074394543473 Mrp=74.6739514615153 Mrx=9888.897577900816 Mx=3531.7487464244145
majorant 102 Ma=53.92949865014199 McenA=2.1281326519323553e-18 McenR=1.5678655031470195e-19 Md=128.493066521232 Mf=24183.511273211087 Mg=31.76187860416494 Mi=5458.823714639667 Mmean=0.0 Mp=26.669140264728682 Mphi=3526.8415971457875 Mput=0.0 Mq=226.830828042359 Mrp=74.67337353968132 Mrx=9888.900837365743 Mx=3531.7498358318085
majorant 103 Ma=53.93053021421599 McenA=2.1281326519323553e-18 McenR=1.5678655031470195e-19 Md=128.49560171747717 Mf=24183.512151309435 Mg=31.762687796487025 Mi=5458.8936062195535 Mmean=0.0 Mp=26.669141592370202 Mphi=3526.8427382230384 Mput=0.0 Mq=226.83087385040355 Mrp=74.67379548487597 Mrx=9888.903915539442 Mx=3531.751134230989
majorant 104 Ma=53.930495215356416 McenA=2.1281326519323553e-18 McenR=1.5678655031470195e-19 Md=128.4935040144784 Mf=24183.512981285177 Mg=31.763499666886887 Mi=5458.939914909371 Mmean=0.0 Mp=26.669241288714442 Mphi=3526.843653774574 Mput=0.0 Mq=226.83093155962388 Mrp=74.67360677101647 Mrx=9888.9061420107 Mx=3531.751876611235
majorant 105 Ma=53.931369860842196 McenA=2.1281326519323553e-18 McenR=1.5678655031470195e-19 Md=128.49552794510402 Mf=24183.51395084577 Mg=31.764063610259075 Mi=5458.979516642242 Mmean=0.0 Mp=26.6694816627487 Mphi=3526.844434319924 Mput=0.0 Mq=226.83096593374012 Mrp=74.67457335391181 Mrx=9888.908299458932 Mx=3531.752767294386
majorant 106 Ma=53.93165784372914 McenA=2.1281326519323553e-18 McenR=1.5678655031470195e-19 Md=128.49416764473014 Mf=24183.514179352558 Mg=31.764995667059893 Mi=5459.032776096493 Mmean=0.0 Mp=26.669796120902394 Mphi=3526.845124237787 Mput=0.0 Mq=226.83102328055546 Mrp=74.67512512962001 Mrx=9888.910172040114 Mx=3531.753320366459
majorant 107 Ma=53.93281661098196 McenA=2.1281326519323553e-18 McenR=1.5678655031470195e-19 Md=128.49594493711828 Mf=24183.51403059693 Mg=31.76605276628781 Mi=5459.108851067413 Mmean=0.0 Mp=26.670062547569106 Mphi=3526.8458940482155 Mput=0.0 Mq=226.831074018907 Mrp=74.67621184415678 Mrx=9888.912542604274 Mx=3531.7541963516287
majorant 108 Ma=53.93340148866878 McenA=2.1281326519323553e-18 McenR=1.5678655031470195e-19 Md=128.49470145377936 Mf=24183.513205418578 Mg=31.767448974821033 Mi=5459.202039788166 Mmean=0.0 Mp=26.670207497389555 Mphi=3526.8467835312995 Mput=0.0 Mq=226.83114852826972 Mrp=74.67641903314698 Mrx=9888.915112965038 Mx=3531.7549906080776
majorant 109 Ma=53.934503868709584 McenA=2.1281326519323553e-18 McenR=1.5678655031470195e-19 Md=128.49615860219322 Mf=24183.512464112464 Mg=31.768749695532513 Mi=5459.300335318198 Mmean=0.0 Mp=26.670243228034703 Mphi=3526.8478302347066 Mput=0.0 Mq=226.8312135748573 Mrp=74.6767940365776 Mrx=9888.918187430667 Mx=3531.7561323400832
majorant 110 Ma=53.9350093404237 McenA=2.1281326519323553e-18 McenR=1.5678655031470195e-19 Md=128.49547227066307 Mf=24183.511835380523 Mg=31.770076366819694 Mi=5459.396258172505 Mmean=0.0 Mp=26.67022660550296 Mphi=3526.848921168342 Mput=0.0 Mq=226.83128682548966 Mrp=74.67654741532887 Mrx=9888.921157675744 Mx=3531.757151571523
majorant 111 Ma=53.935852336731486 McenA=2.1281326519323553e-18 McenR=1.5678655031470195e-19 Md=128.49706730934693 Mf=24183.511851747964 Mg=31.771106066692276 Mi=5459.483807027845 Mmean=0.0 Mp=26.670212501193934 Mphi=3526.8499777165557 Mput=0.0 Mq=226.83133949490158 Mrp=74.6766877255779 Mrx=9888.924036119553 Mx=3531.7582861077767
majorant 112 Ma=53.9361373059095 McenA=2.1281326519323553e-18 McenR=1.5678655031470195e-19 Md=128.49655121532786 Mf=24183.512209777353 Mg=31.77197005011834 Mi=5459.554402777819 Mmean=0.0 Mp=26.670252940019264 Mphi=3526.850880637161 Mput=0.0 Mq=226.83138949328597 Mrp=74.67659056658073 Mrx=9888.926321169743 Mx=3531.759121930462
majorant 113 Ma=53.936703896901264 McenA=2.1281326519323553e-18 McenR=1.5678655031470195e-19 Md=128.4977275709998 Mf=24183.513005384222 Mg=31.77253893299317 Mi=5459.603789313855 Mmean=0.0 Mp=26.670393046855597 Mphi=3526.851617228049 Mput=0.0 Mq=226.83142113156987 Mrp=74.6770808573656 Mrx=9888.928233856259 Mx=3531.7599032132835
majorant 114 Ma=53.93698412103196 McenA=2.1281326519323553e-18 McenR=1.5678655031470195e-19 Md=128.49745968277628 Mf=24183.51372855467 Mg=31.77316298392149 Mi=5459.640688490707 Mmean=0.0 Mp=26.670623501409796 Mphi=3526.8521953814848 Mput=0.0 Mq=226.83145707155313 Mrp=74.67755541409717 Mrx=9888.92970391667 Mx=3531.7604102042365
majorant 115 Ma=53.93769498806808 McenA=2.1281326519323553e-18 McenR=1.5678655031470195e-19 Md=128.49861543224276 Mf=24183.51426858813 Mg=31.7738727518404 Mi=5459.681786571736 Mmean=0.0 Mp=26.670862090825874 Mphi=3526.8527197930603 Mput=0.0 Mq=226.831488570208 Mrp=74.6783707409262 Mrx=9888.931201175199 Mx=3531.7609671987984
majorant 116 Ma=53.938224970234394 McenA=2.1281326519323553e-18 McenR=1.5678655031470195e-19 Md=128.498099086973 Mf=24183.51421306523 Mg=31.77483326964664 Mi=5459.7370337811035 Mmean=0.0 Mp=26.671020873828635 Mphi=3526.8532612823383 Mput=0.0 Mq=226.83153181090051 Mrp=74.67875605284055 Mrx=9888.93275433807 Mx=3531.7614610288765
majorant 117 Ma=53.93900883982444 McenA=2.1281326519323553e-18 McenR=1.5678655031470195e-19 Md=128.49836724949282 Mf=24183.513760400256 Mg=31.775858503417798 Mi=5459.8046042114 Mmean=0.0 Mp=26.6710665836439 Mphi=3526.8538846166794 Mput=0.0 Mq=226.83157428594936 Mrp=74.67903883457974 Mrx=9888.934610781725 Mx=3531.762125312959
majorant 118 Ma=53.939536891558916 McenA=2.1281326519323553e-18 McenR=1.5678655031470195e-19 Md=128.49751967218648 Mf=24183.513021032668 Mg=31.77697183443391 Mi=5459.878701232049 Mmean=0.0 Mp=26.671015008850503 Mphi=3526.8545728585723 Mput=0.0 Mq=226.83162386822877 Mrp=74.67884118068064 Mrx=9888.936567593282 Mx=3531.762786739184
majorant 119 Ma=53.94020423945623 McenA=2.1281326519323553e-18 McenR=1.5678655031470195e-19 Md=128.49774053348125 Mf=24183.512481821665 Mg=31.778003883295245 Mi=5459.953367231703 Mmean=0.0 Mp=26.670899790419647 Mphi=3526.855298785665 Mput=0.0 Mq=226.83166663575545 Mrp=74.6786234069485 Mrx=9888.93861877998 Mx=3531.7635531889678
majorant 120 Ma=53.94059949093879 McenA=2.1281326519323553e-18 McenR=1.5678655031470195e-19 Md=128.49724437607077 Mf=24183.5122706492 Mg=31.77894896694213 Mi=5460.021546378737 Mmean=0.0 Mp=26.67076816182774 Mphi=3526.855989896824 Mput=0.0 Mq=226.83170713070325 Mrp=74.67817641777735 Mrx=9888.940459586329 Mx=3531.764224156384
majorant 121 Ma=53.94104230216527 McenA=2.1281326519323553e-18 McenR=1.5678655031470195e-19 Md=128.49744105591276 Mf=24183.51257847098 Mg=31.77966068458899 Mi=5460.075858114026 Mmean=0.0 Mp=26.670683878722762 Mphi=3526.856597010101 Mput=0.0 Mq=226.83173553468103 Mrp=74.67796917241317 Mrx=9888.942049664145 Mx=3531.7648567255574
majorant 122 Ma=53.94127774812189 McenA=2.1281326519323553e-18 McenR=1.5678655031470195e-19 Md=128.49700917882822 Mf=24183.51319546969 Mg=31.780237664057513 Mi=5460.114191722651 Mmean=0.0 Mp=26.67069614850054 Mphi=3526.857080595052 Mput=0.0 Mq=226.83176071635165 Mrp=74.67788998938738 Mrx=9888.943257301959 Mx=3531.7653084672706
majorant 123 Ma=53.941675062630075 McenA=2.1281326519323553e-18 McenR=1.5678655031470195e-19 Md=128.49738735631595 Mf=24183.513954614282 Mg=31.78074651836039 Mi=5460.143125913627 Mmean=0.0 Mp=26.67080075002885 Mphi=3526.857470233495 Mput=0.0 Mq=226.83178092380277 Mrp=74.67820090952387 Mrx=9888.944287096874 Mx=3531.765703486265
majorant 124 Ma=53.942050679610176 McenA=2.1281326519323553e-18 McenR=1.5678655031470195e-19 Md=128.49727267549613 Mf=24183.51446734442 Mg=31.781373367042953 Mi=5460.173513436275 Mmean=0.0 Mp=26.670948911570473 Mphi=3526.8578199397734 Mput=0.0 Mq=226.8318064706657 Mrp=74.67856055489592 Mrx=9888.945255096583 Mx=3531.766022143773
majorant 125 Ma=53.94262580738793 McenA=2.1281326519323553e-18 McenR=1.5678655031470195e-19 Md=128.49750509099263 Mf=24183.514609236157 Mg=31.78212124130892 Mi=5460.2129678582305 Mmean=0.0 Mp=26.67108991449062 Mphi=3526.858202963911 Mput=0.0 Mq=226.83183467799498 Mrp=74.67901250903361 Mrx=9888.94640115852 Mx=3531.7664159985247
majorant 126 Ma=53.94315865853921 McenA=2.1281326519323553e-18 McenR=1.5678655031470195e-19 Md=128.4971820075618 Mf=24183.514325812226 Mg=31.78300675803414 Mi=5460.261952410646 Mmean=0.0 Mp=26.67119919630847 Mphi=3526.85865331057 Mput=0.0 Mq=226.83186497017078 Mrp=74.67929579898646 Mrx=9888.947657142266 Mx=3531.7668529347325
majorant 127 Ma=53.9438075637074 McenA=2.1281326519323553e-18 McenR=1.5678655031470195e-19 Md=128.497465284962 Mf=24183.5138464994 Mg=31.783960142337218 Mi=5460.318722625895 Mmean=0.0 Mp=26.671251921804974 Mphi=3526.859105871291 Mput=0.0 Mq=226.8318991015597 Mrp=74.67951387816707 Mrx=9888.949030966396 Mx=3531.767322816297
majorant 128 Ma=53.94435312951466 McenA=2.1281326519323553e-18 McenR=1.5678655031470195e-19 Md=128.49745800977124 Mf=24183.513384266247 Mg=31.784946024363837 Mi=5460.379859153607 Mmean=0.0 Mp=26.67122724834158 Mphi=3526.85964100812 Mput=0.0 Mq=226.83193577727528 Mrp=74.67945049513426 Mrx=9888.950551150818 Mx=3531.7678511406316
majorant 129 Ma=53.94488633104127 McenA=2.1281326519323553e-18 McenR=1.5678655031470195e-19 Md=128.4977415372947 Mf=24183.51320811489 Mg=31.785839734229675 Mi=5460.438185243063 Mmean=0.0 Mp=26.671150387758523 Mphi=3526.8601949253934 Mput=0.0 Mq=226.83196803113654 Mrp=74.67927766740871 Mrx=9888.952081194531 Mx=3531.768420067381
majorant 130 Ma=53.945254649745294 McenA=2.1281326519323553e-18 McenR=1.5678655031470195e-19 Md=128.49757248705788 Mf=24183.513363920476 Mg=31.78659628388156 Mi=5460.485940501685 Mmean=0.0 Mp=26.671088730936294 Mphi=3526.860710120744 Mput=0.0 Mq=226.83199449487688 Mrp=74.67905390614429 Mrx=9888.95340787655 Mx=3531.7689256298786
majorant 131 Ma=53.945617189779746 McenA=2.1281326519323553e-18 McenR=1.5678655031470195e-19 Md=128.49770880672494 Mf=24183.51382920571 Mg=31.78719516766914 Mi=5460.519933278775 Mmean=0.0 Mp=26.671103281874153 Mphi=3526.861125000247 Mput=0.0 Mq=226.83201285786637 Mrp=74.67907184447333 Mrx=9888.954450025158 Mx=3531.7693423423702
majorant 132 Ma=53.94593910956589 McenA=2.1281326519323553e-18 McenR=1.5678655031470195e-19 Md=128.4977913904396 Mf=24183.514374894083 Mg=31.787742718888786 Mi=5460.544344952758 Mmean=0.0 Mp=26.671200271728534 Mphi=3526.8614379770625 Mput=0.0 Mq=226.83202761970588 Mrp=74.67928899140438 Mrx=9888.955209275531 Mx=3531.769634764628
majorant 133 Ma=53.94636361460869 McenA=2.1281326519323553e-18 McenR=1.5678655031470195e-19 Md=128.4981292046924 Mf=24183.514785704483 Mg=31.7883151526462 Mi=5460.5673079062635 Mmean=0.0 Mp=26.67134369432557 Mphi=3526.861677436617 Mput=0.0 Mq=226.832041522545 Mrp=74.67969764182173 Mrx=9888.955846254748 Mx=3531.7698677291205
majorant 134 Ma=53.946822654735 McenA=2.1281326519323553e-18 McenR=1.5678655031470195e-19 Md=128.49823237940626 Mf=24183.51485659028 Mg=31.78900010783141 Mi=5460.595694877419 Mmean=0.0 Mp=26.671489650757845 Mphi=3526.861910571095 Mput=0.0 Mq=226.8320598731805 Mrp=74.68009829018007 Mrx=9888.95651997774 Mx=3531.7700850474994
majorant 135 Ma=53.94738027736981 McenA=2.1281326519323553e-18 McenR=1.5678655031470195e-19 Md=128.49839945106825 Mf=24183.51457558029 Mg=31.789798859131345 Mi=5460.632613710578 Mmean=0.0 Mp=26.671599485802286 Mphi=3526.8621905522555 Mput=0.0 Mq=226.83208335417547 Mrp=74.68044591102776 Mrx=9888.957389401046 Mx=3531.7703673654646
majorant 136 Ma=53.947933561715196 McenA=2.1281326519323553e-18 McenR=1.5678655031470195e-19 Md=128.49839659408565 Mf=24183.51404198173 Mg=31.790701264450764 Mi=5460.678735413506 Mmean=0.0 Mp=26.671642656914003 Mphi=3526.8625553628203 Mput=0.0 Mq=226.83211234690842 Mrp=74.6805902843667 Mrx=9888.958486601137 Mx=3531.770728786135
majorant 137 Ma=53.948494721323584 McenA=2.1281326519323553e-18 McenR=1.5678655031470195e-19 Md=128.49842952045717 Mf=24183.51350271876 Mg=31.791626328510304 Mi=5460.729755787311 Mmean=0.0 Mp=26.67161252482339 Mphi=3526.86299277072 Mput=0.0 Mq=226.83214256740717 Mrp=74.68055023389525 Mrx=9888.959760446054 Mx=3531.7711756818935
majorant 138 Ma=53.94896514983797 McenA=2.1281326519323553e-18 McenR=1.5678655031470195e-19 Md=128.49830584095332 Mf=24183.513165615743 Mg=31.792502234124328 Mi=5460.78004648941 Mmean=0.0 Mp=26.671540679585654 Mphi=3526.8634609912842 Mput=0.0 Mq=226.83217059058867 Mrp=74.68034688609879 Mrx=9888.96104356872 Mx=3531.7716450387775
majorant 139 Ma=53.94938209596582 McenA=2.1281326519323553e-18 McenR=1.5678655031470195e-19 Md=128.49831975163858 Mf=24183.513161530096 Mg=31.793255281609177 Mi=5460.823430673397 Mmean=0.0 Mp=26.6714823865132 Mphi=3526.863892694329 Mput=0.0 Mq=226.83219227573994 Mrp=74.68017394548309 Mrx=9888.96217469353 Mx=3531.772083034264
majorant 140 Ma=53.94972612286428 McenA=2.1281326519323553e-18 McenR=1.5678655031470195e-19 Md=128.4983598693989 Mf=24183.51343368374 Mg=31.793893380226685 Mi=5460.856672939293 Mmean=0.0 Mp=26.671479582907146 Mphi=3526.8642416291077 Mput=0.0 Mq=226.83220775051032 Mrp=74.68012495038377 Mrx=9888.96303728784 Mx=3531.772425695397
majorant 141 Ma=53.95008135565943 McenA=2.1281326519323553e-18 McenR=1.5678655031470195e-19 Md=128.4986618042825 Mf=24183.51382495358 Mg=31.794458551289754 Mi=5460.881531768842 Mmean=0.0 Mp=26.671538910637494 Mphi=3526.8644928078497 Mput=0.0 Mq=226.83221846558135 Mrp=74.68027172044756 Mrx=9888.963650760372 Mx=3531.7726717062924
majorant 142 Ma=53.95045032561754 McenA=2.1281326519323553e-18 McenR=1.5678655031470195e-19 Md=128.498893198749 Mf=24183.514113105604 Mg=31.795031145587018 Mi=5460.903285773999 Mmean=0.0 Mp=26.67164116720343 Mphi=3526.864676601966 Mput=0.0 Mq=226.83222859489624 Mrp=74.68053656924148 Mrx=9888.964116701352 Mx=3531.772842488048
majorant 143 Ma=53.950888098672635 McenA=2.1281326519323553e-18 McenR=1.5678655031470195e-19 Md=128.4991557612815 Mf=24183.514156869267 Mg=31.79566246984786 Mi=5460.927596421078 Mmean=0.0 Mp=26.671758121735042 Mphi=3526.8648407174223 Mput=0.0 Mq=226.8322409627225 Mrp=74.68087043976378 Mrx=9888.964592857496 Mx=3531.7730008673443
majorant 144 Ma=53.9513668036197 McenA=2.1281326519323553e-18 McenR=1.5678655031470195e-19 Md=128.4992354614721 Mf=24183.513915011263 Mg=31.79639002434691 Mi=5460.958236958709 Mmean=0.0 Mp=26.671856625218442 Mphi=3526.865037548302 Mput=0.0 Mq=226.83225802903382 Mrp=74.68115743231192 Mrx=9888.96519836703 Mx=3531.773191741109
majorant 145 Ma=53.951890243196324 McenA=2.1281326519323553e-18 McenR=1.5678655031470195e-19 Md=128.4992829436228 Mf=24183.513485296495 Mg=31.797201436228356 Mi=5460.996142159633 Mmean=0.0 Mp=26.671903193120343 Mphi=3526.86529673114 Mput=0.0 Mq=226.83227927850396 Mrp=74.68132435140089 Mrx=9888.965997140302 Mx=3531.7734537175497
majorant 146 Ma=53.952394143216175 McenA=2.1281326519323553e-18 McenR=1.5678655031470195e-19 Md=128.49917997899587 Mf=24183.513026686385 Mg=31.798058161468372 Mi=5461.039150821583 Mmean=0.0 Mp=26.671883588684988 Mphi=3526.8656219409445 Mput=0.0 Mq=226.8323030048454 Mrp=74.68129576180209 Mrx=9888.966953746234 Mx=3531.773781112782
majorant 147 Ma=53.95286247108211 McenA=2.1281326519323553e-18 McenR=1.5678655031470195e-19 Md=128.49906082328835 Mf=24183.512718170616 Mg=31.798888080768045 Mi=5461.08267012764 Mmean=0.0 Mp=26.671818416847994 Mphi=3526.865982607568 Mput=0.0 Mq=226.8323255903212 Mrp=74.68113058809432 Mrx=9888.967967537337 Mx=3531.7741484285107
majorant 148 Ma=53.95326073898673 McenA=2.1281326519323553e-18 McenR=1.5678655031470195e-19 Md=128.49892836932742 Mf=24183.512657424377 Mg=31.799638370733163 Mi=5461.121709441405 Mmean=0.0 Mp=26.671752434871653 Mphi=3526.8663331425964 Mput=0.0 Mq=226.83234447169798 Mrp=74.68093130942376 Mrx=9888.96889897079 Mx=3531.774500880864
majorant 149 Ma=53.95362025673805 McenA=2.1281326519323553e-18 McenR=1.5678655031470195e-19 Md=128.49892657971176 Mf=24183.512842830893 Mg=31.800288685272232 Mi=5461.153417094428 Mmean=0.0 Mp=26.671724880000575 Mphi=3526.866629465305 Mput=0.0 Mq=226.83235827565827 Mrp=74.68083279713207 Mrx=9888.969652339163 Mx=3531.774797795545
majorant 150 Ma=53.953956216398204 McenA=2.1281326519323553e-18 McenR=1.5678655031470195e-19 Md=128.49902154893834 Mf=24183.513156350982 Mg=31.800871342549886 Mi=5461.178293888177 Mmean=0.0 Mp=26.67175132656336 Mphi=3526.866855009333 Mput=0.0 Mq=226.8323683732876 Mrp=74.68087723212868 Mrx=9888.97020675216 Mx=3531.775016814351
majorant 151 Ma=53.95431829488456 McenA=2.1281326519323553e-18 McenR=1.5678655031470195e-19 Md=128.49920540894033 Mf=24183.51343835094 Mg=31.801438435376774 Mi=5461.199564963124 Mmean=0.0 Mp=26.671825548288624 Mphi=3526.8670222710875 Mput=0.0 Mq=226.83237716856468 Mrp=74.68106846779696 Mrx=9888.970633458133 Mx=3531.7751771142844
majorant 152 Ma=53.95471944526679 McenA=2.1281326519323553e-18 McenR=1.5678655031470195e-19 Md=128.49937221470205 Mf=24183.513546590926 Mg=31.802047556925842 Mi=5461.22155384077 Mmean=0.0 Mp=26.67192642668814 Mphi=3526.867168831064 Mput=0.0 Mq=226.8323877611373 Mrp=74.6813419702579 Mrx=9888.971045804677 Mx=3531.775315228678
majorant 153 Ma=53.95517712370865 McenA=2.1281326519323553e-18 McenR=1.5678655031470195e-19 Md=128.4995145851065 Mf=24183.51343276082 Mg=31.802729925133004 Mi=5461.247946925031 Mmean=0.0 Mp=26.672021930645624 Mphi=3526.867336082073 Mput=0.0 Mq=226.83240193130592 Mrp=74.68162253413551 Mrx=9888.971558083676 Mx=3531.7754788259595
majorant 154 Ma=53.95566256323071 McenA=2.1281326519323553e-18 McenR=1.5678655031470195e-19 Md=128.49953476640974 Mf=24183.513141861393 Mg=31.803489303043932 Mi=5461.280372333412 Mmean=0.0 Mp=26.672079191754957 Mphi=3526.8675554013603 Mput=0.0 Mq=226.8324201660023 Mrp=74.68180544624575 Mrx=9888.97223057693 Mx=3531.7756966055763
majorant 155 Ma=53.95615309044704 McenA=2.1281326519323553e-18 McenR=1.5678655031470195e-19 Md=128.49949902472468 Mf=24183.51279711866 Mg=31.804293501190795 Mi=5461.317734702158 Mmean=0.0 Mp=26.67208283875294 Mphi=3526.8678329468835 Mput=0.0 Mq=226.8324409163873 Mrp=74.68184334933696 Mrx=9888.973056552715 Mx=3531.775977203835
majorant 156 Ma=53.95661096582187 McenA=2.1281326519323553e-18 McenR=1.5678655031470195e-19 Md=128.49938023330742 Mf=24183.51253350696 Mg=31.805095138315117 Mi=5461.356728602168 Mmean=0.0 Mp=26.672045616359302 Mphi=3526.8681505396685 Mput=0.0 Mq=226.83246180492105 Mrp=74.68175088195063 Mrx=9888.973959383624 Mx=3531.7762981581186
majorant 157 Ma=53.95702935764322 McenA=2.1281326519323553e-18 McenR=1.5678655031470195e-19 Md=128.4993195885668 Mf=24183.512451148115 Mg=31.80584532894804 Mi=5461.3933709072935 Mmean=0.0 Mp=26.671999319725803 Mphi=3526.868471518982 Mput=0.0 Mq=226.83248016771566 Mrp=74.68161900471591 Mrx=9888.974832400309 Mx=3531.77662318521
majorant 158 Ma=53.95740389345455 McenA=2.1281326519323553e-18 McenR=1.5678655031470195e-19 Md=128.49931604806198 Mf=24183.512566331316 Mg=31.806520727891236 Mi=5461.42479485989 Mmean=0.0 Mp=26.671975525483184 Mphi=3526.868759101609 Mput=0.0 Mq=226.8324946682168 Mrp=74.68153430794264 Mrx=9888.97557941622 Mx=3531.776911057317
majorant 159 Ma=53.95775865820926 McenA=2.1281326519323553e-18 McenR=1.5678655031470195e-19 Md=128.49942682277074 Mf=24183.512815729395 Mg=31.807128522028993 Mi=5461.450467166343 Mmean=0.0 Mp=26.67199279989079 Mphi=3526.8689904861108 Mput=0.0 Mq=226.8325054842452 Mrp=74.68156188795774 Mrx=9888.976162723397 Mx=3531.7771399324215
majorant 160 Ma=53.958116180245526 McenA=2.1281326519323553e-18 McenR=1.5678655031470195e-19 Md=128.4996005621311 Mf=24183.51307962035 Mg=31.807707546399854 Mi=5461.4723166738295 Mmean=0.0 Mp=26.672053770415605 Mphi=3526.869168166371 Mput=0.0 Mq=226.83251451717052 Mrp=74.68171180233286 Mrx=9888.97661346181 Mx=3531.777311353916
majorant 161 Ma=53.95850868080494 McenA=2.1281326519323553e-18 McenR=1.5678655031470195e-19 Md=128.49982311741334 Mf=24183.51324160604 Mg=31.808305591862077 Mi=5461.493755019612 Mmean=0.0 Mp=26.672145392956487 Mphi=3526.8693163668627 Mput=0.0 Mq=226.83252414540604 Mrp=74.68195948315994 Mrx=9888.977019009384 Mx=3531.7774535351964
majorant 162 Ma=53.95894316037437 McenA=2.1281326519323553e-18 McenR=1.5678655031470195e-19 Md=128.50001952468818 Mf=24183.513231858098 Mg=31.80896072390757 Mi=5461.518082983846 Mmean=0.0 Mp=26.672241941263 Mphi=3526.8694708171497 Mput=0.0 Mq=226.8325364223284 Mrp=74.68223352549764 Mrx=9888.977477287825 Mx=3531.777603067405
majorant 163 Ma=53.95941380165567 McenA=2.1281326519323553e-18 McenR=1.5678655031470195e-19 Md=128.50013959508516 Mf=24183.51305938941 Mg=31.809682100928043 Mi=5461.547103544465 Mmean=0.0 Mp=26.67231444321478 Mphi=3526.8696612012427 Mput=0.0 Mq=226.83255198292926 Mrp=74.68245489752684 Mrx=9888.97805718118 Mx=3531.7777921416496
majorant 164 Ma=53.95989137204368 McenA=2.1281326519323553e-18 McenR=1.5678655031470195e-19 Md=128.50016717738572 Mf=24183.51280045947 Mg=31.810450529112018 Mi=5461.580495198292 Mmean=0.0 Mp=26.672345399663953 Mphi=3526.8698998493487 Mput=0.0 Mq=226.83257008126392 Mrp=74.68256230804018 Mrx=9888.978768106366 Mx=3531.7780317552647
majorant 165 Ma=53.96035264270801 McenA=2.1281326519323553e-18 McenR=1.5678655031470195e-19 Md=128.5001265216523 Mf=24183.512569046383 Mg=31.811226223075952 Mi=5461.616065780419 Mmean=0.0 Mp=26.672338354639543 Mphi=3526.8701762952414 Mput=0.0 Mq=226.83258878305818 Mrp=74.68255801142121 Mrx=9888.979562171957 Mx=3531.7783114324716
majorant 166 Ma=53.960778006811864 McenA=2.1281326519323553e-18 McenR=1.5678655031470195e-19 Md=128.50008586185982 Mf=24183.51246258194 Mg=31.811969012207026 Mi=5461.650710989575 Mmean=0.0 Mp=26.672314657457573 Mphi=3526.8704640862616 Mput=0.0 Mq=226.8326060313174 Mrp=74.68249282576589 Mrx=9888.980355012225 Mx=3531.7786020462363
majorant 167 Ma=53.961169112584905 McenA=2.1281326519323553e-18 McenR=1.5678655031470195e-19 Md=128.50009370308513 Mf=24183.51252236218 Mg=31.81265406045462 Mi=5461.681760133763 Mmean=0.0 Mp=26.672300128997573 Mphi=3526.8707323306753 Mput=0.0 Mq=226.83262040462293 Mrp=74.68244296959459 Mrx=9888.981066499604 Mx=3531.778871710071
majorant 168 Ma=53.96153535383588 McenA=2.1281326519323553e-18 McenR=1.5678655031470195e-19 Md=128.5001528933012 Mf=24183.51271332139 Mg=31.813282563964275 Mi=5461.708118879313 Mmean=0.0 Mp=26.67231411609482 Mphi=3526.870960319985 Mput=0.0 Mq=226.83263182591747 Mrp=74.68246471605235 Mrx=9888.981653636212 Mx=3531.77909779624
majorant 169 Ma=53.9619017360703 McenA=2.1281326519323553e-18 McenR=1.5678655031470195e-19 Md=128.50030083560065 Mf=24183.51294677601 Mg=31.813879870291746 Mi=5461.7307366859795 Mmean=0.0 Mp=26.672363690878452 Mphi=3526.8711447836536 Mput=0.0 Mq=226.8326414154115 Mrp=74.68258704996492 Mrx=9888.982128894031 Mx=3531.7792780338077
majorant 170 Ma=53.96228851140997 McenA=2.1281326519323553e-18 McenR=1.5678655031470195e-19 Md=128.50048273249433 Mf=24183.51311949487 Mg=31.814483246387578 Mi=5461.752114558298 Mmean=0.0 Mp=26.67244151617857 Mphi=3526.8713011833006 Mput=0.0 Mq=226.83265103515902 Mrp=74.68279432067133 Mrx=9888.982550313332 Mx=3531.779428886641
majorant 171 Ma=53.96270974257687 McenA=2.1281326519323553e-18 McenR=1.5678655031470195e-19 Md=128.5006739069687 Mf=24183.513162324623 Mg=31.815124685022013 Mi=5461.775108824759 Mmean=0.0 Mp=26.67252782044863 Mphi=3526.871455358907 Mput=0.0 Mq=226.83266237576845 Mrp=74.68303800768189 Mrx=9888.98299530521 Mx=3531.7795787234645
majorant 172 Ma=53.96315919087357 McenA=2.1281326519323553e-18 McenR=1.5678655031470195e-19 Md=128.5007848122081 Mf=24183.513064969735 Mg=31.815818462717417 Mi=5461.801659284217 Mmean=0.0 Mp=26.672598629197946 Mphi=3526.8716329534504 Mput=0.0 Mq=226.83267634161405 Mrp=74.68324845915858 Mrx=9888.983526054337 Mx=3531.7797539634375
majorant 173 Ma=53.96362203120593 McenA=2.1281326519323553e-18 McenR=1.5678655031470195e-19 Md=128.50082426294077 Mf=24183.512878998812 Mg=31.81655636935104 Mi=5461.8320332916 Mmean=0.0 Mp=26.67263739698834 Mphi=3526.8718479917643 Mput=0.0 Mq=226.83269263607085 Mrp=74.68337482270918 Mrx=9888.984165397556 Mx=3531.779969299421
majorant 174 Ma=53.964076180025586 McenA=2.1281326519323553e-18 McenR=1.5678655031470195e-19 Md=128.50079584569173 Mf=24183.51269056108 Mg=31.817311892328423 Mi=5461.864819932233 Mmean=0.0 Mp=26.6726427593135 Mphi=3526.872097942301 Mput=0.0 Mq=226.83270998076193 Mrp=74.68340377861887 Mrx=9888.984887752871 Mx=3531.780221081758
majorant 175 Ma=53.964506755391675 McenA=2.1281326519323553e-18 McenR=1.5678655031470195e-19 Md=128.50075817436374 Mf=24183.512583906886 Mg=31.818051027472844 Mi=5461.897675330924 Mmean=0.0 Mp=26.672627974817317 Mphi=3526.8723646649423 Mput=0.0 Mq=226.83272663372563 Mrp=74.68336797644383 Mrx=9888.98563203964 Mx=3531.780490224854
majorant 176 Ma=53.96490632229962 McenA=2.1281326519323553e-18 McenR=1.5678655031470195e-19 Md=128.50074661208558 Mf=24183.51260361416 Mg=31.81874763821305 Mi=5461.928467182854 Mmean=0.0 Mp=26.67261379790556 Mphi=3526.87262328281 Mput=0.0 Mq=226.8327412366347 Mrp=74.68332278320908 Mrx=9888.986328658335 Mx=3531.780750007775
majorant 177 Ma=53.965283160346104 McenA=2.1281326519323553e-18 McenR=1.5678655031470195e-19 Md=128.5007847176219 Mf=24183.51273871665 Mg=31.819395750222196 Mi=5461.955567537948 Mmean=0.0 Mp=26.672619212462305 Mphi=3526.872853154668 Mput=0.0 Mq=226.8327533782322 Mrp=74.68332528317669 Mrx=9888.986931849287 Mx=3531.780978997196
majorant 178 Ma=53.9656538254712 McenA=2.1281326519323553e-18 McenR=1.5678655031470195e-19 Md=128.50089265790885 Mf=24183.512928759243 Mg=31.820011848077964 Mi=5461.9793722572085 Mmean=0.0 Mp=26.672653655300632 Mphi=3526.873047473042 Mput=0.0 Mq=226.83276376638787 Mrp=74.6834069234887 Mrx=9888.987438900136 Mx=3531.781170036467
majorant 179 Ma=53.96603855436197 McenA=2.1281326519323553e-18 McenR=1.5678655031470195e-19 Md=128.5010461833349 Mf=24183.513093533093 Mg=31.820625133996884 Mi=5462.001675992393 Mmean=0.0 Mp=26.67271346460411 Mphi=3526.873215100813 Mput=0.0 Mq=226.83277378733564 Mrp=74.68356482760908 Mrx=9888.987889077647 Mx=3531.7813332425076
majorant 180 Ma=53.96644800367226 McenA=2.1281326519323553e-18 McenR=1.5678655031470195e-19 Md=128.50120777435174 Mf=24183.51316731387 Mg=31.821263339928695 Mi=5462.024750766582 Mmean=0.0 Mp=26.672784135193268 Mphi=3526.873375744846 Mput=0.0 Mq=226.83278488802847 Mrp=74.6837615748824 Mrx=9888.988342627128 Mx=3531.781489629099
majorant 181 Ma=53.96688263154931 McenA=2.1281326519323553e-18 McenR=1.5678655031470195e-19 Md=128.50131615057225 Mf=24183.51312698701 Mg=31.821941806784896 Mi=5462.050336859864 Mmean=0.0 Mp=26.672847217178955 Mphi=3526.8735504203796 Mput=0.0 Mq=226.8327979554628 Mrp=74.68394611240832 Mrx=9888.988854147352 Mx=3531.781661647026
majorant 182 Ma=53.96733157577556 McenA=2.1281326519323553e-18 McenR=1.5678655031470195e-19 Md=128.50135994998718 Mf=24183.51299861738 Mg=31.82265915882105 Mi=5462.079009746139 Mmean=0.0 Mp=26.672888272041977 Mphi=3526.873753071161 Mput=0.0 Mq=226.8328130272064 Mrp=74.68407376094554 Mrx=9888.989450541996 Mx=3531.7818635346425
majorant 183 Ma=53.967780069986794 McenA=2.1281326519323553e-18 McenR=1.5678655031470195e-19 Md=128.5013597849695 Mf=24183.512844736997 Mg=31.823398179686293 Mi=5462.110037669023 Mmean=0.0 Mp=26.672902504381476 Mphi=3526.873985140496 Mput=0.0 Mq=226.8328292755178 Mrp=74.6841262641902 Mrx=9888.99012196651 Mx=3531.7820965600827
majorant 184 Ma=53.968212449658886 McenA=2.1281326519323553e-18 McenR=1.5678655031470195e-19 Md=128.50133028904776 Mf=24183.512735401117 Mg=31.82413226761766 Mi=5462.141682202642 Mmean=0.0 Mp=26.672896431000368 Mphi=3526.8742355340205 Mput=0.0 Mq=226.8328453829621 Mrp=74.68411613030429 Mrx=9888.990826423653 Mx=3531.782348547237
majorant 185 Ma=53.968620601558065 McenA=2.1281326519323553e-18 McenR=1.5678655031470195e-19 Md=128.50131298350018 Mf=24183.51271862466 Mg=31.824836901404232 Mi=5462.171910152255 Mmean=0.0 Mp=26.672885105814288 Mphi=3526.8744852516497 Mput=0.0 Mq=226.83286010877396 Mrp=74.68408301001942 Mrx=9888.991508344267 Mx=3531.78259940165
majorant 186 Ma=53.96900660594115 McenA=2.1281326519323553e-18 McenR=1.5678655031470195e-19 Md=128.50131812605616 Mf=24183.512800123135 Mg=31.82550172227656 Mi=5462.19932660192 Mmean=0.0 Mp=26.672885464909644 Mphi=3526.8747160857015 Mput=0.0 Mq=226.83287287720475 Mrp=74.68407480118942 Mrx=9888.992123363934 Mx=3531.782829762692
majorant 187 Ma=53.96938372357457 McenA=2.1281326519323553e-18 McenR=1.5678655031470195e-19 Md=128.50137755026898 Mf=24183.51294325904 Mg=31.826135291265782 Mi=5462.223843688722 Mmean=0.0 Mp=26.67290847182717 Mphi=3526.874918784252 Mput=0.0 Mq=226.83288400200962 Mrp=74.68412709875815 Mrx=9888.992658598463 Mx=3531.7830301438053
majorant 188 Ma=53.96976791068164 McenA=2.1281326519323553e-18 McenR=1.5678655031470195e-19 Md=128.501484717259 Mf=24183.513086343464 Mg=31.826759606365332 Mi=5462.246649561911 Mmean=0.0 Mp=26.672954248663274 Mphi=3526.875097041106 Mput=0.0 Mq=226.83289450079863 Mrp=74.68424564642966 Mrx=9888.99313684994 Mx=3531.7832047134593
majorant 189 Ma=53.97017107175117 McenA=2.1281326519323553e-18 McenR=1.5678655031470195e-19 Md=128.50161028093487 Mf=24183.513170831484 Mg=31.827398667108618 Mi=5462.26954142865 Mmean=0.0 Mp=26.673012786966872 Mphi=3526.875264869905 Mput=0.0 Mq=226.83290557986612 Mrp=74.68440674220537 Mrx=9888.99360419145 Mx=3531.7833687349466
majorant 190 Ma=53.97059526745371 McenA=2.1281326519323553e-18 McenR=1.5678655031470195e-19 Md=128.50170886246588 Mf=24183.51316593153 Mg=31.828068372943214 Mi=5462.2940956091525 Mmean=0.0 Mp=26.67306919841552 Mphi=3526.8754398161695 Mput=0.0 Mq=226.83291812175537 Mrp=74.68456918121174 Mrx=9888.994108059625 Mx=3531.7835408137894
majorant 191 Ma=53.97103425904751 McenA=2.1281326519323553e-18 McenR=1.5678655031470195e-19 Md=128.50175287408265 Mf=24183.513080913883 Mg=31.8287711412437 Mi=5462.3210730615565 Mmean=0.0 Mp=26.673110299516857 Mphi=3526.875635192457 Mput=0.0 Mq=226.83293233549054 Mrp=74.68469401325527 Mrx=9888.994677402863 Mx=3531.783734931532
majorant 192 Ma=53.97147573885844 McenA=2.1281326519323553e-18 McenR=1.5678655031470195e-19 Md=128.50175829634728 Mf=24183.512959123436 Mg=31.829495672663935 Mi=5462.350176244514 Mmean=0.0 Mp=26.67312983208022 Mphi=3526.875854941897 Mput=0.0 Mq=226.83294771544251 Mrp=74.68475930558238 Mrx=9888.99531178433 Mx=3531.783954878329
majorant 193 Ma=53.9719071116457 McenA=2.1281326519323553e-18 McenR=1.5678655031470195e-19 Md=128.50172957628996 Mf=24183.51285815289 Mg=31.830221659780502 Mi=5462.380178573632 Mmean=0.0 Mp=26.673130829576394 Mphi=3526.87609238467 Mput=0.0 Mq=226.8329632713206 Mrp=74.68476921578406 Mrx=9888.995983095721 Mx=3531.7841933669847
majorant 194 Ma=53.97232002538799 McenA=2.1281326519323553e-18 McenR=1.5678655031470195e-19 Md=128.50170724251916 Mf=24183.512823993307 Mg=31.83092879015016 Mi=5462.409447702886 Mmean=0.0 Mp=26.673124201702997 Mphi=3526.8763335309777 Mput=0.0 Mq=226.8329779797581 Mrp=74.68475113747243 Mrx=9888.996648411267 Mx=3531.784435386854
majorant 195 Ma=53.97271491377758 McenA=2.1281326519323553e-18 McenR=1.5678655031470195e-19 Md=128.5017026783993 Mf=24183.512871776406 Mg=31.83160608274506 Mi=5462.436700949818 Mmean=0.0 Mp=26.673123672871686 Mphi=3526.876563356323 Mput=0.0 Mq=226.83299122944007 Mrp=74.68474376514726 Mrx=9888.997269267204 Mx=3531.784665048861
majorant 196 Ma=53.973099898502774 McenA=2.1281326519323553e-18 McenR=1.5678655031470195e-19 Md=128.50173596694995 Mf=24183.512980519456 Mg=31.832256392738866 Mi=5462.461592748501 Mmean=0.0 Mp=26.67313939387791 Mphi=3526.8767725044013 Mput=0.0 Mq=226.83300307486206 Mrp=74.68477845228604 Mrx=9888.997828274176 Mx=3531.7848725142767
majorant 197 Ma=53.973487056590066 McenA=2.1281326519323553e-18 McenR=1.5678655031470195e-19 Md=128.5018160975707 Mf=24183.51310429079 Mg=31.83289391616615 Mi=5462.484801575265 Mmean=0.0 Mp=26.673173718165536 Mphi=3526.8769609967444 Mput=0.0 Mq=226.8330141662162 Mrp=74.68486618451962 Mrx=9888.998335658303 Mx=3531.785058097706
majorant 198 Ma=53.97388645220851 McenA=2.1281326519323553e-18 McenR=1.5678655031470195e-19 Md=128.5019123788261 Mf=24183.513193144117 Mg=31.83353729466216 Mi=5462.507640389448 Mmean=0.0 Mp=26.673220993639948 Mphi=3526.87713767996 Mput=0.0 Mq=226.83302544326494 Mrp=74.68499443258798 Mrx=9888.998823150298 Mx=3531.7852314342113
majorant 199 Ma=53.974302840660926 McenA=2.1281326519323553e-18 McenR=1.5678655031470195e-19 Md=128.50200148501358 Mf=24183.513214824983 Mg=31.834201985604434 Mi=5462.531468291366 Mmean=0.0 Mp=26.67327054082205 Mphi=3526.8773159544357 Mput=0.0 Mq=226.8330377258587 Mrp=74.68513485641449 Mrx=9888.999329462746 Mx=3531.7854069064283
recordbound 0 Dabs=0.0 Lcen=0.0 Lzeta=0.0 P=12437.351207401107 Zdot=0.0
recordbound 10 Dabs=24058.756107236142 Lcen=0.00017757993258871594 Lzeta=0.00017757993258871594 P=9407.763585028586 Zdot=1051973.7858755512
recordbound 20 Dabs=21548.347321285262 Lcen=0.00018324709370522754 Lzeta=0.00018324709370522754 P=9301.822005417187 Zdot=1047867.069798167
recordbound 30 Dabs=20970.77465862481 Lcen=0.0001850514286647665 Lzeta=0.0001850514286647665 P=9270.217508271478 Zdot=1050431.7966552088
recordbound 40 Dabs=20769.784751130184 Lcen=0.0001858841958171935 Lzeta=0.0001858841958171935 P=9261.187180424195 Zdot=1051385.2971151532
recordbound 50 Dabs=20646.50600391414 Lcen=0.0001867067559321962 Lzeta=0.0001867067559321962 P=9257.3209272049 Zdot=1051970.6935610739
recordbound 60 Dabs=20586.534611349573 Lcen=0.00018721206470674492 Lzeta=0.00018721206470674492 P=9255.483796898967 Zdot=1052286.8549126089
recordbound 70 Dabs=20555.17976586029 Lcen=0.00018757244468911886 Lzeta=0.00018757244468911886 P=9254.061142715967 Zdot=1052404.7822862584
recordbound 80 Dabs=20545.07867486298 Lcen=0.00018793971819679815 Lzeta=0.00018793971819679815 P=9253.081914909446 Zdot=1052645.3196729403
recordbound 90 Dabs=20547.227437887632 Lcen=0.00018811755246348334 Lzeta=0.00018811755246348334 P=9252.434643840683 Zdot=1052801.3542970303
recordbound 100 Dabs=20537.973985081655 Lcen=0.0001882438718471478 Lzeta=0.0001882438718471478 P=9252.067814675616 Zdot=1052812.1490592577
recordbound 110 Dabs=20528.985272498947 Lcen=0.00018833362953508804 Lzeta=0.00018833362953508804 P=9251.896410271955 Zdot=1052824.7128616106
recordbound 120 Dabs=20520.948150166856 Lcen=0.0001883881945514698 Lzeta=0.0001883881945514698 P=9251.836306923708 Zdot=1052833.3890231687
recordbound 130 Dabs=20515.778005974495 Lcen=0.00018841893585112873 Lzeta=0.00018841893585112873 P=9251.744469116202 Zdot=1052832.8186199428
recordbound 140 Dabs=20516.011457559587 Lcen=0.00018842934540724037 Lzeta=0.00018842934540724037 P=9251.640060294523 Zdot=1052835.4458377543
recordbound 150 Dabs=20516.442758924146 Lcen=0.00018843715312721464 Lzeta=0.00018843715312721464 P=9251.55547337888 Zdot=1052839.9677219042
recordbound 160 Dabs=20515.60006447706 Lcen=0.00018844384606256693 Lzeta=0.00018844384606256693 P=9251.466339935087 Zdot=1052843.5314995488
recordbound 170 Dabs=20514.046478609984 Lcen=0.0001884484655790066 Lzeta=0.0001884484655790066 P=9251.40029134949 Zdot=1052848.824036524
recordbound 180 Dabs=20512.48900274884 Lcen=0.00018845117657327829 Lzeta=0.00018845117657327829 P=9251.392407238689 Zdot=1052853.022342485
recordbound 190 Dabs=20511.50083859647 Lcen=0.00018845301224664686 Lzeta=0.00018845301224664686 P=9251.377363208865 Zdot=1052855.3944657976
recordbound 200 Dabs=20511.405593714593 Lcen=0.00018845437468993572 Lzeta=0.00018845437468993572 P=9251.35439637749 Zdot=1052856.4361702618
stop 200 converged
tolerance canvas 1.2123488868194153e-06
tolerance record 0 7.814526529964618e-09 3.8482337087441876e-08 7.1942551109133e-08
tolerance record 10 4.51438117186045e-06 3.691897394883447e-08 0.00012566647369299482
tolerance record 20 9.262679945475277e-06 3.6864304739339685e-08 0.00025791556273275693
tolerance record 30 1.402075649783501e-05 3.684799581812316e-08 0.0003904359478180822
tolerance record 40 1.878218181136679e-05 3.684333588302779e-08 0.0005230492889556695
tolerance record 50 2.3545434517619367e-05 3.6841340773949933e-08 0.0006557134490518901
tolerance record 60 2.830971925792331e-05 3.6840392756543237e-08 0.0007884063255349975
tolerance record 70 3.3074573576733095e-05 3.683965862193948e-08 0.0009211150598951653
tolerance record 80 3.783984680320972e-05 3.683915330938615e-08 0.0010538354528268365
tolerance record 90 4.260543697927965e-05 3.68388192970202e-08 0.0011865646717961395
tolerance record 100 4.737122748512784e-05 3.683863000155616e-08 0.0013192994668803366
tolerance record 110 5.213715604948322e-05 3.683854155145671e-08 0.0014520381048774796
tolerance record 120 5.6903192767323365e-05 3.683851053622598e-08 0.0015847797543555025
tolerance record 130 6.16693120258057e-05 3.6838463145009454e-08 0.0017175237038048626
tolerance record 140 6.643549558069421e-05 3.6838409266751576e-08 0.0018502694449041503
tolerance record 150 7.120173318105273e-05 3.6838365617224845e-08 0.0019830166910387733
tolerance record 160 7.59680184387008e-05 3.6838319621545624e-08 0.0021157652645739664
tolerance record 170 8.073434800395961e-05 3.683828553838417e-08 0.0022485150718966574
tolerance record 180 8.55007197975998e-05 3.6838281469933365e-08 0.002381266054621611
tolerance record 190 9.026713282974484e-05 3.6838273706737636e-08 0.0025140181860394523
tolerance record 200 9.50335860860115e-05 3.683826185512545e-08 0.0026467714378910785
